solid OpenSCAD_Model
  facet normal 1 -0 0
    outer loop
      vertex -9.125 -0.95 17.9
      vertex -9.125 0.95 10
      vertex -9.125 0.95 17.9
    endloop
  endfacet
  facet normal 1 0 0
    outer loop
      vertex -9.125 0.95 10
      vertex -9.125 -0.95 17.9
      vertex -9.125 -0.95 10
    endloop
  endfacet
  facet normal -0 0 1
    outer loop
      vertex -13.875 0.95 17.9
      vertex -12.45 -0.95 17.9
      vertex -12.45 0.95 17.9
    endloop
  endfacet
  facet normal 0 0 1
    outer loop
      vertex -12.45 -0.95 17.9
      vertex -13.875 0.95 17.9
      vertex -13.875 -0.95 17.9
    endloop
  endfacet
  facet normal 0 0 1
    outer loop
      vertex -12.45 0.95 17.9
      vertex -10.55 0.95 17.9
      vertex -10.55 2.375 17.9
    endloop
  endfacet
  facet normal 0 0 1
    outer loop
      vertex -10.55 0.95 17.9
      vertex -12.45 0.95 17.9
      vertex -10.55 -0.95 17.9
    endloop
  endfacet
  facet normal 0 0 1
    outer loop
      vertex -12.45 0.95 17.9
      vertex -10.55 2.375 17.9
      vertex -12.45 2.375 17.9
    endloop
  endfacet
  facet normal 0 0 1
    outer loop
      vertex -12.45 -0.95 17.9
      vertex -10.55 -0.95 17.9
      vertex -12.45 0.95 17.9
    endloop
  endfacet
  facet normal 0 0 1
    outer loop
      vertex -10.55 -0.95 17.9
      vertex -12.45 -0.95 17.9
      vertex -10.55 -2.375 17.9
    endloop
  endfacet
  facet normal 0 0 1
    outer loop
      vertex -10.55 -2.375 17.9
      vertex -12.45 -0.95 17.9
      vertex -12.45 -2.375 17.9
    endloop
  endfacet
  facet normal -0 0 1
    outer loop
      vertex -10.55 0.95 17.9
      vertex -9.125 -0.95 17.9
      vertex -9.125 0.95 17.9
    endloop
  endfacet
  facet normal 0 0 1
    outer loop
      vertex -9.125 -0.95 17.9
      vertex -10.55 0.95 17.9
      vertex -10.55 -0.95 17.9
    endloop
  endfacet
  facet normal -1 0 0
    outer loop
      vertex -13.875 -0.95 10
      vertex -13.875 0.95 17.9
      vertex -13.875 0.95 10
    endloop
  endfacet
  facet normal -1 -0 0
    outer loop
      vertex -13.875 0.95 17.9
      vertex -13.875 -0.95 10
      vertex -13.875 -0.95 17.9
    endloop
  endfacet
  facet normal 0 1 -0
    outer loop
      vertex -12.45 0.95 10
      vertex -13.875 0.95 17.9
      vertex -12.45 0.95 17.9
    endloop
  endfacet
  facet normal 0 1 0
    outer loop
      vertex -13.875 0.95 17.9
      vertex -12.45 0.95 10
      vertex -13.875 0.95 10
    endloop
  endfacet
  facet normal 0 1 -0
    outer loop
      vertex -9.125 0.95 10
      vertex -10.55 0.95 17.9
      vertex -9.125 0.95 17.9
    endloop
  endfacet
  facet normal 0 1 0
    outer loop
      vertex -10.55 0.95 17.9
      vertex -9.125 0.95 10
      vertex -10.55 0.95 10
    endloop
  endfacet
  facet normal 0 -1 0
    outer loop
      vertex -13.875 -0.95 10
      vertex -12.45 -0.95 17.9
      vertex -13.875 -0.95 17.9
    endloop
  endfacet
  facet normal 0 -1 -0
    outer loop
      vertex -12.45 -0.95 17.9
      vertex -13.875 -0.95 10
      vertex -12.45 -0.95 10
    endloop
  endfacet
  facet normal 0 -1 0
    outer loop
      vertex -10.55 -0.95 10
      vertex -9.125 -0.95 17.9
      vertex -10.55 -0.95 17.9
    endloop
  endfacet
  facet normal 0 -1 -0
    outer loop
      vertex -9.125 -0.95 17.9
      vertex -10.55 -0.95 10
      vertex -9.125 -0.95 10
    endloop
  endfacet
  facet normal 1 -0 0
    outer loop
      vertex -10.55 0.95 17.9
      vertex -10.55 2.375 10
      vertex -10.55 2.375 17.9
    endloop
  endfacet
  facet normal 1 0 0
    outer loop
      vertex -10.55 2.375 10
      vertex -10.55 0.95 17.9
      vertex -10.55 0.95 10
    endloop
  endfacet
  facet normal 1 -0 0
    outer loop
      vertex -10.55 -2.375 17.9
      vertex -10.55 -0.95 10
      vertex -10.55 -0.95 17.9
    endloop
  endfacet
  facet normal 1 0 0
    outer loop
      vertex -10.55 -0.95 10
      vertex -10.55 -2.375 17.9
      vertex -10.55 -2.375 10
    endloop
  endfacet
  facet normal -1 0 0
    outer loop
      vertex -12.45 0.95 10
      vertex -12.45 2.375 17.9
      vertex -12.45 2.375 10
    endloop
  endfacet
  facet normal -1 -0 0
    outer loop
      vertex -12.45 2.375 17.9
      vertex -12.45 0.95 10
      vertex -12.45 0.95 17.9
    endloop
  endfacet
  facet normal -1 0 0
    outer loop
      vertex -12.45 -2.375 10
      vertex -12.45 -0.95 17.9
      vertex -12.45 -0.95 10
    endloop
  endfacet
  facet normal -1 -0 0
    outer loop
      vertex -12.45 -0.95 17.9
      vertex -12.45 -2.375 10
      vertex -12.45 -2.375 17.9
    endloop
  endfacet
  facet normal 0 1 -0
    outer loop
      vertex -10.55 2.375 10
      vertex -12.45 2.375 17.9
      vertex -10.55 2.375 17.9
    endloop
  endfacet
  facet normal 0 1 0
    outer loop
      vertex -12.45 2.375 17.9
      vertex -10.55 2.375 10
      vertex -12.45 2.375 10
    endloop
  endfacet
  facet normal 0 -1 0
    outer loop
      vertex -12.45 -2.375 10
      vertex -10.55 -2.375 17.9
      vertex -12.45 -2.375 17.9
    endloop
  endfacet
  facet normal 0 -1 -0
    outer loop
      vertex -10.55 -2.375 17.9
      vertex -12.45 -2.375 10
      vertex -10.55 -2.375 10
    endloop
  endfacet
  facet normal 0.146746 0.989174 -0
    outer loop
      vertex -10.3295 5.88471 0
      vertex -10.9119 5.97111 10
      vertex -10.3295 5.88471 10
    endloop
  endfacet
  facet normal 0.146746 0.989174 0
    outer loop
      vertex -10.9119 5.97111 10
      vertex -10.3295 5.88471 0
      vertex -10.9119 5.97111 0
    endloop
  endfacet
  facet normal 0.989176 0.146736 0
    outer loop
      vertex -5.52889 0.588102 10
      vertex -5.61529 1.17054 0
      vertex -5.61529 1.17054 10
    endloop
  endfacet
  facet normal 0.989176 0.146736 0
    outer loop
      vertex -5.61529 1.17054 0
      vertex -5.52889 0.588102 10
      vertex -5.52889 0.588102 0
    endloop
  endfacet
  facet normal 0.998796 0.049065 0
    outer loop
      vertex -5.5 0 10
      vertex -5.52889 0.588102 0
      vertex -5.52889 0.588102 10
    endloop
  endfacet
  facet normal 0.998796 0.049065 0
    outer loop
      vertex -5.52889 0.588102 0
      vertex -5.5 0 10
      vertex -5.5 0 0
    endloop
  endfacet
  facet normal 0.970032 0.242979 0
    outer loop
      vertex -5.61529 1.17054 10
      vertex -5.75836 1.74171 0
      vertex -5.75836 1.74171 10
    endloop
  endfacet
  facet normal 0.970032 0.242979 0
    outer loop
      vertex -5.75836 1.74171 0
      vertex -5.61529 1.17054 10
      vertex -5.61529 1.17054 0
    endloop
  endfacet
  facet normal 0.336884 -0.941546 0
    outer loop
      vertex -9.75829 -5.74164 0
      vertex -9.2039 -5.54328 10
      vertex -9.75829 -5.74164 10
    endloop
  endfacet
  facet normal 0.336884 -0.941546 0
    outer loop
      vertex -9.2039 -5.54328 10
      vertex -9.75829 -5.74164 0
      vertex -9.2039 -5.54328 0
    endloop
  endfacet
  facet normal 0.903989 -0.427556 0
    outer loop
      vertex -6.20847 -2.82838 10
      vertex -5.95672 -2.2961 0
      vertex -5.95672 -2.2961 10
    endloop
  endfacet
  facet normal 0.903989 -0.427556 0
    outer loop
      vertex -5.95672 -2.2961 0
      vertex -6.20847 -2.82838 10
      vertex -6.20847 -2.82838 0
    endloop
  endfacet
  facet normal 0.671558 0.740952 -0
    outer loop
      vertex -7.25736 4.24264 0
      vertex -7.69364 4.63806 10
      vertex -7.25736 4.24264 10
    endloop
  endfacet
  facet normal 0.671558 0.740952 0
    outer loop
      vertex -7.69364 4.63806 10
      vertex -7.25736 4.24264 0
      vertex -7.69364 4.63806 0
    endloop
  endfacet
  facet normal -0.740884 0.671632 0
    outer loop
      vertex -16.1381 3.80636 0
      vertex -15.7426 4.24264 10
      vertex -15.7426 4.24264 0
    endloop
  endfacet
  facet normal -0.740884 0.671632 0
    outer loop
      vertex -15.7426 4.24264 10
      vertex -16.1381 3.80636 0
      vertex -16.1381 3.80636 10
    endloop
  endfacet
  facet normal -0.146746 -0.989174 0
    outer loop
      vertex -12.6705 -5.88471 0
      vertex -12.0881 -5.97111 10
      vertex -12.6705 -5.88471 10
    endloop
  endfacet
  facet normal -0.146746 -0.989174 -0
    outer loop
      vertex -12.0881 -5.97111 10
      vertex -12.6705 -5.88471 0
      vertex -12.0881 -5.97111 0
    endloop
  endfacet
  facet normal 0.941546 0.336884 0
    outer loop
      vertex -5.75836 1.74171 10
      vertex -5.95672 2.2961 0
      vertex -5.95672 2.2961 10
    endloop
  endfacet
  facet normal 0.941546 0.336884 0
    outer loop
      vertex -5.95672 2.2961 0
      vertex -5.75836 1.74171 10
      vertex -5.75836 1.74171 0
    endloop
  endfacet
  facet normal -0.0490651 0.998796 0
    outer loop
      vertex -11.5 6 0
      vertex -12.0881 5.97111 10
      vertex -11.5 6 10
    endloop
  endfacet
  facet normal -0.0490651 0.998796 0
    outer loop
      vertex -12.0881 5.97111 10
      vertex -11.5 6 0
      vertex -12.0881 5.97111 0
    endloop
  endfacet
  facet normal 0.803204 0.595703 0
    outer loop
      vertex -6.51118 3.33342 10
      vertex -6.86194 3.80636 0
      vertex -6.86194 3.80636 10
    endloop
  endfacet
  facet normal 0.803204 0.595703 0
    outer loop
      vertex -6.86194 3.80636 0
      vertex -6.51118 3.33342 10
      vertex -6.51118 3.33342 0
    endloop
  endfacet
  facet normal 0.0490651 -0.998796 0
    outer loop
      vertex -11.5 -6 0
      vertex -10.9119 -5.97111 10
      vertex -11.5 -6 10
    endloop
  endfacet
  facet normal 0.0490651 -0.998796 0
    outer loop
      vertex -10.9119 -5.97111 10
      vertex -11.5 -6 0
      vertex -10.9119 -5.97111 0
    endloop
  endfacet
  facet normal 0.0490651 0.998796 -0
    outer loop
      vertex -10.9119 5.97111 0
      vertex -11.5 6 10
      vertex -10.9119 5.97111 10
    endloop
  endfacet
  facet normal 0.0490651 0.998796 0
    outer loop
      vertex -11.5 6 10
      vertex -10.9119 5.97111 0
      vertex -11.5 6 0
    endloop
  endfacet
  facet normal 0.857728 -0.514104 0
    outer loop
      vertex -6.51118 -3.33342 10
      vertex -6.20847 -2.82838 0
      vertex -6.20847 -2.82838 10
    endloop
  endfacet
  facet normal 0.857728 -0.514104 0
    outer loop
      vertex -6.20847 -2.82838 0
      vertex -6.51118 -3.33342 10
      vertex -6.51118 -3.33342 0
    endloop
  endfacet
  facet normal -0.595655 -0.803241 0
    outer loop
      vertex -15.3064 -4.63806 0
      vertex -14.8334 -4.98882 10
      vertex -15.3064 -4.63806 10
    endloop
  endfacet
  facet normal -0.595655 -0.803241 -0
    outer loop
      vertex -14.8334 -4.98882 10
      vertex -15.3064 -4.63806 0
      vertex -14.8334 -4.98882 0
    endloop
  endfacet
  facet normal -0.857736 0.514091 0
    outer loop
      vertex -16.7915 2.82838 0
      vertex -16.4888 3.33342 10
      vertex -16.4888 3.33342 0
    endloop
  endfacet
  facet normal -0.857736 0.514091 0
    outer loop
      vertex -16.4888 3.33342 10
      vertex -16.7915 2.82838 0
      vertex -16.7915 2.82838 10
    endloop
  endfacet
  facet normal -0.242967 -0.970035 0
    outer loop
      vertex -13.2417 -5.74164 0
      vertex -12.6705 -5.88471 10
      vertex -13.2417 -5.74164 10
    endloop
  endfacet
  facet normal -0.242967 -0.970035 -0
    outer loop
      vertex -12.6705 -5.88471 10
      vertex -13.2417 -5.74164 0
      vertex -12.6705 -5.88471 0
    endloop
  endfacet
  facet normal 0.857728 0.514104 0
    outer loop
      vertex -6.20847 2.82838 10
      vertex -6.51118 3.33342 0
      vertex -6.51118 3.33342 10
    endloop
  endfacet
  facet normal 0.857728 0.514104 0
    outer loop
      vertex -6.51118 3.33342 0
      vertex -6.20847 2.82838 10
      vertex -6.20847 2.82838 0
    endloop
  endfacet
  facet normal -0.998795 -0.0490819 0
    outer loop
      vertex -17.4711 -0.588102 0
      vertex -17.5 0 10
      vertex -17.5 0 0
    endloop
  endfacet
  facet normal -0.998795 -0.0490819 0
    outer loop
      vertex -17.5 0 10
      vertex -17.4711 -0.588102 0
      vertex -17.4711 -0.588102 10
    endloop
  endfacet
  facet normal 0.903989 0.427556 0
    outer loop
      vertex -5.95672 2.2961 10
      vertex -6.20847 2.82838 0
      vertex -6.20847 2.82838 10
    endloop
  endfacet
  facet normal 0.903989 0.427556 0
    outer loop
      vertex -6.20847 2.82838 0
      vertex -5.95672 2.2961 10
      vertex -5.95672 2.2961 0
    endloop
  endfacet
  facet normal 0.970032 -0.242979 0
    outer loop
      vertex -5.75836 -1.74171 10
      vertex -5.61529 -1.17054 0
      vertex -5.61529 -1.17054 10
    endloop
  endfacet
  facet normal 0.970032 -0.242979 0
    outer loop
      vertex -5.61529 -1.17054 0
      vertex -5.75836 -1.74171 10
      vertex -5.75836 -1.74171 0
    endloop
  endfacet
  facet normal -0.970019 0.243027 0
    outer loop
      vertex -17.3847 1.17054 0
      vertex -17.2416 1.74171 10
      vertex -17.2416 1.74171 0
    endloop
  endfacet
  facet normal -0.970019 0.243027 0
    outer loop
      vertex -17.2416 1.74171 10
      vertex -17.3847 1.17054 0
      vertex -17.3847 1.17054 10
    endloop
  endfacet
  facet normal -0.427542 -0.903995 0
    outer loop
      vertex -14.3284 -5.29153 0
      vertex -13.7961 -5.54328 10
      vertex -14.3284 -5.29153 10
    endloop
  endfacet
  facet normal -0.427542 -0.903995 -0
    outer loop
      vertex -13.7961 -5.54328 10
      vertex -14.3284 -5.29153 0
      vertex -13.7961 -5.54328 0
    endloop
  endfacet
  facet normal -0.970019 -0.243027 0
    outer loop
      vertex -17.2416 -1.74171 0
      vertex -17.3847 -1.17054 10
      vertex -17.3847 -1.17054 0
    endloop
  endfacet
  facet normal -0.970019 -0.243027 0
    outer loop
      vertex -17.3847 -1.17054 10
      vertex -17.2416 -1.74171 0
      vertex -17.2416 -1.74171 10
    endloop
  endfacet
  facet normal 0.336884 0.941546 -0
    outer loop
      vertex -9.2039 5.54328 0
      vertex -9.75829 5.74164 10
      vertex -9.2039 5.54328 10
    endloop
  endfacet
  facet normal 0.336884 0.941546 0
    outer loop
      vertex -9.75829 5.74164 10
      vertex -9.2039 5.54328 0
      vertex -9.75829 5.74164 0
    endloop
  endfacet
  facet normal 0.989176 -0.146736 0
    outer loop
      vertex -5.61529 -1.17054 10
      vertex -5.52889 -0.588102 0
      vertex -5.52889 -0.588102 10
    endloop
  endfacet
  facet normal 0.989176 -0.146736 0
    outer loop
      vertex -5.52889 -0.588102 0
      vertex -5.61529 -1.17054 10
      vertex -5.61529 -1.17054 0
    endloop
  endfacet
  facet normal -0.146746 0.989174 0
    outer loop
      vertex -12.0881 5.97111 0
      vertex -12.6705 5.88471 10
      vertex -12.0881 5.97111 10
    endloop
  endfacet
  facet normal -0.146746 0.989174 0
    outer loop
      vertex -12.6705 5.88471 10
      vertex -12.0881 5.97111 0
      vertex -12.6705 5.88471 0
    endloop
  endfacet
  facet normal 0.427556 -0.903989 0
    outer loop
      vertex -9.2039 -5.54328 0
      vertex -8.67162 -5.29153 10
      vertex -9.2039 -5.54328 10
    endloop
  endfacet
  facet normal 0.427556 -0.903989 0
    outer loop
      vertex -8.67162 -5.29153 10
      vertex -9.2039 -5.54328 0
      vertex -8.67162 -5.29153 0
    endloop
  endfacet
  facet normal -0.671625 0.740891 0
    outer loop
      vertex -15.3064 4.63806 0
      vertex -15.7426 4.24264 10
      vertex -15.3064 4.63806 10
    endloop
  endfacet
  facet normal -0.671625 0.740891 0
    outer loop
      vertex -15.7426 4.24264 10
      vertex -15.3064 4.63806 0
      vertex -15.7426 4.24264 0
    endloop
  endfacet
  facet normal 0 0 -1
    outer loop
      vertex -9.15001 -1.29999 0
      vertex -5.5 0 0
      vertex -5.52889 -0.588102 0
    endloop
  endfacet
  facet normal 0 0 -1
    outer loop
      vertex -9.15001 -1.29999 0
      vertex -5.52889 -0.588102 0
      vertex -5.61529 -1.17054 0
    endloop
  endfacet
  facet normal 0 0 -1
    outer loop
      vertex -9.15001 1.29999 0
      vertex -5.5 0 0
      vertex -9.15001 -1.29999 0
    endloop
  endfacet
  facet normal 0 0 -1
    outer loop
      vertex -9.15001 -1.29999 0
      vertex -5.61529 -1.17054 0
      vertex -5.75836 -1.74171 0
    endloop
  endfacet
  facet normal 0 0 -1
    outer loop
      vertex -5.5 0 0
      vertex -9.15001 1.29999 0
      vertex -5.52889 0.588102 0
    endloop
  endfacet
  facet normal 0 0 -1
    outer loop
      vertex -9.15097 -1.3196 0
      vertex -5.75836 -1.74171 0
      vertex -5.95672 -2.2961 0
    endloop
  endfacet
  facet normal 0 0 -1
    outer loop
      vertex -5.52889 0.588102 0
      vertex -9.15001 1.29999 0
      vertex -5.61529 1.17054 0
    endloop
  endfacet
  facet normal 0 0 -1
    outer loop
      vertex -9.15862 -1.35805 0
      vertex -5.95672 -2.2961 0
      vertex -6.20847 -2.82838 0
    endloop
  endfacet
  facet normal 0 0 -1
    outer loop
      vertex -5.61529 1.17054 0
      vertex -9.15001 1.29999 0
      vertex -5.75836 1.74171 0
    endloop
  endfacet
  facet normal 0 0 -1
    outer loop
      vertex -9.17361 -1.39427 0
      vertex -6.20847 -2.82838 0
      vertex -6.51118 -3.33342 0
    endloop
  endfacet
  facet normal 0 0 -1
    outer loop
      vertex -9.15097 1.3196 0
      vertex -5.75836 1.74171 0
      vertex -9.15001 1.29999 0
    endloop
  endfacet
  facet normal 0 0 -1
    outer loop
      vertex -9.20859 -1.44141 0
      vertex -6.51118 -3.33342 0
      vertex -6.86194 -3.80636 0
    endloop
  endfacet
  facet normal -0 0 -1
    outer loop
      vertex -5.75836 1.74171 0
      vertex -9.15097 1.3196 0
      vertex -5.95672 2.2961 0
    endloop
  endfacet
  facet normal 0 0 -1
    outer loop
      vertex -9.23889 -1.46628 0
      vertex -6.86194 -3.80636 0
      vertex -7.25736 -4.24264 0
    endloop
  endfacet
  facet normal 0 0 -1
    outer loop
      vertex -9.15385 1.339 0
      vertex -5.95672 2.2961 0
      vertex -9.15097 1.3196 0
    endloop
  endfacet
  facet normal 0 0 -1
    outer loop
      vertex -9.27347 -1.48476 0
      vertex -7.25736 -4.24264 0
      vertex -7.69364 -4.63806 0
    endloop
  endfacet
  facet normal 0 0 -1
    outer loop
      vertex -9.15862 1.35805 0
      vertex -5.95672 2.2961 0
      vertex -9.15385 1.339 0
    endloop
  endfacet
  facet normal 0 0 -1
    outer loop
      vertex -9.31099 -1.49614 0
      vertex -7.69364 -4.63806 0
      vertex -8.16658 -4.98882 0
    endloop
  endfacet
  facet normal -0 0 -1
    outer loop
      vertex -5.95672 2.2961 0
      vertex -9.15862 1.35805 0
      vertex -6.20847 2.82838 0
    endloop
  endfacet
  facet normal 0 0 -1
    outer loop
      vertex -9.35001 -1.49998 0
      vertex -8.16658 -4.98882 0
      vertex -8.67162 -5.29153 0
    endloop
  endfacet
  facet normal 0 0 -1
    outer loop
      vertex -9.16524 1.37653 0
      vertex -6.20847 2.82838 0
      vertex -9.15862 1.35805 0
    endloop
  endfacet
  facet normal 0 0 -1
    outer loop
      vertex -9.17361 1.39427 0
      vertex -6.20847 2.82838 0
      vertex -9.16524 1.37653 0
    endloop
  endfacet
  facet normal 0 0 -1
    outer loop
      vertex -5.75836 -1.74171 0
      vertex -9.15097 -1.3196 0
      vertex -9.15001 -1.29999 0
    endloop
  endfacet
  facet normal 0 0 -1
    outer loop
      vertex -5.95672 -2.2961 0
      vertex -9.15385 -1.339 0
      vertex -9.15097 -1.3196 0
    endloop
  endfacet
  facet normal 0 0 -1
    outer loop
      vertex -5.95672 -2.2961 0
      vertex -9.15862 -1.35805 0
      vertex -9.15385 -1.339 0
    endloop
  endfacet
  facet normal 0 0 -1
    outer loop
      vertex -6.20847 -2.82838 0
      vertex -9.16524 -1.37653 0
      vertex -9.15862 -1.35805 0
    endloop
  endfacet
  facet normal 0 0 -1
    outer loop
      vertex -6.20847 -2.82838 0
      vertex -9.17361 -1.39427 0
      vertex -9.16524 -1.37653 0
    endloop
  endfacet
  facet normal 0 0 -1
    outer loop
      vertex -6.51118 -3.33342 0
      vertex -9.18372 -1.4111 0
      vertex -9.17361 -1.39427 0
    endloop
  endfacet
  facet normal 0 0 -1
    outer loop
      vertex -6.51118 -3.33342 0
      vertex -9.1954 -1.42686 0
      vertex -9.18372 -1.4111 0
    endloop
  endfacet
  facet normal 0 0 -1
    outer loop
      vertex -9.35001 -1.49998 0
      vertex -8.67162 -5.29153 0
      vertex -9.2039 -5.54328 0
    endloop
  endfacet
  facet normal 0 0 -1
    outer loop
      vertex -6.51118 -3.33342 0
      vertex -9.20859 -1.44141 0
      vertex -9.1954 -1.42686 0
    endloop
  endfacet
  facet normal 0 0 -1
    outer loop
      vertex -6.86194 -3.80636 0
      vertex -9.22313 -1.45459 0
      vertex -9.20859 -1.44141 0
    endloop
  endfacet
  facet normal 0 0 -1
    outer loop
      vertex -6.86194 -3.80636 0
      vertex -9.23889 -1.46628 0
      vertex -9.22313 -1.45459 0
    endloop
  endfacet
  facet normal 0 0 -1
    outer loop
      vertex -7.25736 -4.24264 0
      vertex -9.25572 -1.47638 0
      vertex -9.23889 -1.46628 0
    endloop
  endfacet
  facet normal 0 0 -1
    outer loop
      vertex -7.25736 -4.24264 0
      vertex -9.27347 -1.48476 0
      vertex -9.25572 -1.47638 0
    endloop
  endfacet
  facet normal 0 0 -1
    outer loop
      vertex -7.69364 -4.63806 0
      vertex -9.29195 -1.49138 0
      vertex -9.27347 -1.48476 0
    endloop
  endfacet
  facet normal 0 0 -1
    outer loop
      vertex -7.69364 -4.63806 0
      vertex -9.31099 -1.49614 0
      vertex -9.29195 -1.49138 0
    endloop
  endfacet
  facet normal 0 0 -1
    outer loop
      vertex -8.16658 -4.98882 0
      vertex -9.3304 -1.49902 0
      vertex -9.31099 -1.49614 0
    endloop
  endfacet
  facet normal 0 0 -1
    outer loop
      vertex -8.16658 -4.98882 0
      vertex -9.35001 -1.49998 0
      vertex -9.3304 -1.49902 0
    endloop
  endfacet
  facet normal 0 0 -1
    outer loop
      vertex -9.75829 -5.74164 0
      vertex -9.35001 -1.49998 0
      vertex -9.2039 -5.54328 0
    endloop
  endfacet
  facet normal 0 0 -1
    outer loop
      vertex -10.3295 -5.88471 0
      vertex -9.35001 -1.49998 0
      vertex -9.75829 -5.74164 0
    endloop
  endfacet
  facet normal 0 0 -1
    outer loop
      vertex -10.9119 -5.97111 0
      vertex -9.35001 -1.49998 0
      vertex -10.3295 -5.88471 0
    endloop
  endfacet
  facet normal 0 0 -1
    outer loop
      vertex -11.5 -6 0
      vertex -9.35001 -1.49998 0
      vertex -10.9119 -5.97111 0
    endloop
  endfacet
  facet normal 0 0 -1
    outer loop
      vertex -13.65 -1.49998 0
      vertex -11.5 -6 0
      vertex -12.0881 -5.97111 0
    endloop
  endfacet
  facet normal 0 0 -1
    outer loop
      vertex -13.65 -1.49998 0
      vertex -12.0881 -5.97111 0
      vertex -12.6705 -5.88471 0
    endloop
  endfacet
  facet normal 0 0 -1
    outer loop
      vertex -13.65 -1.49998 0
      vertex -12.6705 -5.88471 0
      vertex -13.2417 -5.74164 0
    endloop
  endfacet
  facet normal 0 0 -1
    outer loop
      vertex -11.5 -6 0
      vertex -13.65 -1.49998 0
      vertex -9.35001 -1.49998 0
    endloop
  endfacet
  facet normal 0 0 -1
    outer loop
      vertex -13.7961 -5.54328 0
      vertex -13.65 -1.49998 0
      vertex -13.2417 -5.74164 0
    endloop
  endfacet
  facet normal 0 0 -1
    outer loop
      vertex -14.3284 -5.29153 0
      vertex -13.65 -1.49998 0
      vertex -13.7961 -5.54328 0
    endloop
  endfacet
  facet normal 0 0 -1
    outer loop
      vertex -14.8334 -4.98882 0
      vertex -13.65 -1.49998 0
      vertex -14.3284 -5.29153 0
    endloop
  endfacet
  facet normal -0 0 -1
    outer loop
      vertex -13.65 -1.49998 0
      vertex -14.8334 -4.98882 0
      vertex -13.6696 -1.49902 0
    endloop
  endfacet
  facet normal -0 0 -1
    outer loop
      vertex -13.6696 -1.49902 0
      vertex -14.8334 -4.98882 0
      vertex -13.689 -1.49614 0
    endloop
  endfacet
  facet normal 0 0 -1
    outer loop
      vertex -15.3064 -4.63806 0
      vertex -13.689 -1.49614 0
      vertex -14.8334 -4.98882 0
    endloop
  endfacet
  facet normal -0 0 -1
    outer loop
      vertex -13.689 -1.49614 0
      vertex -15.3064 -4.63806 0
      vertex -13.7081 -1.49138 0
    endloop
  endfacet
  facet normal -0 0 -1
    outer loop
      vertex -13.7081 -1.49138 0
      vertex -15.3064 -4.63806 0
      vertex -13.7265 -1.48476 0
    endloop
  endfacet
  facet normal 0 0 -1
    outer loop
      vertex -15.7426 -4.24264 0
      vertex -13.7265 -1.48476 0
      vertex -15.3064 -4.63806 0
    endloop
  endfacet
  facet normal -0 0 -1
    outer loop
      vertex -13.7265 -1.48476 0
      vertex -15.7426 -4.24264 0
      vertex -13.7443 -1.47638 0
    endloop
  endfacet
  facet normal -0 0 -1
    outer loop
      vertex -13.7443 -1.47638 0
      vertex -15.7426 -4.24264 0
      vertex -13.7611 -1.46628 0
    endloop
  endfacet
  facet normal 0 0 -1
    outer loop
      vertex -16.1381 -3.80636 0
      vertex -13.7611 -1.46628 0
      vertex -15.7426 -4.24264 0
    endloop
  endfacet
  facet normal -0 0 -1
    outer loop
      vertex -13.7611 -1.46628 0
      vertex -16.1381 -3.80636 0
      vertex -13.7769 -1.45459 0
    endloop
  endfacet
  facet normal -0 0 -1
    outer loop
      vertex -13.7769 -1.45459 0
      vertex -16.1381 -3.80636 0
      vertex -13.7914 -1.44141 0
    endloop
  endfacet
  facet normal 0 0 -1
    outer loop
      vertex -16.4888 -3.33342 0
      vertex -13.7914 -1.44141 0
      vertex -16.1381 -3.80636 0
    endloop
  endfacet
  facet normal -0 0 -1
    outer loop
      vertex -13.7914 -1.44141 0
      vertex -16.4888 -3.33342 0
      vertex -13.8046 -1.42686 0
    endloop
  endfacet
  facet normal -0 0 -1
    outer loop
      vertex -13.8046 -1.42686 0
      vertex -16.4888 -3.33342 0
      vertex -13.8163 -1.4111 0
    endloop
  endfacet
  facet normal 0 0 -1
    outer loop
      vertex -16.7915 -2.82838 0
      vertex -13.8264 -1.39427 0
      vertex -16.4888 -3.33342 0
    endloop
  endfacet
  facet normal -0 0 -1
    outer loop
      vertex -13.8163 -1.4111 0
      vertex -16.4888 -3.33342 0
      vertex -13.8264 -1.39427 0
    endloop
  endfacet
  facet normal -0 0 -1
    outer loop
      vertex -6.20847 2.82838 0
      vertex -9.17361 1.39427 0
      vertex -6.51118 3.33342 0
    endloop
  endfacet
  facet normal 0 0 -1
    outer loop
      vertex -9.18372 1.4111 0
      vertex -6.51118 3.33342 0
      vertex -9.17361 1.39427 0
    endloop
  endfacet
  facet normal 0 0 -1
    outer loop
      vertex -9.1954 1.42686 0
      vertex -6.51118 3.33342 0
      vertex -9.18372 1.4111 0
    endloop
  endfacet
  facet normal 0 0 -1
    outer loop
      vertex -9.20859 1.44141 0
      vertex -6.51118 3.33342 0
      vertex -9.1954 1.42686 0
    endloop
  endfacet
  facet normal -0 0 -1
    outer loop
      vertex -6.51118 3.33342 0
      vertex -9.20859 1.44141 0
      vertex -6.86194 3.80636 0
    endloop
  endfacet
  facet normal 0 0 -1
    outer loop
      vertex -9.22313 1.45459 0
      vertex -6.86194 3.80636 0
      vertex -9.20859 1.44141 0
    endloop
  endfacet
  facet normal 0 0 -1
    outer loop
      vertex -9.23889 1.46628 0
      vertex -6.86194 3.80636 0
      vertex -9.22313 1.45459 0
    endloop
  endfacet
  facet normal -0 0 -1
    outer loop
      vertex -6.86194 3.80636 0
      vertex -9.23889 1.46628 0
      vertex -7.25736 4.24264 0
    endloop
  endfacet
  facet normal 0 0 -1
    outer loop
      vertex -9.25572 1.47638 0
      vertex -7.25736 4.24264 0
      vertex -9.23889 1.46628 0
    endloop
  endfacet
  facet normal 0 0 -1
    outer loop
      vertex -9.27347 1.48476 0
      vertex -7.25736 4.24264 0
      vertex -9.25572 1.47638 0
    endloop
  endfacet
  facet normal -0 0 -1
    outer loop
      vertex -7.25736 4.24264 0
      vertex -9.27347 1.48476 0
      vertex -7.69364 4.63806 0
    endloop
  endfacet
  facet normal 0 0 -1
    outer loop
      vertex -9.29195 1.49138 0
      vertex -7.69364 4.63806 0
      vertex -9.27347 1.48476 0
    endloop
  endfacet
  facet normal 0 0 -1
    outer loop
      vertex -9.31099 1.49614 0
      vertex -7.69364 4.63806 0
      vertex -9.29195 1.49138 0
    endloop
  endfacet
  facet normal -0 0 -1
    outer loop
      vertex -7.69364 4.63806 0
      vertex -9.31099 1.49614 0
      vertex -8.16658 4.98882 0
    endloop
  endfacet
  facet normal 0 0 -1
    outer loop
      vertex -9.3304 1.49902 0
      vertex -8.16658 4.98882 0
      vertex -9.31099 1.49614 0
    endloop
  endfacet
  facet normal 0 0 -1
    outer loop
      vertex -9.35001 1.49998 0
      vertex -8.16658 4.98882 0
      vertex -9.3304 1.49902 0
    endloop
  endfacet
  facet normal -0 0 -1
    outer loop
      vertex -8.16658 4.98882 0
      vertex -9.35001 1.49998 0
      vertex -8.67162 5.29153 0
    endloop
  endfacet
  facet normal -0 0 -1
    outer loop
      vertex -8.67162 5.29153 0
      vertex -9.35001 1.49998 0
      vertex -9.2039 5.54328 0
    endloop
  endfacet
  facet normal 0 0 -1
    outer loop
      vertex -9.35001 1.49998 0
      vertex -9.75829 5.74164 0
      vertex -9.2039 5.54328 0
    endloop
  endfacet
  facet normal 0 0 -1
    outer loop
      vertex -9.35001 1.49998 0
      vertex -10.3295 5.88471 0
      vertex -9.75829 5.74164 0
    endloop
  endfacet
  facet normal 0 0 -1
    outer loop
      vertex -9.35001 1.49998 0
      vertex -10.9119 5.97111 0
      vertex -10.3295 5.88471 0
    endloop
  endfacet
  facet normal 0 0 -1
    outer loop
      vertex -9.35001 1.49998 0
      vertex -11.5 6 0
      vertex -10.9119 5.97111 0
    endloop
  endfacet
  facet normal 0 0 -1
    outer loop
      vertex -13.65 1.49998 0
      vertex -11.5 6 0
      vertex -9.35001 1.49998 0
    endloop
  endfacet
  facet normal 0 0 -1
    outer loop
      vertex -11.5 6 0
      vertex -13.65 1.49998 0
      vertex -12.0881 5.97111 0
    endloop
  endfacet
  facet normal 0 0 -1
    outer loop
      vertex -12.0881 5.97111 0
      vertex -13.65 1.49998 0
      vertex -12.6705 5.88471 0
    endloop
  endfacet
  facet normal 0 0 -1
    outer loop
      vertex -12.6705 5.88471 0
      vertex -13.65 1.49998 0
      vertex -13.2417 5.74164 0
    endloop
  endfacet
  facet normal 0 0 -1
    outer loop
      vertex -14.8334 4.98882 0
      vertex -13.65 1.49998 0
      vertex -13.6696 1.49902 0
    endloop
  endfacet
  facet normal 0 0 -1
    outer loop
      vertex -14.8334 4.98882 0
      vertex -13.6696 1.49902 0
      vertex -13.689 1.49614 0
    endloop
  endfacet
  facet normal 0 0 -1
    outer loop
      vertex -15.3064 4.63806 0
      vertex -13.689 1.49614 0
      vertex -13.7081 1.49138 0
    endloop
  endfacet
  facet normal 0 0 -1
    outer loop
      vertex -15.3064 4.63806 0
      vertex -13.7081 1.49138 0
      vertex -13.7265 1.48476 0
    endloop
  endfacet
  facet normal 0 0 -1
    outer loop
      vertex -15.7426 4.24264 0
      vertex -13.7265 1.48476 0
      vertex -13.7443 1.47638 0
    endloop
  endfacet
  facet normal 0 0 -1
    outer loop
      vertex -15.7426 4.24264 0
      vertex -13.7443 1.47638 0
      vertex -13.7611 1.46628 0
    endloop
  endfacet
  facet normal 0 0 -1
    outer loop
      vertex -16.1381 3.80636 0
      vertex -13.7611 1.46628 0
      vertex -13.7769 1.45459 0
    endloop
  endfacet
  facet normal 0 0 -1
    outer loop
      vertex -16.1381 3.80636 0
      vertex -13.7769 1.45459 0
      vertex -13.7914 1.44141 0
    endloop
  endfacet
  facet normal 0 0 -1
    outer loop
      vertex -13.65 1.49998 0
      vertex -13.7961 5.54328 0
      vertex -13.2417 5.74164 0
    endloop
  endfacet
  facet normal 0 0 -1
    outer loop
      vertex -16.4888 3.33342 0
      vertex -13.7914 1.44141 0
      vertex -13.8046 1.42686 0
    endloop
  endfacet
  facet normal 0 0 -1
    outer loop
      vertex -16.4888 3.33342 0
      vertex -13.8046 1.42686 0
      vertex -13.8163 1.4111 0
    endloop
  endfacet
  facet normal 0 0 -1
    outer loop
      vertex -16.4888 3.33342 0
      vertex -13.8163 1.4111 0
      vertex -13.8264 1.39427 0
    endloop
  endfacet
  facet normal 0 0 -1
    outer loop
      vertex -16.7915 2.82838 0
      vertex -13.8264 1.39427 0
      vertex -13.8348 1.37653 0
    endloop
  endfacet
  facet normal 0 0 -1
    outer loop
      vertex -16.7915 2.82838 0
      vertex -13.8348 1.37653 0
      vertex -13.8414 1.35805 0
    endloop
  endfacet
  facet normal 0 0 -1
    outer loop
      vertex -17.0433 2.2961 0
      vertex -13.8414 1.35805 0
      vertex -13.8461 1.339 0
    endloop
  endfacet
  facet normal 0 0 -1
    outer loop
      vertex -17.0433 2.2961 0
      vertex -13.8461 1.339 0
      vertex -13.849 1.3196 0
    endloop
  endfacet
  facet normal 0 0 -1
    outer loop
      vertex -17.2416 1.74171 0
      vertex -13.849 1.3196 0
      vertex -13.85 1.29999 0
    endloop
  endfacet
  facet normal -0 0 -1
    outer loop
      vertex -13.8264 -1.39427 0
      vertex -16.7915 -2.82838 0
      vertex -13.8348 -1.37653 0
    endloop
  endfacet
  facet normal 0 0 -1
    outer loop
      vertex -13.65 1.49998 0
      vertex -14.3284 5.29153 0
      vertex -13.7961 5.54328 0
    endloop
  endfacet
  facet normal -0 0 -1
    outer loop
      vertex -13.8348 -1.37653 0
      vertex -16.7915 -2.82838 0
      vertex -13.8414 -1.35805 0
    endloop
  endfacet
  facet normal 0 0 -1
    outer loop
      vertex -13.65 1.49998 0
      vertex -14.8334 4.98882 0
      vertex -14.3284 5.29153 0
    endloop
  endfacet
  facet normal 0 0 -1
    outer loop
      vertex -17.0433 -2.2961 0
      vertex -13.8414 -1.35805 0
      vertex -16.7915 -2.82838 0
    endloop
  endfacet
  facet normal 0 0 -1
    outer loop
      vertex -13.689 1.49614 0
      vertex -15.3064 4.63806 0
      vertex -14.8334 4.98882 0
    endloop
  endfacet
  facet normal -0 0 -1
    outer loop
      vertex -13.8414 -1.35805 0
      vertex -17.0433 -2.2961 0
      vertex -13.8461 -1.339 0
    endloop
  endfacet
  facet normal 0 0 -1
    outer loop
      vertex -13.7265 1.48476 0
      vertex -15.7426 4.24264 0
      vertex -15.3064 4.63806 0
    endloop
  endfacet
  facet normal -0 0 -1
    outer loop
      vertex -13.8461 -1.339 0
      vertex -17.0433 -2.2961 0
      vertex -13.849 -1.3196 0
    endloop
  endfacet
  facet normal 0 0 -1
    outer loop
      vertex -13.7611 1.46628 0
      vertex -16.1381 3.80636 0
      vertex -15.7426 4.24264 0
    endloop
  endfacet
  facet normal 0 0 -1
    outer loop
      vertex -17.2416 -1.74171 0
      vertex -13.849 -1.3196 0
      vertex -17.0433 -2.2961 0
    endloop
  endfacet
  facet normal 0 0 -1
    outer loop
      vertex -13.7914 1.44141 0
      vertex -16.4888 3.33342 0
      vertex -16.1381 3.80636 0
    endloop
  endfacet
  facet normal -0 0 -1
    outer loop
      vertex -13.849 -1.3196 0
      vertex -17.2416 -1.74171 0
      vertex -13.85 -1.29999 0
    endloop
  endfacet
  facet normal 0 0 -1
    outer loop
      vertex -13.8264 1.39427 0
      vertex -16.7915 2.82838 0
      vertex -16.4888 3.33342 0
    endloop
  endfacet
  facet normal 0 0 -1
    outer loop
      vertex -17.3847 -1.17054 0
      vertex -13.85 -1.29999 0
      vertex -17.2416 -1.74171 0
    endloop
  endfacet
  facet normal 0 0 -1
    outer loop
      vertex -13.8414 1.35805 0
      vertex -17.0433 2.2961 0
      vertex -16.7915 2.82838 0
    endloop
  endfacet
  facet normal 0 0 -1
    outer loop
      vertex -17.4711 -0.588102 0
      vertex -13.85 -1.29999 0
      vertex -17.3847 -1.17054 0
    endloop
  endfacet
  facet normal 0 0 -1
    outer loop
      vertex -13.849 1.3196 0
      vertex -17.2416 1.74171 0
      vertex -17.0433 2.2961 0
    endloop
  endfacet
  facet normal 0 0 -1
    outer loop
      vertex -17.5 0 0
      vertex -13.85 -1.29999 0
      vertex -17.4711 -0.588102 0
    endloop
  endfacet
  facet normal -0 0 -1
    outer loop
      vertex -13.85 1.29999 0
      vertex -17.3847 1.17054 0
      vertex -17.2416 1.74171 0
    endloop
  endfacet
  facet normal 0 0 -1
    outer loop
      vertex -13.85 -1.29999 0
      vertex -17.5 0 0
      vertex -13.85 1.29999 0
    endloop
  endfacet
  facet normal 0 0 -1
    outer loop
      vertex -13.85 1.29999 0
      vertex -17.4711 0.588102 0
      vertex -17.3847 1.17054 0
    endloop
  endfacet
  facet normal 0 0 -1
    outer loop
      vertex -13.85 1.29999 0
      vertex -17.5 0 0
      vertex -17.4711 0.588102 0
    endloop
  endfacet
  facet normal -0.595655 0.803241 0
    outer loop
      vertex -14.8334 4.98882 0
      vertex -15.3064 4.63806 10
      vertex -14.8334 4.98882 10
    endloop
  endfacet
  facet normal -0.595655 0.803241 0
    outer loop
      vertex -15.3064 4.63806 10
      vertex -14.8334 4.98882 0
      vertex -15.3064 4.63806 0
    endloop
  endfacet
  facet normal 0.242963 0.970036 -0
    outer loop
      vertex -9.75829 5.74164 0
      vertex -10.3295 5.88471 10
      vertex -9.75829 5.74164 10
    endloop
  endfacet
  facet normal 0.242963 0.970036 0
    outer loop
      vertex -10.3295 5.88471 10
      vertex -9.75829 5.74164 0
      vertex -10.3295 5.88471 0
    endloop
  endfacet
  facet normal 0.998796 -0.049065 0
    outer loop
      vertex -5.52889 -0.588102 10
      vertex -5.5 0 0
      vertex -5.5 0 10
    endloop
  endfacet
  facet normal 0.998796 -0.049065 0
    outer loop
      vertex -5.5 0 0
      vertex -5.52889 -0.588102 10
      vertex -5.52889 -0.588102 0
    endloop
  endfacet
  facet normal -0.427542 0.903995 0
    outer loop
      vertex -13.7961 5.54328 0
      vertex -14.3284 5.29153 10
      vertex -13.7961 5.54328 10
    endloop
  endfacet
  facet normal -0.427542 0.903995 0
    outer loop
      vertex -14.3284 5.29153 10
      vertex -13.7961 5.54328 0
      vertex -14.3284 5.29153 0
    endloop
  endfacet
  facet normal -0.941578 -0.336794 0
    outer loop
      vertex -17.0433 -2.2961 0
      vertex -17.2416 -1.74171 10
      vertex -17.2416 -1.74171 0
    endloop
  endfacet
  facet normal -0.941578 -0.336794 0
    outer loop
      vertex -17.2416 -1.74171 10
      vertex -17.0433 -2.2961 0
      vertex -17.0433 -2.2961 10
    endloop
  endfacet
  facet normal 0.514104 0.857728 -0
    outer loop
      vertex -8.16658 4.98882 0
      vertex -8.67162 5.29153 10
      vertex -8.16658 4.98882 10
    endloop
  endfacet
  facet normal 0.514104 0.857728 0
    outer loop
      vertex -8.67162 5.29153 10
      vertex -8.16658 4.98882 0
      vertex -8.67162 5.29153 0
    endloop
  endfacet
  facet normal 0.595703 0.803204 -0
    outer loop
      vertex -7.69364 4.63806 0
      vertex -8.16658 4.98882 10
      vertex -7.69364 4.63806 10
    endloop
  endfacet
  facet normal 0.595703 0.803204 0
    outer loop
      vertex -8.16658 4.98882 10
      vertex -7.69364 4.63806 0
      vertex -8.16658 4.98882 0
    endloop
  endfacet
  facet normal 0.146746 -0.989174 0
    outer loop
      vertex -10.9119 -5.97111 0
      vertex -10.3295 -5.88471 10
      vertex -10.9119 -5.97111 10
    endloop
  endfacet
  facet normal 0.146746 -0.989174 0
    outer loop
      vertex -10.3295 -5.88471 10
      vertex -10.9119 -5.97111 0
      vertex -10.3295 -5.88471 0
    endloop
  endfacet
  facet normal 0.740952 -0.671558 0
    outer loop
      vertex -7.25736 -4.24264 10
      vertex -6.86194 -3.80636 0
      vertex -6.86194 -3.80636 10
    endloop
  endfacet
  facet normal 0.740952 -0.671558 0
    outer loop
      vertex -6.86194 -3.80636 0
      vertex -7.25736 -4.24264 10
      vertex -7.25736 -4.24264 0
    endloop
  endfacet
  facet normal 0.803204 -0.595703 0
    outer loop
      vertex -6.86194 -3.80636 10
      vertex -6.51118 -3.33342 0
      vertex -6.51118 -3.33342 10
    endloop
  endfacet
  facet normal 0.803204 -0.595703 0
    outer loop
      vertex -6.51118 -3.33342 0
      vertex -6.86194 -3.80636 10
      vertex -6.86194 -3.80636 0
    endloop
  endfacet
  facet normal 0.242963 -0.970036 0
    outer loop
      vertex -10.3295 -5.88471 0
      vertex -9.75829 -5.74164 10
      vertex -10.3295 -5.88471 10
    endloop
  endfacet
  facet normal 0.242963 -0.970036 0
    outer loop
      vertex -9.75829 -5.74164 10
      vertex -10.3295 -5.88471 0
      vertex -9.75829 -5.74164 0
    endloop
  endfacet
  facet normal 0.941546 -0.336884 0
    outer loop
      vertex -5.95672 -2.2961 10
      vertex -5.75836 -1.74171 0
      vertex -5.75836 -1.74171 10
    endloop
  endfacet
  facet normal 0.941546 -0.336884 0
    outer loop
      vertex -5.75836 -1.74171 0
      vertex -5.95672 -2.2961 10
      vertex -5.95672 -2.2961 0
    endloop
  endfacet
  facet normal -0.242967 0.970035 0
    outer loop
      vertex -12.6705 5.88471 0
      vertex -13.2417 5.74164 10
      vertex -12.6705 5.88471 10
    endloop
  endfacet
  facet normal -0.242967 0.970035 0
    outer loop
      vertex -13.2417 5.74164 10
      vertex -12.6705 5.88471 0
      vertex -13.2417 5.74164 0
    endloop
  endfacet
  facet normal -0.903956 -0.427625 0
    outer loop
      vertex -16.7915 -2.82838 0
      vertex -17.0433 -2.2961 10
      vertex -17.0433 -2.2961 0
    endloop
  endfacet
  facet normal -0.903956 -0.427625 0
    outer loop
      vertex -17.0433 -2.2961 10
      vertex -16.7915 -2.82838 0
      vertex -16.7915 -2.82838 10
    endloop
  endfacet
  facet normal -0.989176 0.146736 0
    outer loop
      vertex -17.4711 0.588102 0
      vertex -17.3847 1.17054 10
      vertex -17.3847 1.17054 0
    endloop
  endfacet
  facet normal -0.989176 0.146736 0
    outer loop
      vertex -17.3847 1.17054 10
      vertex -17.4711 0.588102 0
      vertex -17.4711 0.588102 10
    endloop
  endfacet
  facet normal 0.427556 0.903989 -0
    outer loop
      vertex -8.67162 5.29153 0
      vertex -9.2039 5.54328 10
      vertex -8.67162 5.29153 10
    endloop
  endfacet
  facet normal 0.427556 0.903989 0
    outer loop
      vertex -9.2039 5.54328 10
      vertex -8.67162 5.29153 0
      vertex -9.2039 5.54328 0
    endloop
  endfacet
  facet normal -0.740884 -0.671632 0
    outer loop
      vertex -15.7426 -4.24264 0
      vertex -16.1381 -3.80636 10
      vertex -16.1381 -3.80636 0
    endloop
  endfacet
  facet normal -0.740884 -0.671632 0
    outer loop
      vertex -16.1381 -3.80636 10
      vertex -15.7426 -4.24264 0
      vertex -15.7426 -4.24264 10
    endloop
  endfacet
  facet normal -0.857736 -0.514091 0
    outer loop
      vertex -16.4888 -3.33342 0
      vertex -16.7915 -2.82838 10
      vertex -16.7915 -2.82838 0
    endloop
  endfacet
  facet normal -0.857736 -0.514091 0
    outer loop
      vertex -16.7915 -2.82838 10
      vertex -16.4888 -3.33342 0
      vertex -16.4888 -3.33342 10
    endloop
  endfacet
  facet normal -0.336879 0.941548 0
    outer loop
      vertex -13.2417 5.74164 0
      vertex -13.7961 5.54328 10
      vertex -13.2417 5.74164 10
    endloop
  endfacet
  facet normal -0.336879 0.941548 0
    outer loop
      vertex -13.7961 5.54328 10
      vertex -13.2417 5.74164 0
      vertex -13.7961 5.54328 0
    endloop
  endfacet
  facet normal -0.514134 -0.85771 0
    outer loop
      vertex -14.8334 -4.98882 0
      vertex -14.3284 -5.29153 10
      vertex -14.8334 -4.98882 10
    endloop
  endfacet
  facet normal -0.514134 -0.85771 -0
    outer loop
      vertex -14.3284 -5.29153 10
      vertex -14.8334 -4.98882 0
      vertex -14.3284 -5.29153 0
    endloop
  endfacet
  facet normal -0.941578 0.336794 0
    outer loop
      vertex -17.2416 1.74171 0
      vertex -17.0433 2.2961 10
      vertex -17.0433 2.2961 0
    endloop
  endfacet
  facet normal -0.941578 0.336794 0
    outer loop
      vertex -17.0433 2.2961 10
      vertex -17.2416 1.74171 0
      vertex -17.2416 1.74171 10
    endloop
  endfacet
  facet normal 0.595703 -0.803204 0
    outer loop
      vertex -8.16658 -4.98882 0
      vertex -7.69364 -4.63806 10
      vertex -8.16658 -4.98882 10
    endloop
  endfacet
  facet normal 0.595703 -0.803204 0
    outer loop
      vertex -7.69364 -4.63806 10
      vertex -8.16658 -4.98882 0
      vertex -7.69364 -4.63806 0
    endloop
  endfacet
  facet normal 0.740952 0.671558 0
    outer loop
      vertex -6.86194 3.80636 10
      vertex -7.25736 4.24264 0
      vertex -7.25736 4.24264 10
    endloop
  endfacet
  facet normal 0.740952 0.671558 0
    outer loop
      vertex -7.25736 4.24264 0
      vertex -6.86194 3.80636 10
      vertex -6.86194 3.80636 0
    endloop
  endfacet
  facet normal -0.803253 -0.595638 0
    outer loop
      vertex -16.1381 -3.80636 0
      vertex -16.4888 -3.33342 10
      vertex -16.4888 -3.33342 0
    endloop
  endfacet
  facet normal -0.803253 -0.595638 0
    outer loop
      vertex -16.4888 -3.33342 10
      vertex -16.1381 -3.80636 0
      vertex -16.1381 -3.80636 10
    endloop
  endfacet
  facet normal -0.514134 0.85771 0
    outer loop
      vertex -14.3284 5.29153 0
      vertex -14.8334 4.98882 10
      vertex -14.3284 5.29153 10
    endloop
  endfacet
  facet normal -0.514134 0.85771 0
    outer loop
      vertex -14.8334 4.98882 10
      vertex -14.3284 5.29153 0
      vertex -14.8334 4.98882 0
    endloop
  endfacet
  facet normal -0.989176 -0.146736 0
    outer loop
      vertex -17.3847 -1.17054 0
      vertex -17.4711 -0.588102 10
      vertex -17.4711 -0.588102 0
    endloop
  endfacet
  facet normal -0.989176 -0.146736 0
    outer loop
      vertex -17.4711 -0.588102 10
      vertex -17.3847 -1.17054 0
      vertex -17.3847 -1.17054 10
    endloop
  endfacet
  facet normal -0.903956 0.427625 0
    outer loop
      vertex -17.0433 2.2961 0
      vertex -16.7915 2.82838 10
      vertex -16.7915 2.82838 0
    endloop
  endfacet
  facet normal -0.903956 0.427625 0
    outer loop
      vertex -16.7915 2.82838 10
      vertex -17.0433 2.2961 0
      vertex -17.0433 2.2961 10
    endloop
  endfacet
  facet normal 0.514104 -0.857728 0
    outer loop
      vertex -8.67162 -5.29153 0
      vertex -8.16658 -4.98882 10
      vertex -8.67162 -5.29153 10
    endloop
  endfacet
  facet normal 0.514104 -0.857728 0
    outer loop
      vertex -8.16658 -4.98882 10
      vertex -8.67162 -5.29153 0
      vertex -8.16658 -4.98882 0
    endloop
  endfacet
  facet normal -0.671625 -0.740891 0
    outer loop
      vertex -15.7426 -4.24264 0
      vertex -15.3064 -4.63806 10
      vertex -15.7426 -4.24264 10
    endloop
  endfacet
  facet normal -0.671625 -0.740891 -0
    outer loop
      vertex -15.3064 -4.63806 10
      vertex -15.7426 -4.24264 0
      vertex -15.3064 -4.63806 0
    endloop
  endfacet
  facet normal -0.803253 0.595638 0
    outer loop
      vertex -16.4888 3.33342 0
      vertex -16.1381 3.80636 10
      vertex -16.1381 3.80636 0
    endloop
  endfacet
  facet normal -0.803253 0.595638 0
    outer loop
      vertex -16.1381 3.80636 10
      vertex -16.4888 3.33342 0
      vertex -16.4888 3.33342 10
    endloop
  endfacet
  facet normal -0.0490651 -0.998796 0
    outer loop
      vertex -12.0881 -5.97111 0
      vertex -11.5 -6 10
      vertex -12.0881 -5.97111 10
    endloop
  endfacet
  facet normal -0.0490651 -0.998796 -0
    outer loop
      vertex -11.5 -6 10
      vertex -12.0881 -5.97111 0
      vertex -11.5 -6 0
    endloop
  endfacet
  facet normal -0 0 1
    outer loop
      vertex -13.875 -0.95 10
      vertex -12.45 -2.375 10
      vertex -12.45 -0.95 10
    endloop
  endfacet
  facet normal 0 0 1
    outer loop
      vertex -12.45 -2.375 10
      vertex -13.2417 -5.74164 10
      vertex -12.6705 -5.88471 10
    endloop
  endfacet
  facet normal 0 0 1
    outer loop
      vertex -12.45 -2.375 10
      vertex -13.7961 -5.54328 10
      vertex -13.2417 -5.74164 10
    endloop
  endfacet
  facet normal 0 0 1
    outer loop
      vertex -15.7426 -4.24264 10
      vertex -12.45 -2.375 10
      vertex -13.875 -0.95 10
    endloop
  endfacet
  facet normal -0 0 1
    outer loop
      vertex -15.7426 4.24264 10
      vertex -12.45 2.375 10
      vertex -15.3064 4.63806 10
    endloop
  endfacet
  facet normal 0 0 1
    outer loop
      vertex -12.45 -2.375 10
      vertex -14.3284 -5.29153 10
      vertex -13.7961 -5.54328 10
    endloop
  endfacet
  facet normal 0 0 1
    outer loop
      vertex -12.45 2.375 10
      vertex -15.7426 4.24264 10
      vertex -13.875 0.95 10
    endloop
  endfacet
  facet normal 0 0 1
    outer loop
      vertex -12.45 -2.375 10
      vertex -14.8334 -4.98882 10
      vertex -14.3284 -5.29153 10
    endloop
  endfacet
  facet normal -0 0 1
    outer loop
      vertex -16.1381 3.80636 10
      vertex -13.875 0.95 10
      vertex -15.7426 4.24264 10
    endloop
  endfacet
  facet normal 0 0 1
    outer loop
      vertex -12.45 -2.375 10
      vertex -15.3064 -4.63806 10
      vertex -14.8334 -4.98882 10
    endloop
  endfacet
  facet normal -0 0 1
    outer loop
      vertex -16.4888 3.33342 10
      vertex -13.875 0.95 10
      vertex -16.1381 3.80636 10
    endloop
  endfacet
  facet normal 0 0 1
    outer loop
      vertex -12.45 -2.375 10
      vertex -15.7426 -4.24264 10
      vertex -15.3064 -4.63806 10
    endloop
  endfacet
  facet normal -0 0 1
    outer loop
      vertex -16.7915 2.82838 10
      vertex -13.875 0.95 10
      vertex -16.4888 3.33342 10
    endloop
  endfacet
  facet normal 0 0 1
    outer loop
      vertex -13.875 -0.95 10
      vertex -16.1381 -3.80636 10
      vertex -15.7426 -4.24264 10
    endloop
  endfacet
  facet normal -0 0 1
    outer loop
      vertex -17.0433 2.2961 10
      vertex -13.875 0.95 10
      vertex -16.7915 2.82838 10
    endloop
  endfacet
  facet normal 0 0 1
    outer loop
      vertex -13.875 -0.95 10
      vertex -16.4888 -3.33342 10
      vertex -16.1381 -3.80636 10
    endloop
  endfacet
  facet normal -0 0 1
    outer loop
      vertex -17.2416 1.74171 10
      vertex -13.875 0.95 10
      vertex -17.0433 2.2961 10
    endloop
  endfacet
  facet normal 0 0 1
    outer loop
      vertex -13.875 -0.95 10
      vertex -16.7915 -2.82838 10
      vertex -16.4888 -3.33342 10
    endloop
  endfacet
  facet normal -0 0 1
    outer loop
      vertex -17.3847 1.17054 10
      vertex -13.875 0.95 10
      vertex -17.2416 1.74171 10
    endloop
  endfacet
  facet normal 0 0 1
    outer loop
      vertex -13.875 -0.95 10
      vertex -17.0433 -2.2961 10
      vertex -16.7915 -2.82838 10
    endloop
  endfacet
  facet normal 0 0 1
    outer loop
      vertex -17.4711 0.588102 10
      vertex -13.875 0.95 10
      vertex -17.3847 1.17054 10
    endloop
  endfacet
  facet normal 0 0 1
    outer loop
      vertex -13.875 -0.95 10
      vertex -17.2416 -1.74171 10
      vertex -17.0433 -2.2961 10
    endloop
  endfacet
  facet normal 0 0 1
    outer loop
      vertex -17.5 0 10
      vertex -13.875 0.95 10
      vertex -17.4711 0.588102 10
    endloop
  endfacet
  facet normal 0 0 1
    outer loop
      vertex -13.875 -0.95 10
      vertex -17.3847 -1.17054 10
      vertex -17.2416 -1.74171 10
    endloop
  endfacet
  facet normal 0 0 1
    outer loop
      vertex -13.875 0.95 10
      vertex -17.5 0 10
      vertex -13.875 -0.95 10
    endloop
  endfacet
  facet normal 0 0 1
    outer loop
      vertex -13.875 -0.95 10
      vertex -17.4711 -0.588102 10
      vertex -17.3847 -1.17054 10
    endloop
  endfacet
  facet normal 0 0 1
    outer loop
      vertex -13.875 -0.95 10
      vertex -17.5 0 10
      vertex -17.4711 -0.588102 10
    endloop
  endfacet
  facet normal 0 0 1
    outer loop
      vertex -10.9119 5.97111 10
      vertex -10.55 2.375 10
      vertex -10.3295 5.88471 10
    endloop
  endfacet
  facet normal 0 0 1
    outer loop
      vertex -11.5 6 10
      vertex -10.55 2.375 10
      vertex -10.9119 5.97111 10
    endloop
  endfacet
  facet normal 0 0 1
    outer loop
      vertex -12.45 2.375 10
      vertex -11.5 6 10
      vertex -12.0881 5.97111 10
    endloop
  endfacet
  facet normal 0 0 1
    outer loop
      vertex -11.5 6 10
      vertex -12.45 2.375 10
      vertex -10.55 2.375 10
    endloop
  endfacet
  facet normal -0 0 1
    outer loop
      vertex -12.6705 5.88471 10
      vertex -12.45 2.375 10
      vertex -12.0881 5.97111 10
    endloop
  endfacet
  facet normal -0 0 1
    outer loop
      vertex -13.2417 5.74164 10
      vertex -12.45 2.375 10
      vertex -12.6705 5.88471 10
    endloop
  endfacet
  facet normal -0 0 1
    outer loop
      vertex -13.7961 5.54328 10
      vertex -12.45 2.375 10
      vertex -13.2417 5.74164 10
    endloop
  endfacet
  facet normal -0 0 1
    outer loop
      vertex -14.3284 5.29153 10
      vertex -12.45 2.375 10
      vertex -13.7961 5.54328 10
    endloop
  endfacet
  facet normal -0 0 1
    outer loop
      vertex -14.8334 4.98882 10
      vertex -12.45 2.375 10
      vertex -14.3284 5.29153 10
    endloop
  endfacet
  facet normal -0 0 1
    outer loop
      vertex -15.3064 4.63806 10
      vertex -12.45 2.375 10
      vertex -14.8334 4.98882 10
    endloop
  endfacet
  facet normal 0 0 1
    outer loop
      vertex -12.45 2.375 10
      vertex -13.875 0.95 10
      vertex -12.45 0.95 10
    endloop
  endfacet
  facet normal 0 0 1
    outer loop
      vertex -9.125 0.95 10
      vertex -5.5 0 10
      vertex -5.52889 0.588102 10
    endloop
  endfacet
  facet normal -0 0 1
    outer loop
      vertex -9.125 0.95 10
      vertex -5.52889 0.588102 10
      vertex -5.61529 1.17054 10
    endloop
  endfacet
  facet normal 0 0 1
    outer loop
      vertex -9.125 -0.95 10
      vertex -5.5 0 10
      vertex -9.125 0.95 10
    endloop
  endfacet
  facet normal 0 0 1
    outer loop
      vertex -9.125 0.95 10
      vertex -5.61529 1.17054 10
      vertex -5.75836 1.74171 10
    endloop
  endfacet
  facet normal 0 0 1
    outer loop
      vertex -5.5 0 10
      vertex -9.125 -0.95 10
      vertex -5.52889 -0.588102 10
    endloop
  endfacet
  facet normal 0 0 1
    outer loop
      vertex -9.125 0.95 10
      vertex -5.75836 1.74171 10
      vertex -5.95672 2.2961 10
    endloop
  endfacet
  facet normal 0 0 1
    outer loop
      vertex -5.52889 -0.588102 10
      vertex -9.125 -0.95 10
      vertex -5.61529 -1.17054 10
    endloop
  endfacet
  facet normal 0 0 1
    outer loop
      vertex -9.125 0.95 10
      vertex -5.95672 2.2961 10
      vertex -6.20847 2.82838 10
    endloop
  endfacet
  facet normal 0 0 1
    outer loop
      vertex -5.61529 -1.17054 10
      vertex -9.125 -0.95 10
      vertex -5.75836 -1.74171 10
    endloop
  endfacet
  facet normal 0 0 1
    outer loop
      vertex -9.125 0.95 10
      vertex -6.20847 2.82838 10
      vertex -6.51118 3.33342 10
    endloop
  endfacet
  facet normal 0 0 1
    outer loop
      vertex -5.75836 -1.74171 10
      vertex -9.125 -0.95 10
      vertex -5.95672 -2.2961 10
    endloop
  endfacet
  facet normal 0 0 1
    outer loop
      vertex -9.125 0.95 10
      vertex -6.51118 3.33342 10
      vertex -6.86194 3.80636 10
    endloop
  endfacet
  facet normal 0 0 1
    outer loop
      vertex -5.95672 -2.2961 10
      vertex -9.125 -0.95 10
      vertex -6.20847 -2.82838 10
    endloop
  endfacet
  facet normal 0 0 1
    outer loop
      vertex -9.125 0.95 10
      vertex -6.86194 3.80636 10
      vertex -7.25736 4.24264 10
    endloop
  endfacet
  facet normal 0 0 1
    outer loop
      vertex -6.20847 -2.82838 10
      vertex -9.125 -0.95 10
      vertex -6.51118 -3.33342 10
    endloop
  endfacet
  facet normal 0 0 1
    outer loop
      vertex -10.55 2.375 10
      vertex -7.25736 4.24264 10
      vertex -7.69364 4.63806 10
    endloop
  endfacet
  facet normal 0 0 1
    outer loop
      vertex -6.51118 -3.33342 10
      vertex -9.125 -0.95 10
      vertex -6.86194 -3.80636 10
    endloop
  endfacet
  facet normal 0 0 1
    outer loop
      vertex -10.55 2.375 10
      vertex -7.69364 4.63806 10
      vertex -8.16658 4.98882 10
    endloop
  endfacet
  facet normal 0 0 1
    outer loop
      vertex -6.86194 -3.80636 10
      vertex -9.125 -0.95 10
      vertex -7.25736 -4.24264 10
    endloop
  endfacet
  facet normal 0 0 1
    outer loop
      vertex -10.55 2.375 10
      vertex -8.16658 4.98882 10
      vertex -8.67162 5.29153 10
    endloop
  endfacet
  facet normal -0 0 1
    outer loop
      vertex -10.55 -2.375 10
      vertex -7.25736 -4.24264 10
      vertex -9.125 -0.95 10
    endloop
  endfacet
  facet normal 0 0 1
    outer loop
      vertex -7.25736 -4.24264 10
      vertex -10.55 -2.375 10
      vertex -7.69364 -4.63806 10
    endloop
  endfacet
  facet normal 0 0 1
    outer loop
      vertex -10.55 2.375 10
      vertex -8.67162 5.29153 10
      vertex -9.2039 5.54328 10
    endloop
  endfacet
  facet normal 0 0 1
    outer loop
      vertex -10.55 2.375 10
      vertex -9.2039 5.54328 10
      vertex -9.75829 5.74164 10
    endloop
  endfacet
  facet normal 0 0 1
    outer loop
      vertex -10.55 2.375 10
      vertex -9.75829 5.74164 10
      vertex -10.3295 5.88471 10
    endloop
  endfacet
  facet normal 0 0 1
    outer loop
      vertex -7.25736 4.24264 10
      vertex -10.55 2.375 10
      vertex -9.125 0.95 10
    endloop
  endfacet
  facet normal 0 0 1
    outer loop
      vertex -9.125 0.95 10
      vertex -10.55 2.375 10
      vertex -10.55 0.95 10
    endloop
  endfacet
  facet normal 0 0 1
    outer loop
      vertex -7.69364 -4.63806 10
      vertex -10.55 -2.375 10
      vertex -8.16658 -4.98882 10
    endloop
  endfacet
  facet normal 0 0 1
    outer loop
      vertex -8.16658 -4.98882 10
      vertex -10.55 -2.375 10
      vertex -8.67162 -5.29153 10
    endloop
  endfacet
  facet normal 0 0 1
    outer loop
      vertex -8.67162 -5.29153 10
      vertex -10.55 -2.375 10
      vertex -9.2039 -5.54328 10
    endloop
  endfacet
  facet normal 0 0 1
    outer loop
      vertex -9.2039 -5.54328 10
      vertex -10.55 -2.375 10
      vertex -9.75829 -5.74164 10
    endloop
  endfacet
  facet normal 0 0 1
    outer loop
      vertex -10.55 -2.375 10
      vertex -9.125 -0.95 10
      vertex -10.55 -0.95 10
    endloop
  endfacet
  facet normal 0 0 1
    outer loop
      vertex -9.75829 -5.74164 10
      vertex -10.55 -2.375 10
      vertex -10.3295 -5.88471 10
    endloop
  endfacet
  facet normal 0 0 1
    outer loop
      vertex -10.55 -2.375 10
      vertex -10.9119 -5.97111 10
      vertex -10.3295 -5.88471 10
    endloop
  endfacet
  facet normal 0 0 1
    outer loop
      vertex -10.55 -2.375 10
      vertex -11.5 -6 10
      vertex -10.9119 -5.97111 10
    endloop
  endfacet
  facet normal -0 0 1
    outer loop
      vertex -12.45 -2.375 10
      vertex -11.5 -6 10
      vertex -10.55 -2.375 10
    endloop
  endfacet
  facet normal 0 0 1
    outer loop
      vertex -11.5 -6 10
      vertex -12.45 -2.375 10
      vertex -12.0881 -5.97111 10
    endloop
  endfacet
  facet normal 0 0 1
    outer loop
      vertex -12.0881 -5.97111 10
      vertex -12.45 -2.375 10
      vertex -12.6705 -5.88471 10
    endloop
  endfacet
  facet normal -0.998795 0.0490819 0
    outer loop
      vertex -17.5 0 0
      vertex -17.4711 0.588102 10
      vertex -17.4711 0.588102 0
    endloop
  endfacet
  facet normal -0.998795 0.0490819 0
    outer loop
      vertex -17.4711 0.588102 10
      vertex -17.5 0 0
      vertex -17.5 0 10
    endloop
  endfacet
  facet normal -0.336879 -0.941548 0
    outer loop
      vertex -13.7961 -5.54328 0
      vertex -13.2417 -5.74164 10
      vertex -13.7961 -5.54328 10
    endloop
  endfacet
  facet normal -0.336879 -0.941548 -0
    outer loop
      vertex -13.2417 -5.74164 10
      vertex -13.7961 -5.54328 0
      vertex -13.2417 -5.74164 0
    endloop
  endfacet
  facet normal 0.671558 -0.740952 0
    outer loop
      vertex -7.69364 -4.63806 0
      vertex -7.25736 -4.24264 10
      vertex -7.69364 -4.63806 10
    endloop
  endfacet
  facet normal 0.671558 -0.740952 0
    outer loop
      vertex -7.25736 -4.24264 10
      vertex -7.69364 -4.63806 0
      vertex -7.25736 -4.24264 0
    endloop
  endfacet
  facet normal -0.0488961 0.998804 0
    outer loop
      vertex -9.3304 -1.49902 0
      vertex -9.35001 -1.49998 8.1
      vertex -9.3304 -1.49902 8.1
    endloop
  endfacet
  facet normal -0.0488961 0.998804 0
    outer loop
      vertex -9.35001 -1.49998 8.1
      vertex -9.3304 -1.49902 0
      vertex -9.35001 -1.49998 0
    endloop
  endfacet
  facet normal 0 -1 0
    outer loop
      vertex -13.65 1.49998 0
      vertex -9.35001 1.49998 8.1
      vertex -13.65 1.49998 8.1
    endloop
  endfacet
  facet normal 0 -1 -0
    outer loop
      vertex -9.35001 1.49998 8.1
      vertex -13.65 1.49998 0
      vertex -9.35001 1.49998 0
    endloop
  endfacet
  facet normal 0.672622 -0.739986 0
    outer loop
      vertex -13.7914 1.44141 0
      vertex -13.7769 1.45459 8.1
      vertex -13.7914 1.44141 8.1
    endloop
  endfacet
  facet normal 0.672622 -0.739986 0
    outer loop
      vertex -13.7769 1.45459 8.1
      vertex -13.7914 1.44141 0
      vertex -13.7769 1.45459 0
    endloop
  endfacet
  facet normal 0.998702 -0.0509282 0
    outer loop
      vertex -13.85 1.29999 8.1
      vertex -13.849 1.3196 0
      vertex -13.849 1.3196 8.1
    endloop
  endfacet
  facet normal 0.998702 -0.0509282 0
    outer loop
      vertex -13.849 1.3196 0
      vertex -13.85 1.29999 8.1
      vertex -13.85 1.29999 0
    endloop
  endfacet
  facet normal 0.0489209 -0.998803 0
    outer loop
      vertex -13.6696 1.49902 0
      vertex -13.65 1.49998 8.1
      vertex -13.6696 1.49902 8.1
    endloop
  endfacet
  facet normal 0.0489209 -0.998803 0
    outer loop
      vertex -13.65 1.49998 8.1
      vertex -13.6696 1.49902 0
      vertex -13.65 1.49998 0
    endloop
  endfacet
  facet normal -0.595751 0.803169 0
    outer loop
      vertex -9.22313 -1.45459 0
      vertex -9.23889 -1.46628 8.1
      vertex -9.22313 -1.45459 8.1
    endloop
  endfacet
  facet normal -0.595751 0.803169 0
    outer loop
      vertex -9.23889 -1.46628 8.1
      vertex -9.22313 -1.45459 0
      vertex -9.23889 -1.46628 0
    endloop
  endfacet
  facet normal 0.970887 -0.239537 0
    outer loop
      vertex -13.8461 1.339 8.1
      vertex -13.8414 1.35805 0
      vertex -13.8414 1.35805 8.1
    endloop
  endfacet
  facet normal 0.970887 -0.239537 0
    outer loop
      vertex -13.8414 1.35805 0
      vertex -13.8461 1.339 8.1
      vertex -13.8461 1.339 0
    endloop
  endfacet
  facet normal -0.426925 0.904287 0
    outer loop
      vertex -9.25572 -1.47638 0
      vertex -9.27347 -1.48476 8.1
      vertex -9.25572 -1.47638 8.1
    endloop
  endfacet
  facet normal -0.426925 0.904287 0
    outer loop
      vertex -9.27347 -1.48476 8.1
      vertex -9.25572 -1.47638 0
      vertex -9.27347 -1.48476 0
    endloop
  endfacet
  facet normal -0.33724 -0.941419 0
    outer loop
      vertex -9.29195 1.49138 0
      vertex -9.27347 1.48476 8.1
      vertex -9.29195 1.49138 8.1
    endloop
  endfacet
  facet normal -0.33724 -0.941419 -0
    outer loop
      vertex -9.27347 1.48476 8.1
      vertex -9.29195 1.49138 0
      vertex -9.27347 1.48476 0
    endloop
  endfacet
  facet normal 1 -0 0
    outer loop
      vertex -13.85 -1.29999 8.1
      vertex -13.85 1.29999 0
      vertex -13.85 1.29999 8.1
    endloop
  endfacet
  facet normal 1 0 0
    outer loop
      vertex -13.85 1.29999 0
      vertex -13.85 -1.29999 8.1
      vertex -13.85 -1.29999 0
    endloop
  endfacet
  facet normal 0.241818 -0.970322 0
    outer loop
      vertex -13.7081 1.49138 0
      vertex -13.689 1.49614 8.1
      vertex -13.7081 1.49138 8.1
    endloop
  endfacet
  facet normal 0.241818 -0.970322 0
    outer loop
      vertex -13.689 1.49614 8.1
      vertex -13.7081 1.49138 0
      vertex -13.689 1.49614 0
    endloop
  endfacet
  facet normal 0 1 -0
    outer loop
      vertex -9.35001 -1.49998 0
      vertex -13.65 -1.49998 8.1
      vertex -9.35001 -1.49998 8.1
    endloop
  endfacet
  facet normal 0 1 0
    outer loop
      vertex -13.65 -1.49998 8.1
      vertex -9.35001 -1.49998 0
      vertex -13.65 -1.49998 0
    endloop
  endfacet
  facet normal -0.904391 -0.426705 0
    outer loop
      vertex -9.16524 1.37653 0
      vertex -9.17361 1.39427 8.1
      vertex -9.17361 1.39427 0
    endloop
  endfacet
  facet normal -0.904391 -0.426705 0
    outer loop
      vertex -9.17361 1.39427 8.1
      vertex -9.16524 1.37653 0
      vertex -9.16524 1.37653 8.1
    endloop
  endfacet
  facet normal 0.146844 0.98916 -0
    outer loop
      vertex -13.6696 -1.49902 0
      vertex -13.689 -1.49614 8.1
      vertex -13.6696 -1.49902 8.1
    endloop
  endfacet
  facet normal 0.146844 0.98916 0
    outer loop
      vertex -13.689 -1.49614 8.1
      vertex -13.6696 -1.49902 0
      vertex -13.689 -1.49614 0
    endloop
  endfacet
  facet normal 0.594777 -0.803891 0
    outer loop
      vertex -13.7769 1.45459 0
      vertex -13.7611 1.46628 8.1
      vertex -13.7769 1.45459 8.1
    endloop
  endfacet
  facet normal 0.594777 -0.803891 0
    outer loop
      vertex -13.7611 1.46628 8.1
      vertex -13.7769 1.45459 0
      vertex -13.7611 1.46628 0
    endloop
  endfacet
  facet normal -0.998804 -0.0488961 0
    outer loop
      vertex -9.15001 1.29999 0
      vertex -9.15097 1.3196 8.1
      vertex -9.15097 1.3196 0
    endloop
  endfacet
  facet normal -0.998804 -0.0488961 0
    outer loop
      vertex -9.15097 1.3196 8.1
      vertex -9.15001 1.29999 0
      vertex -9.15001 1.29999 8.1
    endloop
  endfacet
  facet normal -0.803413 -0.595423 0
    outer loop
      vertex -9.18372 1.4111 0
      vertex -9.1954 1.42686 8.1
      vertex -9.1954 1.42686 0
    endloop
  endfacet
  facet normal -0.803413 -0.595423 0
    outer loop
      vertex -9.1954 1.42686 8.1
      vertex -9.18372 1.4111 0
      vertex -9.18372 1.4111 8.1
    endloop
  endfacet
  facet normal -0.998804 0.0488961 0
    outer loop
      vertex -9.15097 -1.3196 0
      vertex -9.15001 -1.29999 8.1
      vertex -9.15001 -1.29999 0
    endloop
  endfacet
  facet normal -0.998804 0.0488961 0
    outer loop
      vertex -9.15001 -1.29999 8.1
      vertex -9.15097 -1.3196 0
      vertex -9.15097 -1.3196 8.1
    endloop
  endfacet
  facet normal 0.0489209 0.998803 -0
    outer loop
      vertex -13.65 -1.49998 0
      vertex -13.6696 -1.49902 8.1
      vertex -13.65 -1.49998 8.1
    endloop
  endfacet
  facet normal 0.0489209 0.998803 0
    outer loop
      vertex -13.6696 -1.49902 8.1
      vertex -13.65 -1.49998 0
      vertex -13.6696 -1.49902 0
    endloop
  endfacet
  facet normal 0.146844 -0.98916 0
    outer loop
      vertex -13.689 1.49614 0
      vertex -13.6696 1.49902 8.1
      vertex -13.689 1.49614 8.1
    endloop
  endfacet
  facet normal 0.146844 -0.98916 0
    outer loop
      vertex -13.6696 1.49902 8.1
      vertex -13.689 1.49614 0
      vertex -13.6696 1.49902 0
    endloop
  endfacet
  facet normal 0.970887 0.239537 0
    outer loop
      vertex -13.8414 -1.35805 8.1
      vertex -13.8461 -1.339 0
      vertex -13.8461 -1.339 8.1
    endloop
  endfacet
  facet normal 0.970887 0.239537 0
    outer loop
      vertex -13.8461 -1.339 0
      vertex -13.8414 -1.35805 8.1
      vertex -13.8414 -1.35805 0
    endloop
  endfacet
  facet normal 0.425944 0.90475 -0
    outer loop
      vertex -13.7265 -1.48476 0
      vertex -13.7443 -1.47638 8.1
      vertex -13.7265 -1.48476 8.1
    endloop
  endfacet
  facet normal 0.425944 0.90475 0
    outer loop
      vertex -13.7443 -1.47638 8.1
      vertex -13.7265 -1.48476 0
      vertex -13.7443 -1.47638 0
    endloop
  endfacet
  facet normal 0.515246 0.857042 -0
    outer loop
      vertex -13.7443 -1.47638 0
      vertex -13.7611 -1.46628 8.1
      vertex -13.7443 -1.47638 8.1
    endloop
  endfacet
  facet normal 0.515246 0.857042 0
    outer loop
      vertex -13.7611 -1.46628 8.1
      vertex -13.7443 -1.47638 0
      vertex -13.7611 -1.46628 0
    endloop
  endfacet
  facet normal -0.0488961 -0.998804 0
    outer loop
      vertex -9.35001 1.49998 0
      vertex -9.3304 1.49902 8.1
      vertex -9.35001 1.49998 8.1
    endloop
  endfacet
  facet normal -0.0488961 -0.998804 -0
    outer loop
      vertex -9.3304 1.49902 8.1
      vertex -9.35001 1.49998 0
      vertex -9.3304 1.49902 0
    endloop
  endfacet
  facet normal -0.14677 -0.989171 0
    outer loop
      vertex -9.3304 1.49902 0
      vertex -9.31099 1.49614 8.1
      vertex -9.3304 1.49902 8.1
    endloop
  endfacet
  facet normal -0.14677 -0.989171 -0
    outer loop
      vertex -9.31099 1.49614 8.1
      vertex -9.3304 1.49902 0
      vertex -9.31099 1.49614 0
    endloop
  endfacet
  facet normal 0.338538 0.940953 -0
    outer loop
      vertex -13.7081 -1.49138 0
      vertex -13.7265 -1.48476 8.1
      vertex -13.7081 -1.49138 8.1
    endloop
  endfacet
  facet normal 0.338538 0.940953 0
    outer loop
      vertex -13.7265 -1.48476 8.1
      vertex -13.7081 -1.49138 0
      vertex -13.7265 -1.48476 0
    endloop
  endfacet
  facet normal 0.941742 -0.336336 0
    outer loop
      vertex -13.8414 1.35805 8.1
      vertex -13.8348 1.37653 0
      vertex -13.8348 1.37653 8.1
    endloop
  endfacet
  facet normal 0.941742 -0.336336 0
    outer loop
      vertex -13.8348 1.37653 0
      vertex -13.8414 1.35805 8.1
      vertex -13.8414 1.35805 0
    endloop
  endfacet
  facet normal -0.514571 -0.857448 0
    outer loop
      vertex -9.25572 1.47638 0
      vertex -9.23889 1.46628 8.1
      vertex -9.25572 1.47638 8.1
    endloop
  endfacet
  facet normal -0.514571 -0.857448 -0
    outer loop
      vertex -9.23889 1.46628 8.1
      vertex -9.25572 1.47638 0
      vertex -9.23889 1.46628 0
    endloop
  endfacet
  facet normal 0.594777 0.803891 -0
    outer loop
      vertex -13.7611 -1.46628 0
      vertex -13.7769 -1.45459 8.1
      vertex -13.7611 -1.46628 8.1
    endloop
  endfacet
  facet normal 0.594777 0.803891 0
    outer loop
      vertex -13.7769 -1.45459 8.1
      vertex -13.7611 -1.46628 0
      vertex -13.7769 -1.45459 0
    endloop
  endfacet
  facet normal 0.515246 -0.857042 0
    outer loop
      vertex -13.7611 1.46628 0
      vertex -13.7443 1.47638 8.1
      vertex -13.7611 1.46628 8.1
    endloop
  endfacet
  facet normal 0.515246 -0.857042 0
    outer loop
      vertex -13.7443 1.47638 8.1
      vertex -13.7611 1.46628 0
      vertex -13.7443 1.47638 0
    endloop
  endfacet
  facet normal 0.989011 0.147842 0
    outer loop
      vertex -13.8461 -1.339 8.1
      vertex -13.849 -1.3196 0
      vertex -13.849 -1.3196 8.1
    endloop
  endfacet
  facet normal 0.989011 0.147842 0
    outer loop
      vertex -13.849 -1.3196 0
      vertex -13.8461 -1.339 8.1
      vertex -13.8461 -1.339 0
    endloop
  endfacet
  facet normal 0.241818 0.970322 -0
    outer loop
      vertex -13.689 -1.49614 0
      vertex -13.7081 -1.49138 8.1
      vertex -13.689 -1.49614 8.1
    endloop
  endfacet
  facet normal 0.241818 0.970322 0
    outer loop
      vertex -13.7081 -1.49138 8.1
      vertex -13.689 -1.49614 0
      vertex -13.7081 -1.49138 0
    endloop
  endfacet
  facet normal -1 0 0
    outer loop
      vertex -9.15001 -1.29999 0
      vertex -9.15001 1.29999 8.1
      vertex -9.15001 1.29999 0
    endloop
  endfacet
  facet normal -1 -0 0
    outer loop
      vertex -9.15001 1.29999 8.1
      vertex -9.15001 -1.29999 0
      vertex -9.15001 -1.29999 8.1
    endloop
  endfacet
  facet normal -0.740884 -0.671633 0
    outer loop
      vertex -9.1954 1.42686 0
      vertex -9.20859 1.44141 8.1
      vertex -9.20859 1.44141 0
    endloop
  endfacet
  facet normal -0.740884 -0.671633 0
    outer loop
      vertex -9.20859 1.44141 8.1
      vertex -9.1954 1.42686 0
      vertex -9.1954 1.42686 8.1
    endloop
  endfacet
  facet normal 0.941742 0.336336 0
    outer loop
      vertex -13.8348 -1.37653 8.1
      vertex -13.8414 -1.35805 0
      vertex -13.8414 -1.35805 8.1
    endloop
  endfacet
  facet normal 0.941742 0.336336 0
    outer loop
      vertex -13.8414 -1.35805 0
      vertex -13.8348 -1.37653 8.1
      vertex -13.8348 -1.37653 0
    endloop
  endfacet
  facet normal 0.998702 0.0509282 0
    outer loop
      vertex -13.849 -1.3196 8.1
      vertex -13.85 -1.29999 0
      vertex -13.85 -1.29999 8.1
    endloop
  endfacet
  facet normal 0.998702 0.0509282 0
    outer loop
      vertex -13.85 -1.29999 0
      vertex -13.849 -1.3196 8.1
      vertex -13.849 -1.3196 0
    endloop
  endfacet
  facet normal -0.803413 0.595423 0
    outer loop
      vertex -9.1954 -1.42686 0
      vertex -9.18372 -1.4111 8.1
      vertex -9.18372 -1.4111 0
    endloop
  endfacet
  facet normal -0.803413 0.595423 0
    outer loop
      vertex -9.18372 -1.4111 8.1
      vertex -9.1954 -1.42686 0
      vertex -9.1954 -1.42686 8.1
    endloop
  endfacet
  facet normal 0.338538 -0.940953 0
    outer loop
      vertex -13.7265 1.48476 0
      vertex -13.7081 1.49138 8.1
      vertex -13.7265 1.48476 8.1
    endloop
  endfacet
  facet normal 0.338538 -0.940953 0
    outer loop
      vertex -13.7081 1.49138 8.1
      vertex -13.7265 1.48476 0
      vertex -13.7081 1.49138 0
    endloop
  endfacet
  facet normal 0.989011 -0.147842 0
    outer loop
      vertex -13.849 1.3196 8.1
      vertex -13.8461 1.339 0
      vertex -13.8461 1.339 8.1
    endloop
  endfacet
  facet normal 0.989011 -0.147842 0
    outer loop
      vertex -13.8461 1.339 0
      vertex -13.849 1.3196 8.1
      vertex -13.849 1.3196 0
    endloop
  endfacet
  facet normal -0.426925 -0.904287 0
    outer loop
      vertex -9.27347 1.48476 0
      vertex -9.25572 1.47638 8.1
      vertex -9.27347 1.48476 8.1
    endloop
  endfacet
  facet normal -0.426925 -0.904287 -0
    outer loop
      vertex -9.25572 1.47638 8.1
      vertex -9.27347 1.48476 0
      vertex -9.25572 1.47638 0
    endloop
  endfacet
  facet normal 0.802925 0.59608 0
    outer loop
      vertex -13.8046 -1.42686 8.1
      vertex -13.8163 -1.4111 0
      vertex -13.8163 -1.4111 8.1
    endloop
  endfacet
  facet normal 0.802925 0.59608 0
    outer loop
      vertex -13.8163 -1.4111 0
      vertex -13.8046 -1.42686 8.1
      vertex -13.8046 -1.42686 0
    endloop
  endfacet
  facet normal -0.242536 0.970143 0
    outer loop
      vertex -9.29195 -1.49138 0
      vertex -9.31099 -1.49614 8.1
      vertex -9.29195 -1.49138 8.1
    endloop
  endfacet
  facet normal -0.242536 0.970143 0
    outer loop
      vertex -9.31099 -1.49614 8.1
      vertex -9.29195 -1.49138 0
      vertex -9.31099 -1.49614 0
    endloop
  endfacet
  facet normal 0.857448 -0.514571 0
    outer loop
      vertex -13.8264 1.39427 8.1
      vertex -13.8163 1.4111 0
      vertex -13.8163 1.4111 8.1
    endloop
  endfacet
  facet normal 0.857448 -0.514571 0
    outer loop
      vertex -13.8163 1.4111 0
      vertex -13.8264 1.39427 8.1
      vertex -13.8264 1.39427 0
    endloop
  endfacet
  facet normal -0.941419 0.33724 0
    outer loop
      vertex -9.16524 -1.37653 0
      vertex -9.15862 -1.35805 8.1
      vertex -9.15862 -1.35805 0
    endloop
  endfacet
  facet normal -0.941419 0.33724 0
    outer loop
      vertex -9.15862 -1.35805 8.1
      vertex -9.16524 -1.37653 0
      vertex -9.16524 -1.37653 8.1
    endloop
  endfacet
  facet normal 0.672622 0.739986 -0
    outer loop
      vertex -13.7769 -1.45459 0
      vertex -13.7914 -1.44141 8.1
      vertex -13.7769 -1.45459 8.1
    endloop
  endfacet
  facet normal 0.672622 0.739986 0
    outer loop
      vertex -13.7914 -1.44141 8.1
      vertex -13.7769 -1.45459 0
      vertex -13.7914 -1.44141 0
    endloop
  endfacet
  facet normal -0.904391 0.426705 0
    outer loop
      vertex -9.17361 -1.39427 0
      vertex -9.16524 -1.37653 8.1
      vertex -9.16524 -1.37653 0
    endloop
  endfacet
  facet normal -0.904391 0.426705 0
    outer loop
      vertex -9.16524 -1.37653 8.1
      vertex -9.17361 -1.39427 0
      vertex -9.17361 -1.39427 8.1
    endloop
  endfacet
  facet normal 0.425944 -0.90475 0
    outer loop
      vertex -13.7443 1.47638 0
      vertex -13.7265 1.48476 8.1
      vertex -13.7443 1.47638 8.1
    endloop
  endfacet
  facet normal 0.425944 -0.90475 0
    outer loop
      vertex -13.7265 1.48476 8.1
      vertex -13.7443 1.47638 0
      vertex -13.7265 1.48476 0
    endloop
  endfacet
  facet normal -0.595751 -0.803169 0
    outer loop
      vertex -9.23889 1.46628 0
      vertex -9.22313 1.45459 8.1
      vertex -9.23889 1.46628 8.1
    endloop
  endfacet
  facet normal -0.595751 -0.803169 -0
    outer loop
      vertex -9.22313 1.45459 8.1
      vertex -9.23889 1.46628 0
      vertex -9.22313 1.45459 0
    endloop
  endfacet
  facet normal -0.242536 -0.970143 0
    outer loop
      vertex -9.31099 1.49614 0
      vertex -9.29195 1.49138 8.1
      vertex -9.31099 1.49614 8.1
    endloop
  endfacet
  facet normal -0.242536 -0.970143 -0
    outer loop
      vertex -9.29195 1.49138 8.1
      vertex -9.31099 1.49614 0
      vertex -9.29195 1.49138 0
    endloop
  endfacet
  facet normal 0.9038 0.427955 0
    outer loop
      vertex -13.8264 -1.39427 8.1
      vertex -13.8348 -1.37653 0
      vertex -13.8348 -1.37653 8.1
    endloop
  endfacet
  facet normal 0.9038 0.427955 0
    outer loop
      vertex -13.8348 -1.37653 0
      vertex -13.8264 -1.39427 8.1
      vertex -13.8264 -1.39427 0
    endloop
  endfacet
  facet normal 0 0 -1
    outer loop
      vertex -9.35001 -1.49998 8.1
      vertex -9.15001 -1.29999 8.1
      vertex -9.15097 -1.3196 8.1
    endloop
  endfacet
  facet normal -0 0 -1
    outer loop
      vertex -9.15001 -1.29999 8.1
      vertex -9.35001 -1.49998 8.1
      vertex -9.15001 1.29999 8.1
    endloop
  endfacet
  facet normal 0 0 -1
    outer loop
      vertex -9.35001 -1.49998 8.1
      vertex -9.15097 -1.3196 8.1
      vertex -9.15385 -1.339 8.1
    endloop
  endfacet
  facet normal 0 0 -1
    outer loop
      vertex -9.35001 1.49998 8.1
      vertex -9.15001 1.29999 8.1
      vertex -9.35001 -1.49998 8.1
    endloop
  endfacet
  facet normal 0 0 -1
    outer loop
      vertex -9.35001 -1.49998 8.1
      vertex -9.15385 -1.339 8.1
      vertex -9.15862 -1.35805 8.1
    endloop
  endfacet
  facet normal 0 0 -1
    outer loop
      vertex -9.15001 1.29999 8.1
      vertex -9.35001 1.49998 8.1
      vertex -9.15097 1.3196 8.1
    endloop
  endfacet
  facet normal 0 0 -1
    outer loop
      vertex -9.35001 -1.49998 8.1
      vertex -9.15862 -1.35805 8.1
      vertex -9.16524 -1.37653 8.1
    endloop
  endfacet
  facet normal 0 0 -1
    outer loop
      vertex -9.15097 1.3196 8.1
      vertex -9.35001 1.49998 8.1
      vertex -9.15385 1.339 8.1
    endloop
  endfacet
  facet normal 0 0 -1
    outer loop
      vertex -9.35001 -1.49998 8.1
      vertex -9.16524 -1.37653 8.1
      vertex -9.17361 -1.39427 8.1
    endloop
  endfacet
  facet normal 0 0 -1
    outer loop
      vertex -9.15385 1.339 8.1
      vertex -9.35001 1.49998 8.1
      vertex -9.15862 1.35805 8.1
    endloop
  endfacet
  facet normal 0 0 -1
    outer loop
      vertex -9.35001 -1.49998 8.1
      vertex -9.17361 -1.39427 8.1
      vertex -9.18372 -1.4111 8.1
    endloop
  endfacet
  facet normal 0 0 -1
    outer loop
      vertex -9.15862 1.35805 8.1
      vertex -9.35001 1.49998 8.1
      vertex -9.16524 1.37653 8.1
    endloop
  endfacet
  facet normal 0 0 -1
    outer loop
      vertex -9.35001 -1.49998 8.1
      vertex -9.18372 -1.4111 8.1
      vertex -9.1954 -1.42686 8.1
    endloop
  endfacet
  facet normal 0 0 -1
    outer loop
      vertex -9.16524 1.37653 8.1
      vertex -9.35001 1.49998 8.1
      vertex -9.17361 1.39427 8.1
    endloop
  endfacet
  facet normal 0 0 -1
    outer loop
      vertex -9.35001 -1.49998 8.1
      vertex -9.1954 -1.42686 8.1
      vertex -9.20859 -1.44141 8.1
    endloop
  endfacet
  facet normal 0 0 -1
    outer loop
      vertex -9.17361 1.39427 8.1
      vertex -9.35001 1.49998 8.1
      vertex -9.18372 1.4111 8.1
    endloop
  endfacet
  facet normal 0 0 -1
    outer loop
      vertex -9.35001 -1.49998 8.1
      vertex -9.20859 -1.44141 8.1
      vertex -9.22313 -1.45459 8.1
    endloop
  endfacet
  facet normal 0 0 -1
    outer loop
      vertex -9.18372 1.4111 8.1
      vertex -9.35001 1.49998 8.1
      vertex -9.1954 1.42686 8.1
    endloop
  endfacet
  facet normal 0 0 -1
    outer loop
      vertex -9.35001 -1.49998 8.1
      vertex -9.22313 -1.45459 8.1
      vertex -9.23889 -1.46628 8.1
    endloop
  endfacet
  facet normal 0 0 -1
    outer loop
      vertex -9.1954 1.42686 8.1
      vertex -9.35001 1.49998 8.1
      vertex -9.20859 1.44141 8.1
    endloop
  endfacet
  facet normal 0 0 -1
    outer loop
      vertex -9.35001 -1.49998 8.1
      vertex -9.23889 -1.46628 8.1
      vertex -9.25572 -1.47638 8.1
    endloop
  endfacet
  facet normal 0 0 -1
    outer loop
      vertex -9.20859 1.44141 8.1
      vertex -9.35001 1.49998 8.1
      vertex -9.22313 1.45459 8.1
    endloop
  endfacet
  facet normal 0 0 -1
    outer loop
      vertex -9.35001 -1.49998 8.1
      vertex -9.25572 -1.47638 8.1
      vertex -9.27347 -1.48476 8.1
    endloop
  endfacet
  facet normal 0 0 -1
    outer loop
      vertex -9.22313 1.45459 8.1
      vertex -9.35001 1.49998 8.1
      vertex -9.23889 1.46628 8.1
    endloop
  endfacet
  facet normal 0 0 -1
    outer loop
      vertex -9.35001 -1.49998 8.1
      vertex -9.27347 -1.48476 8.1
      vertex -9.29195 -1.49138 8.1
    endloop
  endfacet
  facet normal 0 0 -1
    outer loop
      vertex -9.23889 1.46628 8.1
      vertex -9.35001 1.49998 8.1
      vertex -9.25572 1.47638 8.1
    endloop
  endfacet
  facet normal 0 0 -1
    outer loop
      vertex -9.35001 -1.49998 8.1
      vertex -9.29195 -1.49138 8.1
      vertex -9.31099 -1.49614 8.1
    endloop
  endfacet
  facet normal 0 0 -1
    outer loop
      vertex -9.25572 1.47638 8.1
      vertex -9.35001 1.49998 8.1
      vertex -9.27347 1.48476 8.1
    endloop
  endfacet
  facet normal 0 0 -1
    outer loop
      vertex -9.35001 -1.49998 8.1
      vertex -9.31099 -1.49614 8.1
      vertex -9.3304 -1.49902 8.1
    endloop
  endfacet
  facet normal 0 0 -1
    outer loop
      vertex -9.27347 1.48476 8.1
      vertex -9.35001 1.49998 8.1
      vertex -9.29195 1.49138 8.1
    endloop
  endfacet
  facet normal 0 0 -1
    outer loop
      vertex -9.29195 1.49138 8.1
      vertex -9.35001 1.49998 8.1
      vertex -9.31099 1.49614 8.1
    endloop
  endfacet
  facet normal 0 0 -1
    outer loop
      vertex -9.31099 1.49614 8.1
      vertex -9.35001 1.49998 8.1
      vertex -9.3304 1.49902 8.1
    endloop
  endfacet
  facet normal 0 0 -1
    outer loop
      vertex -13.65 -1.49998 8.1
      vertex -9.35001 1.49998 8.1
      vertex -9.35001 -1.49998 8.1
    endloop
  endfacet
  facet normal 0 0 -1
    outer loop
      vertex -13.65 -1.49998 8.1
      vertex -13.65 1.49998 8.1
      vertex -9.35001 1.49998 8.1
    endloop
  endfacet
  facet normal 0 0 -1
    outer loop
      vertex -13.85 -1.29999 8.1
      vertex -13.65 -1.49998 8.1
      vertex -13.6696 -1.49902 8.1
    endloop
  endfacet
  facet normal 0 0 -1
    outer loop
      vertex -13.65 -1.49998 8.1
      vertex -13.85 -1.29999 8.1
      vertex -13.65 1.49998 8.1
    endloop
  endfacet
  facet normal 0 0 -1
    outer loop
      vertex -13.85 -1.29999 8.1
      vertex -13.6696 -1.49902 8.1
      vertex -13.689 -1.49614 8.1
    endloop
  endfacet
  facet normal 0 0 -1
    outer loop
      vertex -13.85 1.29999 8.1
      vertex -13.65 1.49998 8.1
      vertex -13.85 -1.29999 8.1
    endloop
  endfacet
  facet normal 0 0 -1
    outer loop
      vertex -13.85 -1.29999 8.1
      vertex -13.689 -1.49614 8.1
      vertex -13.7081 -1.49138 8.1
    endloop
  endfacet
  facet normal 0 0 -1
    outer loop
      vertex -13.65 1.49998 8.1
      vertex -13.85 1.29999 8.1
      vertex -13.6696 1.49902 8.1
    endloop
  endfacet
  facet normal 0 0 -1
    outer loop
      vertex -13.85 -1.29999 8.1
      vertex -13.7081 -1.49138 8.1
      vertex -13.7265 -1.48476 8.1
    endloop
  endfacet
  facet normal 0 0 -1
    outer loop
      vertex -13.6696 1.49902 8.1
      vertex -13.85 1.29999 8.1
      vertex -13.689 1.49614 8.1
    endloop
  endfacet
  facet normal 0 0 -1
    outer loop
      vertex -13.85 -1.29999 8.1
      vertex -13.7265 -1.48476 8.1
      vertex -13.7443 -1.47638 8.1
    endloop
  endfacet
  facet normal 0 0 -1
    outer loop
      vertex -13.689 1.49614 8.1
      vertex -13.85 1.29999 8.1
      vertex -13.7081 1.49138 8.1
    endloop
  endfacet
  facet normal 0 0 -1
    outer loop
      vertex -13.85 -1.29999 8.1
      vertex -13.7443 -1.47638 8.1
      vertex -13.7611 -1.46628 8.1
    endloop
  endfacet
  facet normal 0 0 -1
    outer loop
      vertex -13.7081 1.49138 8.1
      vertex -13.85 1.29999 8.1
      vertex -13.7265 1.48476 8.1
    endloop
  endfacet
  facet normal 0 0 -1
    outer loop
      vertex -13.85 -1.29999 8.1
      vertex -13.7611 -1.46628 8.1
      vertex -13.7769 -1.45459 8.1
    endloop
  endfacet
  facet normal 0 0 -1
    outer loop
      vertex -13.7265 1.48476 8.1
      vertex -13.85 1.29999 8.1
      vertex -13.7443 1.47638 8.1
    endloop
  endfacet
  facet normal 0 0 -1
    outer loop
      vertex -13.85 -1.29999 8.1
      vertex -13.7769 -1.45459 8.1
      vertex -13.7914 -1.44141 8.1
    endloop
  endfacet
  facet normal 0 0 -1
    outer loop
      vertex -13.7443 1.47638 8.1
      vertex -13.85 1.29999 8.1
      vertex -13.7611 1.46628 8.1
    endloop
  endfacet
  facet normal 0 0 -1
    outer loop
      vertex -13.85 -1.29999 8.1
      vertex -13.7914 -1.44141 8.1
      vertex -13.8046 -1.42686 8.1
    endloop
  endfacet
  facet normal 0 0 -1
    outer loop
      vertex -13.7611 1.46628 8.1
      vertex -13.85 1.29999 8.1
      vertex -13.7769 1.45459 8.1
    endloop
  endfacet
  facet normal 0 0 -1
    outer loop
      vertex -13.85 -1.29999 8.1
      vertex -13.8046 -1.42686 8.1
      vertex -13.8163 -1.4111 8.1
    endloop
  endfacet
  facet normal 0 0 -1
    outer loop
      vertex -13.7769 1.45459 8.1
      vertex -13.85 1.29999 8.1
      vertex -13.7914 1.44141 8.1
    endloop
  endfacet
  facet normal 0 0 -1
    outer loop
      vertex -13.85 -1.29999 8.1
      vertex -13.8163 -1.4111 8.1
      vertex -13.8264 -1.39427 8.1
    endloop
  endfacet
  facet normal 0 0 -1
    outer loop
      vertex -13.7914 1.44141 8.1
      vertex -13.85 1.29999 8.1
      vertex -13.8046 1.42686 8.1
    endloop
  endfacet
  facet normal 0 0 -1
    outer loop
      vertex -13.85 -1.29999 8.1
      vertex -13.8264 -1.39427 8.1
      vertex -13.8348 -1.37653 8.1
    endloop
  endfacet
  facet normal 0 0 -1
    outer loop
      vertex -13.8046 1.42686 8.1
      vertex -13.85 1.29999 8.1
      vertex -13.8163 1.4111 8.1
    endloop
  endfacet
  facet normal 0 0 -1
    outer loop
      vertex -13.85 -1.29999 8.1
      vertex -13.8348 -1.37653 8.1
      vertex -13.8414 -1.35805 8.1
    endloop
  endfacet
  facet normal 0 0 -1
    outer loop
      vertex -13.8163 1.4111 8.1
      vertex -13.85 1.29999 8.1
      vertex -13.8264 1.39427 8.1
    endloop
  endfacet
  facet normal 0 0 -1
    outer loop
      vertex -13.85 -1.29999 8.1
      vertex -13.8414 -1.35805 8.1
      vertex -13.8461 -1.339 8.1
    endloop
  endfacet
  facet normal 0 0 -1
    outer loop
      vertex -13.8264 1.39427 8.1
      vertex -13.85 1.29999 8.1
      vertex -13.8348 1.37653 8.1
    endloop
  endfacet
  facet normal 0 0 -1
    outer loop
      vertex -13.85 -1.29999 8.1
      vertex -13.8461 -1.339 8.1
      vertex -13.849 -1.3196 8.1
    endloop
  endfacet
  facet normal 0 0 -1
    outer loop
      vertex -13.8348 1.37653 8.1
      vertex -13.85 1.29999 8.1
      vertex -13.8414 1.35805 8.1
    endloop
  endfacet
  facet normal 0 0 -1
    outer loop
      vertex -13.8414 1.35805 8.1
      vertex -13.85 1.29999 8.1
      vertex -13.8461 1.339 8.1
    endloop
  endfacet
  facet normal 0 0 -1
    outer loop
      vertex -13.8461 1.339 8.1
      vertex -13.85 1.29999 8.1
      vertex -13.849 1.3196 8.1
    endloop
  endfacet
  facet normal -0.14677 0.989171 0
    outer loop
      vertex -9.31099 -1.49614 0
      vertex -9.3304 -1.49902 8.1
      vertex -9.31099 -1.49614 8.1
    endloop
  endfacet
  facet normal -0.14677 0.989171 0
    outer loop
      vertex -9.3304 -1.49902 8.1
      vertex -9.31099 -1.49614 0
      vertex -9.3304 -1.49902 0
    endloop
  endfacet
  facet normal 0.740631 -0.671912 0
    outer loop
      vertex -13.8046 1.42686 8.1
      vertex -13.7914 1.44141 0
      vertex -13.7914 1.44141 8.1
    endloop
  endfacet
  facet normal 0.740631 -0.671912 0
    outer loop
      vertex -13.7914 1.44141 0
      vertex -13.8046 1.42686 8.1
      vertex -13.8046 1.42686 0
    endloop
  endfacet
  facet normal -0.98916 -0.146844 0
    outer loop
      vertex -9.15097 1.3196 0
      vertex -9.15385 1.339 8.1
      vertex -9.15385 1.339 0
    endloop
  endfacet
  facet normal -0.98916 -0.146844 0
    outer loop
      vertex -9.15385 1.339 8.1
      vertex -9.15097 1.3196 0
      vertex -9.15097 1.3196 8.1
    endloop
  endfacet
  facet normal 0.9038 -0.427955 0
    outer loop
      vertex -13.8348 1.37653 8.1
      vertex -13.8264 1.39427 0
      vertex -13.8264 1.39427 8.1
    endloop
  endfacet
  facet normal 0.9038 -0.427955 0
    outer loop
      vertex -13.8264 1.39427 0
      vertex -13.8348 1.37653 8.1
      vertex -13.8348 1.37653 0
    endloop
  endfacet
  facet normal 0.802925 -0.59608 0
    outer loop
      vertex -13.8163 1.4111 8.1
      vertex -13.8046 1.42686 0
      vertex -13.8046 1.42686 8.1
    endloop
  endfacet
  facet normal 0.802925 -0.59608 0
    outer loop
      vertex -13.8046 1.42686 0
      vertex -13.8163 1.4111 8.1
      vertex -13.8163 1.4111 0
    endloop
  endfacet
  facet normal -0.33724 0.941419 0
    outer loop
      vertex -9.27347 -1.48476 0
      vertex -9.29195 -1.49138 8.1
      vertex -9.27347 -1.48476 8.1
    endloop
  endfacet
  facet normal -0.33724 0.941419 0
    outer loop
      vertex -9.29195 -1.49138 8.1
      vertex -9.27347 -1.48476 0
      vertex -9.29195 -1.49138 0
    endloop
  endfacet
  facet normal -0.671607 0.740908 0
    outer loop
      vertex -9.20859 -1.44141 0
      vertex -9.22313 -1.45459 8.1
      vertex -9.20859 -1.44141 8.1
    endloop
  endfacet
  facet normal -0.671607 0.740908 0
    outer loop
      vertex -9.22313 -1.45459 8.1
      vertex -9.20859 -1.44141 0
      vertex -9.22313 -1.45459 0
    endloop
  endfacet
  facet normal -0.857223 0.514945 0
    outer loop
      vertex -9.18372 -1.4111 0
      vertex -9.17361 -1.39427 8.1
      vertex -9.17361 -1.39427 0
    endloop
  endfacet
  facet normal -0.857223 0.514945 0
    outer loop
      vertex -9.17361 -1.39427 8.1
      vertex -9.18372 -1.4111 0
      vertex -9.18372 -1.4111 8.1
    endloop
  endfacet
  facet normal -0.857223 -0.514945 0
    outer loop
      vertex -9.17361 1.39427 0
      vertex -9.18372 1.4111 8.1
      vertex -9.18372 1.4111 0
    endloop
  endfacet
  facet normal -0.857223 -0.514945 0
    outer loop
      vertex -9.18372 1.4111 8.1
      vertex -9.17361 1.39427 0
      vertex -9.17361 1.39427 8.1
    endloop
  endfacet
  facet normal 0.857448 0.514571 0
    outer loop
      vertex -13.8163 -1.4111 8.1
      vertex -13.8264 -1.39427 0
      vertex -13.8264 -1.39427 8.1
    endloop
  endfacet
  facet normal 0.857448 0.514571 0
    outer loop
      vertex -13.8264 -1.39427 0
      vertex -13.8163 -1.4111 8.1
      vertex -13.8163 -1.4111 0
    endloop
  endfacet
  facet normal -0.941419 -0.33724 0
    outer loop
      vertex -9.15862 1.35805 0
      vertex -9.16524 1.37653 8.1
      vertex -9.16524 1.37653 0
    endloop
  endfacet
  facet normal -0.941419 -0.33724 0
    outer loop
      vertex -9.16524 1.37653 8.1
      vertex -9.15862 1.35805 0
      vertex -9.15862 1.35805 8.1
    endloop
  endfacet
  facet normal -0.514571 0.857448 0
    outer loop
      vertex -9.23889 -1.46628 0
      vertex -9.25572 -1.47638 8.1
      vertex -9.23889 -1.46628 8.1
    endloop
  endfacet
  facet normal -0.514571 0.857448 0
    outer loop
      vertex -9.25572 -1.47638 8.1
      vertex -9.23889 -1.46628 0
      vertex -9.25572 -1.47638 0
    endloop
  endfacet
  facet normal -0.970053 0.242895 0
    outer loop
      vertex -9.15862 -1.35805 0
      vertex -9.15385 -1.339 8.1
      vertex -9.15385 -1.339 0
    endloop
  endfacet
  facet normal -0.970053 0.242895 0
    outer loop
      vertex -9.15385 -1.339 8.1
      vertex -9.15862 -1.35805 0
      vertex -9.15862 -1.35805 8.1
    endloop
  endfacet
  facet normal -0.98916 0.146844 0
    outer loop
      vertex -9.15385 -1.339 0
      vertex -9.15097 -1.3196 8.1
      vertex -9.15097 -1.3196 0
    endloop
  endfacet
  facet normal -0.98916 0.146844 0
    outer loop
      vertex -9.15097 -1.3196 8.1
      vertex -9.15385 -1.339 0
      vertex -9.15385 -1.339 8.1
    endloop
  endfacet
  facet normal -0.970053 -0.242895 0
    outer loop
      vertex -9.15385 1.339 0
      vertex -9.15862 1.35805 8.1
      vertex -9.15862 1.35805 0
    endloop
  endfacet
  facet normal -0.970053 -0.242895 0
    outer loop
      vertex -9.15862 1.35805 8.1
      vertex -9.15385 1.339 0
      vertex -9.15385 1.339 8.1
    endloop
  endfacet
  facet normal -0.740884 0.671633 0
    outer loop
      vertex -9.20859 -1.44141 0
      vertex -9.1954 -1.42686 8.1
      vertex -9.1954 -1.42686 0
    endloop
  endfacet
  facet normal -0.740884 0.671633 0
    outer loop
      vertex -9.1954 -1.42686 8.1
      vertex -9.20859 -1.44141 0
      vertex -9.20859 -1.44141 8.1
    endloop
  endfacet
  facet normal 0.740631 0.671912 0
    outer loop
      vertex -13.7914 -1.44141 8.1
      vertex -13.8046 -1.42686 0
      vertex -13.8046 -1.42686 8.1
    endloop
  endfacet
  facet normal 0.740631 0.671912 0
    outer loop
      vertex -13.8046 -1.42686 0
      vertex -13.7914 -1.44141 8.1
      vertex -13.7914 -1.44141 0
    endloop
  endfacet
  facet normal -0.671607 -0.740908 0
    outer loop
      vertex -9.22313 1.45459 0
      vertex -9.20859 1.44141 8.1
      vertex -9.22313 1.45459 8.1
    endloop
  endfacet
  facet normal -0.671607 -0.740908 -0
    outer loop
      vertex -9.20859 1.44141 8.1
      vertex -9.22313 1.45459 0
      vertex -9.20859 1.44141 0
    endloop
  endfacet
  facet normal 1 -0 0
    outer loop
      vertex 13.875 -0.95 17.9
      vertex 13.875 0.95 10
      vertex 13.875 0.95 17.9
    endloop
  endfacet
  facet normal 1 0 0
    outer loop
      vertex 13.875 0.95 10
      vertex 13.875 -0.95 17.9
      vertex 13.875 -0.95 10
    endloop
  endfacet
  facet normal -0 0 1
    outer loop
      vertex 9.125 0.95 17.9
      vertex 10.55 -0.95 17.9
      vertex 10.55 0.95 17.9
    endloop
  endfacet
  facet normal 0 0 1
    outer loop
      vertex 10.55 -0.95 17.9
      vertex 9.125 0.95 17.9
      vertex 9.125 -0.95 17.9
    endloop
  endfacet
  facet normal 0 0 1
    outer loop
      vertex 10.55 0.95 17.9
      vertex 12.45 0.95 17.9
      vertex 12.45 2.375 17.9
    endloop
  endfacet
  facet normal 0 0 1
    outer loop
      vertex 12.45 0.95 17.9
      vertex 10.55 0.95 17.9
      vertex 12.45 -0.95 17.9
    endloop
  endfacet
  facet normal 0 0 1
    outer loop
      vertex 10.55 0.95 17.9
      vertex 12.45 2.375 17.9
      vertex 10.55 2.375 17.9
    endloop
  endfacet
  facet normal 0 0 1
    outer loop
      vertex 10.55 -0.95 17.9
      vertex 12.45 -0.95 17.9
      vertex 10.55 0.95 17.9
    endloop
  endfacet
  facet normal 0 0 1
    outer loop
      vertex 12.45 -0.95 17.9
      vertex 10.55 -0.95 17.9
      vertex 12.45 -2.375 17.9
    endloop
  endfacet
  facet normal 0 0 1
    outer loop
      vertex 12.45 -2.375 17.9
      vertex 10.55 -0.95 17.9
      vertex 10.55 -2.375 17.9
    endloop
  endfacet
  facet normal -0 0 1
    outer loop
      vertex 12.45 0.95 17.9
      vertex 13.875 -0.95 17.9
      vertex 13.875 0.95 17.9
    endloop
  endfacet
  facet normal 0 0 1
    outer loop
      vertex 13.875 -0.95 17.9
      vertex 12.45 0.95 17.9
      vertex 12.45 -0.95 17.9
    endloop
  endfacet
  facet normal -1 0 0
    outer loop
      vertex 9.125 -0.95 10
      vertex 9.125 0.95 17.9
      vertex 9.125 0.95 10
    endloop
  endfacet
  facet normal -1 -0 0
    outer loop
      vertex 9.125 0.95 17.9
      vertex 9.125 -0.95 10
      vertex 9.125 -0.95 17.9
    endloop
  endfacet
  facet normal 0 1 -0
    outer loop
      vertex 10.55 0.95 10
      vertex 9.125 0.95 17.9
      vertex 10.55 0.95 17.9
    endloop
  endfacet
  facet normal 0 1 0
    outer loop
      vertex 9.125 0.95 17.9
      vertex 10.55 0.95 10
      vertex 9.125 0.95 10
    endloop
  endfacet
  facet normal 0 1 -0
    outer loop
      vertex 13.875 0.95 10
      vertex 12.45 0.95 17.9
      vertex 13.875 0.95 17.9
    endloop
  endfacet
  facet normal 0 1 0
    outer loop
      vertex 12.45 0.95 17.9
      vertex 13.875 0.95 10
      vertex 12.45 0.95 10
    endloop
  endfacet
  facet normal 0 -1 0
    outer loop
      vertex 9.125 -0.95 10
      vertex 10.55 -0.95 17.9
      vertex 9.125 -0.95 17.9
    endloop
  endfacet
  facet normal 0 -1 -0
    outer loop
      vertex 10.55 -0.95 17.9
      vertex 9.125 -0.95 10
      vertex 10.55 -0.95 10
    endloop
  endfacet
  facet normal 0 -1 0
    outer loop
      vertex 12.45 -0.95 10
      vertex 13.875 -0.95 17.9
      vertex 12.45 -0.95 17.9
    endloop
  endfacet
  facet normal 0 -1 -0
    outer loop
      vertex 13.875 -0.95 17.9
      vertex 12.45 -0.95 10
      vertex 13.875 -0.95 10
    endloop
  endfacet
  facet normal 1 -0 0
    outer loop
      vertex 12.45 0.95 17.9
      vertex 12.45 2.375 10
      vertex 12.45 2.375 17.9
    endloop
  endfacet
  facet normal 1 0 0
    outer loop
      vertex 12.45 2.375 10
      vertex 12.45 0.95 17.9
      vertex 12.45 0.95 10
    endloop
  endfacet
  facet normal 1 -0 0
    outer loop
      vertex 12.45 -2.375 17.9
      vertex 12.45 -0.95 10
      vertex 12.45 -0.95 17.9
    endloop
  endfacet
  facet normal 1 0 0
    outer loop
      vertex 12.45 -0.95 10
      vertex 12.45 -2.375 17.9
      vertex 12.45 -2.375 10
    endloop
  endfacet
  facet normal -1 0 0
    outer loop
      vertex 10.55 0.95 10
      vertex 10.55 2.375 17.9
      vertex 10.55 2.375 10
    endloop
  endfacet
  facet normal -1 -0 0
    outer loop
      vertex 10.55 2.375 17.9
      vertex 10.55 0.95 10
      vertex 10.55 0.95 17.9
    endloop
  endfacet
  facet normal -1 0 0
    outer loop
      vertex 10.55 -2.375 10
      vertex 10.55 -0.95 17.9
      vertex 10.55 -0.95 10
    endloop
  endfacet
  facet normal -1 -0 0
    outer loop
      vertex 10.55 -0.95 17.9
      vertex 10.55 -2.375 10
      vertex 10.55 -2.375 17.9
    endloop
  endfacet
  facet normal 0 1 -0
    outer loop
      vertex 12.45 2.375 10
      vertex 10.55 2.375 17.9
      vertex 12.45 2.375 17.9
    endloop
  endfacet
  facet normal 0 1 0
    outer loop
      vertex 10.55 2.375 17.9
      vertex 12.45 2.375 10
      vertex 10.55 2.375 10
    endloop
  endfacet
  facet normal 0 -1 0
    outer loop
      vertex 10.55 -2.375 10
      vertex 12.45 -2.375 17.9
      vertex 10.55 -2.375 17.9
    endloop
  endfacet
  facet normal 0 -1 -0
    outer loop
      vertex 12.45 -2.375 17.9
      vertex 10.55 -2.375 10
      vertex 12.45 -2.375 10
    endloop
  endfacet
  facet normal 0.146746 0.989174 -0
    outer loop
      vertex 12.6705 5.88471 0
      vertex 12.0881 5.97111 10
      vertex 12.6705 5.88471 10
    endloop
  endfacet
  facet normal 0.146746 0.989174 0
    outer loop
      vertex 12.0881 5.97111 10
      vertex 12.6705 5.88471 0
      vertex 12.0881 5.97111 0
    endloop
  endfacet
  facet normal 0.989176 0.146736 0
    outer loop
      vertex 17.4711 0.588102 10
      vertex 17.3847 1.17054 0
      vertex 17.3847 1.17054 10
    endloop
  endfacet
  facet normal 0.989176 0.146736 0
    outer loop
      vertex 17.3847 1.17054 0
      vertex 17.4711 0.588102 10
      vertex 17.4711 0.588102 0
    endloop
  endfacet
  facet normal 0.998795 0.0490819 0
    outer loop
      vertex 17.5 0 10
      vertex 17.4711 0.588102 0
      vertex 17.4711 0.588102 10
    endloop
  endfacet
  facet normal 0.998795 0.0490819 0
    outer loop
      vertex 17.4711 0.588102 0
      vertex 17.5 0 10
      vertex 17.5 0 0
    endloop
  endfacet
  facet normal 0.970019 0.243027 0
    outer loop
      vertex 17.3847 1.17054 10
      vertex 17.2416 1.74171 0
      vertex 17.2416 1.74171 10
    endloop
  endfacet
  facet normal 0.970019 0.243027 0
    outer loop
      vertex 17.2416 1.74171 0
      vertex 17.3847 1.17054 10
      vertex 17.3847 1.17054 0
    endloop
  endfacet
  facet normal 0.336879 -0.941548 0
    outer loop
      vertex 13.2417 -5.74164 0
      vertex 13.7961 -5.54328 10
      vertex 13.2417 -5.74164 10
    endloop
  endfacet
  facet normal 0.336879 -0.941548 0
    outer loop
      vertex 13.7961 -5.54328 10
      vertex 13.2417 -5.74164 0
      vertex 13.7961 -5.54328 0
    endloop
  endfacet
  facet normal 0.903956 -0.427625 0
    outer loop
      vertex 16.7915 -2.82838 10
      vertex 17.0433 -2.2961 0
      vertex 17.0433 -2.2961 10
    endloop
  endfacet
  facet normal 0.903956 -0.427625 0
    outer loop
      vertex 17.0433 -2.2961 0
      vertex 16.7915 -2.82838 10
      vertex 16.7915 -2.82838 0
    endloop
  endfacet
  facet normal 0.671625 0.740891 -0
    outer loop
      vertex 15.7426 4.24264 0
      vertex 15.3064 4.63806 10
      vertex 15.7426 4.24264 10
    endloop
  endfacet
  facet normal 0.671625 0.740891 0
    outer loop
      vertex 15.3064 4.63806 10
      vertex 15.7426 4.24264 0
      vertex 15.3064 4.63806 0
    endloop
  endfacet
  facet normal -0.740952 0.671558 0
    outer loop
      vertex 6.86194 3.80636 0
      vertex 7.25736 4.24264 10
      vertex 7.25736 4.24264 0
    endloop
  endfacet
  facet normal -0.740952 0.671558 0
    outer loop
      vertex 7.25736 4.24264 10
      vertex 6.86194 3.80636 0
      vertex 6.86194 3.80636 10
    endloop
  endfacet
  facet normal -0.146746 -0.989174 0
    outer loop
      vertex 10.3295 -5.88471 0
      vertex 10.9119 -5.97111 10
      vertex 10.3295 -5.88471 10
    endloop
  endfacet
  facet normal -0.146746 -0.989174 -0
    outer loop
      vertex 10.9119 -5.97111 10
      vertex 10.3295 -5.88471 0
      vertex 10.9119 -5.97111 0
    endloop
  endfacet
  facet normal 0.941578 0.336794 0
    outer loop
      vertex 17.2416 1.74171 10
      vertex 17.0433 2.2961 0
      vertex 17.0433 2.2961 10
    endloop
  endfacet
  facet normal 0.941578 0.336794 0
    outer loop
      vertex 17.0433 2.2961 0
      vertex 17.2416 1.74171 10
      vertex 17.2416 1.74171 0
    endloop
  endfacet
  facet normal -0.0490651 0.998796 0
    outer loop
      vertex 11.5 6 0
      vertex 10.9119 5.97111 10
      vertex 11.5 6 10
    endloop
  endfacet
  facet normal -0.0490651 0.998796 0
    outer loop
      vertex 10.9119 5.97111 10
      vertex 11.5 6 0
      vertex 10.9119 5.97111 0
    endloop
  endfacet
  facet normal 0.803253 0.595638 0
    outer loop
      vertex 16.4888 3.33342 10
      vertex 16.1381 3.80636 0
      vertex 16.1381 3.80636 10
    endloop
  endfacet
  facet normal 0.803253 0.595638 0
    outer loop
      vertex 16.1381 3.80636 0
      vertex 16.4888 3.33342 10
      vertex 16.4888 3.33342 0
    endloop
  endfacet
  facet normal 0.0490651 -0.998796 0
    outer loop
      vertex 11.5 -6 0
      vertex 12.0881 -5.97111 10
      vertex 11.5 -6 10
    endloop
  endfacet
  facet normal 0.0490651 -0.998796 0
    outer loop
      vertex 12.0881 -5.97111 10
      vertex 11.5 -6 0
      vertex 12.0881 -5.97111 0
    endloop
  endfacet
  facet normal 0.0490651 0.998796 -0
    outer loop
      vertex 12.0881 5.97111 0
      vertex 11.5 6 10
      vertex 12.0881 5.97111 10
    endloop
  endfacet
  facet normal 0.0490651 0.998796 0
    outer loop
      vertex 11.5 6 10
      vertex 12.0881 5.97111 0
      vertex 11.5 6 0
    endloop
  endfacet
  facet normal 0.857736 -0.514091 0
    outer loop
      vertex 16.4888 -3.33342 10
      vertex 16.7915 -2.82838 0
      vertex 16.7915 -2.82838 10
    endloop
  endfacet
  facet normal 0.857736 -0.514091 0
    outer loop
      vertex 16.7915 -2.82838 0
      vertex 16.4888 -3.33342 10
      vertex 16.4888 -3.33342 0
    endloop
  endfacet
  facet normal -0.595703 -0.803204 0
    outer loop
      vertex 7.69364 -4.63806 0
      vertex 8.16658 -4.98882 10
      vertex 7.69364 -4.63806 10
    endloop
  endfacet
  facet normal -0.595703 -0.803204 -0
    outer loop
      vertex 8.16658 -4.98882 10
      vertex 7.69364 -4.63806 0
      vertex 8.16658 -4.98882 0
    endloop
  endfacet
  facet normal -0.857728 0.514104 0
    outer loop
      vertex 6.20847 2.82838 0
      vertex 6.51118 3.33342 10
      vertex 6.51118 3.33342 0
    endloop
  endfacet
  facet normal -0.857728 0.514104 0
    outer loop
      vertex 6.51118 3.33342 10
      vertex 6.20847 2.82838 0
      vertex 6.20847 2.82838 10
    endloop
  endfacet
  facet normal -0.242963 -0.970036 0
    outer loop
      vertex 9.75829 -5.74164 0
      vertex 10.3295 -5.88471 10
      vertex 9.75829 -5.74164 10
    endloop
  endfacet
  facet normal -0.242963 -0.970036 -0
    outer loop
      vertex 10.3295 -5.88471 10
      vertex 9.75829 -5.74164 0
      vertex 10.3295 -5.88471 0
    endloop
  endfacet
  facet normal 0.857736 0.514091 0
    outer loop
      vertex 16.7915 2.82838 10
      vertex 16.4888 3.33342 0
      vertex 16.4888 3.33342 10
    endloop
  endfacet
  facet normal 0.857736 0.514091 0
    outer loop
      vertex 16.4888 3.33342 0
      vertex 16.7915 2.82838 10
      vertex 16.7915 2.82838 0
    endloop
  endfacet
  facet normal -0.998796 -0.049065 0
    outer loop
      vertex 5.52889 -0.588102 0
      vertex 5.5 0 10
      vertex 5.5 0 0
    endloop
  endfacet
  facet normal -0.998796 -0.049065 0
    outer loop
      vertex 5.5 0 10
      vertex 5.52889 -0.588102 0
      vertex 5.52889 -0.588102 10
    endloop
  endfacet
  facet normal 0.903956 0.427625 0
    outer loop
      vertex 17.0433 2.2961 10
      vertex 16.7915 2.82838 0
      vertex 16.7915 2.82838 10
    endloop
  endfacet
  facet normal 0.903956 0.427625 0
    outer loop
      vertex 16.7915 2.82838 0
      vertex 17.0433 2.2961 10
      vertex 17.0433 2.2961 0
    endloop
  endfacet
  facet normal 0.970019 -0.243027 0
    outer loop
      vertex 17.2416 -1.74171 10
      vertex 17.3847 -1.17054 0
      vertex 17.3847 -1.17054 10
    endloop
  endfacet
  facet normal 0.970019 -0.243027 0
    outer loop
      vertex 17.3847 -1.17054 0
      vertex 17.2416 -1.74171 10
      vertex 17.2416 -1.74171 0
    endloop
  endfacet
  facet normal -0.970032 0.242979 0
    outer loop
      vertex 5.61529 1.17054 0
      vertex 5.75836 1.74171 10
      vertex 5.75836 1.74171 0
    endloop
  endfacet
  facet normal -0.970032 0.242979 0
    outer loop
      vertex 5.75836 1.74171 10
      vertex 5.61529 1.17054 0
      vertex 5.61529 1.17054 10
    endloop
  endfacet
  facet normal -0.427556 -0.903989 0
    outer loop
      vertex 8.67162 -5.29153 0
      vertex 9.2039 -5.54328 10
      vertex 8.67162 -5.29153 10
    endloop
  endfacet
  facet normal -0.427556 -0.903989 -0
    outer loop
      vertex 9.2039 -5.54328 10
      vertex 8.67162 -5.29153 0
      vertex 9.2039 -5.54328 0
    endloop
  endfacet
  facet normal -0.970032 -0.242979 0
    outer loop
      vertex 5.75836 -1.74171 0
      vertex 5.61529 -1.17054 10
      vertex 5.61529 -1.17054 0
    endloop
  endfacet
  facet normal -0.970032 -0.242979 0
    outer loop
      vertex 5.61529 -1.17054 10
      vertex 5.75836 -1.74171 0
      vertex 5.75836 -1.74171 10
    endloop
  endfacet
  facet normal 0.336879 0.941548 -0
    outer loop
      vertex 13.7961 5.54328 0
      vertex 13.2417 5.74164 10
      vertex 13.7961 5.54328 10
    endloop
  endfacet
  facet normal 0.336879 0.941548 0
    outer loop
      vertex 13.2417 5.74164 10
      vertex 13.7961 5.54328 0
      vertex 13.2417 5.74164 0
    endloop
  endfacet
  facet normal 0.989176 -0.146736 0
    outer loop
      vertex 17.3847 -1.17054 10
      vertex 17.4711 -0.588102 0
      vertex 17.4711 -0.588102 10
    endloop
  endfacet
  facet normal 0.989176 -0.146736 0
    outer loop
      vertex 17.4711 -0.588102 0
      vertex 17.3847 -1.17054 10
      vertex 17.3847 -1.17054 0
    endloop
  endfacet
  facet normal -0.146746 0.989174 0
    outer loop
      vertex 10.9119 5.97111 0
      vertex 10.3295 5.88471 10
      vertex 10.9119 5.97111 10
    endloop
  endfacet
  facet normal -0.146746 0.989174 0
    outer loop
      vertex 10.3295 5.88471 10
      vertex 10.9119 5.97111 0
      vertex 10.3295 5.88471 0
    endloop
  endfacet
  facet normal 0.427542 -0.903995 0
    outer loop
      vertex 13.7961 -5.54328 0
      vertex 14.3284 -5.29153 10
      vertex 13.7961 -5.54328 10
    endloop
  endfacet
  facet normal 0.427542 -0.903995 0
    outer loop
      vertex 14.3284 -5.29153 10
      vertex 13.7961 -5.54328 0
      vertex 14.3284 -5.29153 0
    endloop
  endfacet
  facet normal -0.671558 0.740952 0
    outer loop
      vertex 7.69364 4.63806 0
      vertex 7.25736 4.24264 10
      vertex 7.69364 4.63806 10
    endloop
  endfacet
  facet normal -0.671558 0.740952 0
    outer loop
      vertex 7.25736 4.24264 10
      vertex 7.69364 4.63806 0
      vertex 7.25736 4.24264 0
    endloop
  endfacet
  facet normal 0 0 -1
    outer loop
      vertex 14.1 -1.5 0
      vertex 17.5 0 0
      vertex 17.4711 -0.588102 0
    endloop
  endfacet
  facet normal 0 0 -1
    outer loop
      vertex 14.1 -1.5 0
      vertex 17.4711 -0.588102 0
      vertex 17.3847 -1.17054 0
    endloop
  endfacet
  facet normal 0 0 -1
    outer loop
      vertex 14.1 1.5 0
      vertex 17.5 0 0
      vertex 14.1 -1.5 0
    endloop
  endfacet
  facet normal 0 0 -1
    outer loop
      vertex 14.1 -1.5 0
      vertex 17.3847 -1.17054 0
      vertex 17.2416 -1.74171 0
    endloop
  endfacet
  facet normal 0 0 -1
    outer loop
      vertex 17.5 0 0
      vertex 14.1 1.5 0
      vertex 17.4711 0.588102 0
    endloop
  endfacet
  facet normal 0 0 -1
    outer loop
      vertex 14.1 -1.5 0
      vertex 17.2416 -1.74171 0
      vertex 17.0433 -2.2961 0
    endloop
  endfacet
  facet normal 0 0 -1
    outer loop
      vertex 17.4711 0.588102 0
      vertex 14.1 1.5 0
      vertex 17.3847 1.17054 0
    endloop
  endfacet
  facet normal 0 0 -1
    outer loop
      vertex 14.0961 -1.53902 0
      vertex 17.0433 -2.2961 0
      vertex 16.7915 -2.82838 0
    endloop
  endfacet
  facet normal 0 0 -1
    outer loop
      vertex 17.3847 1.17054 0
      vertex 14.1 1.5 0
      vertex 17.2416 1.74171 0
    endloop
  endfacet
  facet normal 0 0 -1
    outer loop
      vertex 14.0764 -1.59428 0
      vertex 16.7915 -2.82838 0
      vertex 16.4888 -3.33342 0
    endloop
  endfacet
  facet normal -0 0 -1
    outer loop
      vertex 17.2416 1.74171 0
      vertex 14.1 1.5 0
      vertex 17.0433 2.2961 0
    endloop
  endfacet
  facet normal 0 0 -1
    outer loop
      vertex 14.0414 -1.64142 0
      vertex 16.4888 -3.33342 0
      vertex 16.1381 -3.80636 0
    endloop
  endfacet
  facet normal 0 0 -1
    outer loop
      vertex 14.099 1.51961 0
      vertex 17.0433 2.2961 0
      vertex 14.1 1.5 0
    endloop
  endfacet
  facet normal 0 0 -1
    outer loop
      vertex 14.0111 -1.66629 0
      vertex 16.1381 -3.80636 0
      vertex 15.7426 -4.24264 0
    endloop
  endfacet
  facet normal 0 0 -1
    outer loop
      vertex 14.0961 1.53902 0
      vertex 17.0433 2.2961 0
      vertex 14.099 1.51961 0
    endloop
  endfacet
  facet normal 0 0 -1
    outer loop
      vertex 13.9581 -1.69139 0
      vertex 15.7426 -4.24264 0
      vertex 15.3064 -4.63806 0
    endloop
  endfacet
  facet normal -0 0 -1
    outer loop
      vertex 17.0433 2.2961 0
      vertex 14.0961 1.53902 0
      vertex 16.7915 2.82838 0
    endloop
  endfacet
  facet normal 0 0 -1
    outer loop
      vertex 13.9196 -1.69904 0
      vertex 15.3064 -4.63806 0
      vertex 14.8334 -4.98882 0
    endloop
  endfacet
  facet normal 0 0 -1
    outer loop
      vertex 14.0914 1.55806 0
      vertex 16.7915 2.82838 0
      vertex 14.0961 1.53902 0
    endloop
  endfacet
  facet normal 0 0 -1
    outer loop
      vertex 13.9 -1.7 0
      vertex 14.8334 -4.98882 0
      vertex 14.3284 -5.29153 0
    endloop
  endfacet
  facet normal 0 0 -1
    outer loop
      vertex 14.0848 1.57654 0
      vertex 16.7915 2.82838 0
      vertex 14.0914 1.55806 0
    endloop
  endfacet
  facet normal 0 0 -1
    outer loop
      vertex 14.0764 1.59428 0
      vertex 16.7915 2.82838 0
      vertex 14.0848 1.57654 0
    endloop
  endfacet
  facet normal 0 0 -1
    outer loop
      vertex 17.0433 -2.2961 0
      vertex 14.099 -1.51961 0
      vertex 14.1 -1.5 0
    endloop
  endfacet
  facet normal 0 0 -1
    outer loop
      vertex 17.0433 -2.2961 0
      vertex 14.0961 -1.53902 0
      vertex 14.099 -1.51961 0
    endloop
  endfacet
  facet normal 0 0 -1
    outer loop
      vertex 16.7915 -2.82838 0
      vertex 14.0914 -1.55806 0
      vertex 14.0961 -1.53902 0
    endloop
  endfacet
  facet normal 0 0 -1
    outer loop
      vertex 16.7915 -2.82838 0
      vertex 14.0848 -1.57654 0
      vertex 14.0914 -1.55806 0
    endloop
  endfacet
  facet normal 0 0 -1
    outer loop
      vertex 16.7915 -2.82838 0
      vertex 14.0764 -1.59428 0
      vertex 14.0848 -1.57654 0
    endloop
  endfacet
  facet normal 0 0 -1
    outer loop
      vertex 16.4888 -3.33342 0
      vertex 14.0663 -1.61111 0
      vertex 14.0764 -1.59428 0
    endloop
  endfacet
  facet normal 0 0 -1
    outer loop
      vertex 16.4888 -3.33342 0
      vertex 14.0546 -1.62688 0
      vertex 14.0663 -1.61111 0
    endloop
  endfacet
  facet normal 0 0 -1
    outer loop
      vertex 16.4888 -3.33342 0
      vertex 14.0414 -1.64142 0
      vertex 14.0546 -1.62688 0
    endloop
  endfacet
  facet normal 0 0 -1
    outer loop
      vertex 16.1381 -3.80636 0
      vertex 14.0269 -1.6546 0
      vertex 14.0414 -1.64142 0
    endloop
  endfacet
  facet normal 0 0 -1
    outer loop
      vertex 16.1381 -3.80636 0
      vertex 14.0111 -1.66629 0
      vertex 14.0269 -1.6546 0
    endloop
  endfacet
  facet normal 0 0 -1
    outer loop
      vertex 15.7426 -4.24264 0
      vertex 13.9943 -1.67639 0
      vertex 14.0111 -1.66629 0
    endloop
  endfacet
  facet normal 0 0 -1
    outer loop
      vertex 15.7426 -4.24264 0
      vertex 13.9765 -1.68477 0
      vertex 13.9943 -1.67639 0
    endloop
  endfacet
  facet normal 0 0 -1
    outer loop
      vertex 15.7426 -4.24264 0
      vertex 13.9581 -1.69139 0
      vertex 13.9765 -1.68477 0
    endloop
  endfacet
  facet normal 0 0 -1
    outer loop
      vertex 15.3064 -4.63806 0
      vertex 13.939 -1.69615 0
      vertex 13.9581 -1.69139 0
    endloop
  endfacet
  facet normal 0 0 -1
    outer loop
      vertex 15.3064 -4.63806 0
      vertex 13.9196 -1.69904 0
      vertex 13.939 -1.69615 0
    endloop
  endfacet
  facet normal 0 0 -1
    outer loop
      vertex 14.8334 -4.98882 0
      vertex 13.9 -1.7 0
      vertex 13.9196 -1.69904 0
    endloop
  endfacet
  facet normal 0 0 -1
    outer loop
      vertex 13.7961 -5.54328 0
      vertex 13.9 -1.7 0
      vertex 14.3284 -5.29153 0
    endloop
  endfacet
  facet normal 0 0 -1
    outer loop
      vertex 13.2417 -5.74164 0
      vertex 13.9 -1.7 0
      vertex 13.7961 -5.54328 0
    endloop
  endfacet
  facet normal 0 0 -1
    outer loop
      vertex 12.6705 -5.88471 0
      vertex 13.9 -1.7 0
      vertex 13.2417 -5.74164 0
    endloop
  endfacet
  facet normal 0 0 -1
    outer loop
      vertex 12.0881 -5.97111 0
      vertex 13.9 -1.7 0
      vertex 12.6705 -5.88471 0
    endloop
  endfacet
  facet normal 0 0 -1
    outer loop
      vertex 11.5 -6 0
      vertex 13.9 -1.7 0
      vertex 12.0881 -5.97111 0
    endloop
  endfacet
  facet normal 0 0 -1
    outer loop
      vertex 9.10001 -1.7 0
      vertex 11.5 -6 0
      vertex 10.9119 -5.97111 0
    endloop
  endfacet
  facet normal 0 0 -1
    outer loop
      vertex 9.10001 -1.7 0
      vertex 10.9119 -5.97111 0
      vertex 10.3295 -5.88471 0
    endloop
  endfacet
  facet normal 0 0 -1
    outer loop
      vertex 9.10001 -1.7 0
      vertex 10.3295 -5.88471 0
      vertex 9.75829 -5.74164 0
    endloop
  endfacet
  facet normal 0 0 -1
    outer loop
      vertex 9.10001 -1.7 0
      vertex 9.75829 -5.74164 0
      vertex 9.2039 -5.54328 0
    endloop
  endfacet
  facet normal 0 0 -1
    outer loop
      vertex 11.5 -6 0
      vertex 9.10001 -1.7 0
      vertex 13.9 -1.7 0
    endloop
  endfacet
  facet normal 0 0 -1
    outer loop
      vertex 8.67162 -5.29153 0
      vertex 9.10001 -1.7 0
      vertex 9.2039 -5.54328 0
    endloop
  endfacet
  facet normal 0 0 -1
    outer loop
      vertex 8.16658 -4.98882 0
      vertex 9.10001 -1.7 0
      vertex 8.67162 -5.29153 0
    endloop
  endfacet
  facet normal -0 0 -1
    outer loop
      vertex 9.10001 -1.7 0
      vertex 8.16658 -4.98882 0
      vertex 9.0804 -1.69904 0
    endloop
  endfacet
  facet normal 0 0 -1
    outer loop
      vertex 7.69364 -4.63806 0
      vertex 9.0804 -1.69904 0
      vertex 8.16658 -4.98882 0
    endloop
  endfacet
  facet normal -0 0 -1
    outer loop
      vertex 9.0804 -1.69904 0
      vertex 7.69364 -4.63806 0
      vertex 9.06099 -1.69615 0
    endloop
  endfacet
  facet normal -0 0 -1
    outer loop
      vertex 9.06099 -1.69615 0
      vertex 7.69364 -4.63806 0
      vertex 9.04195 -1.69139 0
    endloop
  endfacet
  facet normal 0 0 -1
    outer loop
      vertex 7.25736 -4.24264 0
      vertex 9.04195 -1.69139 0
      vertex 7.69364 -4.63806 0
    endloop
  endfacet
  facet normal -0 0 -1
    outer loop
      vertex 9.04195 -1.69139 0
      vertex 7.25736 -4.24264 0
      vertex 9.02347 -1.68477 0
    endloop
  endfacet
  facet normal -0 0 -1
    outer loop
      vertex 9.02347 -1.68477 0
      vertex 7.25736 -4.24264 0
      vertex 9.00572 -1.67639 0
    endloop
  endfacet
  facet normal -0 0 -1
    outer loop
      vertex 9.00572 -1.67639 0
      vertex 7.25736 -4.24264 0
      vertex 8.98889 -1.66629 0
    endloop
  endfacet
  facet normal 0 0 -1
    outer loop
      vertex 6.86194 -3.80636 0
      vertex 8.98889 -1.66629 0
      vertex 7.25736 -4.24264 0
    endloop
  endfacet
  facet normal -0 0 -1
    outer loop
      vertex 8.98889 -1.66629 0
      vertex 6.86194 -3.80636 0
      vertex 8.97313 -1.6546 0
    endloop
  endfacet
  facet normal -0 0 -1
    outer loop
      vertex 8.97313 -1.6546 0
      vertex 6.86194 -3.80636 0
      vertex 8.95859 -1.64142 0
    endloop
  endfacet
  facet normal 0 0 -1
    outer loop
      vertex 6.51118 -3.33342 0
      vertex 8.95859 -1.64142 0
      vertex 6.86194 -3.80636 0
    endloop
  endfacet
  facet normal -0 0 -1
    outer loop
      vertex 8.95859 -1.64142 0
      vertex 6.51118 -3.33342 0
      vertex 8.9454 -1.62688 0
    endloop
  endfacet
  facet normal 0 0 -1
    outer loop
      vertex 6.20847 -2.82838 0
      vertex 8.92361 -1.59428 0
      vertex 6.51118 -3.33342 0
    endloop
  endfacet
  facet normal -0 0 -1
    outer loop
      vertex 8.93372 -1.61111 0
      vertex 6.51118 -3.33342 0
      vertex 8.92361 -1.59428 0
    endloop
  endfacet
  facet normal -0 0 -1
    outer loop
      vertex 8.9454 -1.62688 0
      vertex 6.51118 -3.33342 0
      vertex 8.93372 -1.61111 0
    endloop
  endfacet
  facet normal -0 0 -1
    outer loop
      vertex 16.7915 2.82838 0
      vertex 14.0764 1.59428 0
      vertex 16.4888 3.33342 0
    endloop
  endfacet
  facet normal 0 0 -1
    outer loop
      vertex 14.0663 1.61111 0
      vertex 16.4888 3.33342 0
      vertex 14.0764 1.59428 0
    endloop
  endfacet
  facet normal 0 0 -1
    outer loop
      vertex 14.0546 1.62688 0
      vertex 16.4888 3.33342 0
      vertex 14.0663 1.61111 0
    endloop
  endfacet
  facet normal 0 0 -1
    outer loop
      vertex 14.0414 1.64142 0
      vertex 16.4888 3.33342 0
      vertex 14.0546 1.62688 0
    endloop
  endfacet
  facet normal -0 0 -1
    outer loop
      vertex 16.4888 3.33342 0
      vertex 14.0414 1.64142 0
      vertex 16.1381 3.80636 0
    endloop
  endfacet
  facet normal 0 0 -1
    outer loop
      vertex 14.0269 1.6546 0
      vertex 16.1381 3.80636 0
      vertex 14.0414 1.64142 0
    endloop
  endfacet
  facet normal 0 0 -1
    outer loop
      vertex 14.0111 1.66629 0
      vertex 16.1381 3.80636 0
      vertex 14.0269 1.6546 0
    endloop
  endfacet
  facet normal -0 0 -1
    outer loop
      vertex 16.1381 3.80636 0
      vertex 14.0111 1.66629 0
      vertex 15.7426 4.24264 0
    endloop
  endfacet
  facet normal 0 0 -1
    outer loop
      vertex 13.9943 1.67639 0
      vertex 15.7426 4.24264 0
      vertex 14.0111 1.66629 0
    endloop
  endfacet
  facet normal 0 0 -1
    outer loop
      vertex 13.9765 1.68477 0
      vertex 15.7426 4.24264 0
      vertex 13.9943 1.67639 0
    endloop
  endfacet
  facet normal 0 0 -1
    outer loop
      vertex 13.9581 1.69139 0
      vertex 15.7426 4.24264 0
      vertex 13.9765 1.68477 0
    endloop
  endfacet
  facet normal -0 0 -1
    outer loop
      vertex 15.7426 4.24264 0
      vertex 13.9581 1.69139 0
      vertex 15.3064 4.63806 0
    endloop
  endfacet
  facet normal 0 0 -1
    outer loop
      vertex 13.939 1.69615 0
      vertex 15.3064 4.63806 0
      vertex 13.9581 1.69139 0
    endloop
  endfacet
  facet normal 0 0 -1
    outer loop
      vertex 13.9196 1.69904 0
      vertex 15.3064 4.63806 0
      vertex 13.939 1.69615 0
    endloop
  endfacet
  facet normal -0 0 -1
    outer loop
      vertex 15.3064 4.63806 0
      vertex 13.9196 1.69904 0
      vertex 14.8334 4.98882 0
    endloop
  endfacet
  facet normal 0 0 -1
    outer loop
      vertex 13.9 1.7 0
      vertex 14.8334 4.98882 0
      vertex 13.9196 1.69904 0
    endloop
  endfacet
  facet normal -0 0 -1
    outer loop
      vertex 14.8334 4.98882 0
      vertex 13.9 1.7 0
      vertex 14.3284 5.29153 0
    endloop
  endfacet
  facet normal 0 0 -1
    outer loop
      vertex 13.9 1.7 0
      vertex 13.7961 5.54328 0
      vertex 14.3284 5.29153 0
    endloop
  endfacet
  facet normal 0 0 -1
    outer loop
      vertex 13.9 1.7 0
      vertex 13.2417 5.74164 0
      vertex 13.7961 5.54328 0
    endloop
  endfacet
  facet normal 0 0 -1
    outer loop
      vertex 13.9 1.7 0
      vertex 12.6705 5.88471 0
      vertex 13.2417 5.74164 0
    endloop
  endfacet
  facet normal 0 0 -1
    outer loop
      vertex 13.9 1.7 0
      vertex 12.0881 5.97111 0
      vertex 12.6705 5.88471 0
    endloop
  endfacet
  facet normal 0 0 -1
    outer loop
      vertex 13.9 1.7 0
      vertex 11.5 6 0
      vertex 12.0881 5.97111 0
    endloop
  endfacet
  facet normal 0 0 -1
    outer loop
      vertex 9.10001 1.7 0
      vertex 11.5 6 0
      vertex 13.9 1.7 0
    endloop
  endfacet
  facet normal 0 0 -1
    outer loop
      vertex 11.5 6 0
      vertex 9.10001 1.7 0
      vertex 10.9119 5.97111 0
    endloop
  endfacet
  facet normal 0 0 -1
    outer loop
      vertex 10.9119 5.97111 0
      vertex 9.10001 1.7 0
      vertex 10.3295 5.88471 0
    endloop
  endfacet
  facet normal 0 0 -1
    outer loop
      vertex 10.3295 5.88471 0
      vertex 9.10001 1.7 0
      vertex 9.75829 5.74164 0
    endloop
  endfacet
  facet normal 0 0 -1
    outer loop
      vertex 9.75829 5.74164 0
      vertex 9.10001 1.7 0
      vertex 9.2039 5.54328 0
    endloop
  endfacet
  facet normal 0 0 -1
    outer loop
      vertex 8.16658 4.98882 0
      vertex 9.10001 1.7 0
      vertex 9.0804 1.69904 0
    endloop
  endfacet
  facet normal 0 0 -1
    outer loop
      vertex 7.69364 4.63806 0
      vertex 9.0804 1.69904 0
      vertex 9.06099 1.69615 0
    endloop
  endfacet
  facet normal 0 0 -1
    outer loop
      vertex 7.69364 4.63806 0
      vertex 9.06099 1.69615 0
      vertex 9.04195 1.69139 0
    endloop
  endfacet
  facet normal 0 0 -1
    outer loop
      vertex 7.25736 4.24264 0
      vertex 9.04195 1.69139 0
      vertex 9.02347 1.68477 0
    endloop
  endfacet
  facet normal 0 0 -1
    outer loop
      vertex 7.25736 4.24264 0
      vertex 9.02347 1.68477 0
      vertex 9.00572 1.67639 0
    endloop
  endfacet
  facet normal 0 0 -1
    outer loop
      vertex 7.25736 4.24264 0
      vertex 9.00572 1.67639 0
      vertex 8.98889 1.66629 0
    endloop
  endfacet
  facet normal 0 0 -1
    outer loop
      vertex 6.86194 3.80636 0
      vertex 8.98889 1.66629 0
      vertex 8.97313 1.6546 0
    endloop
  endfacet
  facet normal 0 0 -1
    outer loop
      vertex 6.86194 3.80636 0
      vertex 8.97313 1.6546 0
      vertex 8.95859 1.64142 0
    endloop
  endfacet
  facet normal 0 0 -1
    outer loop
      vertex 6.51118 3.33342 0
      vertex 8.95859 1.64142 0
      vertex 8.9454 1.62688 0
    endloop
  endfacet
  facet normal 0 0 -1
    outer loop
      vertex 6.51118 3.33342 0
      vertex 8.9454 1.62688 0
      vertex 8.93372 1.61111 0
    endloop
  endfacet
  facet normal 0 0 -1
    outer loop
      vertex 6.51118 3.33342 0
      vertex 8.93372 1.61111 0
      vertex 8.92361 1.59428 0
    endloop
  endfacet
  facet normal 0 0 -1
    outer loop
      vertex 6.20847 2.82838 0
      vertex 8.92361 1.59428 0
      vertex 8.91524 1.57654 0
    endloop
  endfacet
  facet normal 0 0 -1
    outer loop
      vertex 6.20847 2.82838 0
      vertex 8.91524 1.57654 0
      vertex 8.90862 1.55806 0
    endloop
  endfacet
  facet normal 0 0 -1
    outer loop
      vertex 6.20847 2.82838 0
      vertex 8.90862 1.55806 0
      vertex 8.90385 1.53902 0
    endloop
  endfacet
  facet normal 0 0 -1
    outer loop
      vertex 5.95672 2.2961 0
      vertex 8.90385 1.53902 0
      vertex 8.90097 1.51961 0
    endloop
  endfacet
  facet normal 0 0 -1
    outer loop
      vertex 9.10001 1.7 0
      vertex 8.67162 5.29153 0
      vertex 9.2039 5.54328 0
    endloop
  endfacet
  facet normal 0 0 -1
    outer loop
      vertex 5.95672 2.2961 0
      vertex 8.90097 1.51961 0
      vertex 8.90001 1.5 0
    endloop
  endfacet
  facet normal -0 0 -1
    outer loop
      vertex 8.92361 -1.59428 0
      vertex 6.20847 -2.82838 0
      vertex 8.91524 -1.57654 0
    endloop
  endfacet
  facet normal -0 0 -1
    outer loop
      vertex 8.91524 -1.57654 0
      vertex 6.20847 -2.82838 0
      vertex 8.90862 -1.55806 0
    endloop
  endfacet
  facet normal 0 0 -1
    outer loop
      vertex 9.10001 1.7 0
      vertex 8.16658 4.98882 0
      vertex 8.67162 5.29153 0
    endloop
  endfacet
  facet normal -0 0 -1
    outer loop
      vertex 8.90862 -1.55806 0
      vertex 6.20847 -2.82838 0
      vertex 8.90385 -1.53902 0
    endloop
  endfacet
  facet normal 0 0 -1
    outer loop
      vertex 9.0804 1.69904 0
      vertex 7.69364 4.63806 0
      vertex 8.16658 4.98882 0
    endloop
  endfacet
  facet normal 0 0 -1
    outer loop
      vertex 5.95672 -2.2961 0
      vertex 8.90385 -1.53902 0
      vertex 6.20847 -2.82838 0
    endloop
  endfacet
  facet normal 0 0 -1
    outer loop
      vertex 9.04195 1.69139 0
      vertex 7.25736 4.24264 0
      vertex 7.69364 4.63806 0
    endloop
  endfacet
  facet normal -0 0 -1
    outer loop
      vertex 8.90385 -1.53902 0
      vertex 5.95672 -2.2961 0
      vertex 8.90097 -1.51961 0
    endloop
  endfacet
  facet normal 0 0 -1
    outer loop
      vertex 8.98889 1.66629 0
      vertex 6.86194 3.80636 0
      vertex 7.25736 4.24264 0
    endloop
  endfacet
  facet normal -0 0 -1
    outer loop
      vertex 8.90097 -1.51961 0
      vertex 5.95672 -2.2961 0
      vertex 8.90001 -1.5 0
    endloop
  endfacet
  facet normal 0 0 -1
    outer loop
      vertex 8.95859 1.64142 0
      vertex 6.51118 3.33342 0
      vertex 6.86194 3.80636 0
    endloop
  endfacet
  facet normal 0 0 -1
    outer loop
      vertex 5.75836 -1.74171 0
      vertex 8.90001 -1.5 0
      vertex 5.95672 -2.2961 0
    endloop
  endfacet
  facet normal 0 0 -1
    outer loop
      vertex 8.92361 1.59428 0
      vertex 6.20847 2.82838 0
      vertex 6.51118 3.33342 0
    endloop
  endfacet
  facet normal 0 0 -1
    outer loop
      vertex 5.61529 -1.17054 0
      vertex 8.90001 -1.5 0
      vertex 5.75836 -1.74171 0
    endloop
  endfacet
  facet normal 0 0 -1
    outer loop
      vertex 8.90385 1.53902 0
      vertex 5.95672 2.2961 0
      vertex 6.20847 2.82838 0
    endloop
  endfacet
  facet normal 0 0 -1
    outer loop
      vertex 5.52889 -0.588102 0
      vertex 8.90001 -1.5 0
      vertex 5.61529 -1.17054 0
    endloop
  endfacet
  facet normal 0 0 -1
    outer loop
      vertex 8.90001 1.5 0
      vertex 5.75836 1.74171 0
      vertex 5.95672 2.2961 0
    endloop
  endfacet
  facet normal 0 0 -1
    outer loop
      vertex 5.5 0 0
      vertex 8.90001 -1.5 0
      vertex 5.52889 -0.588102 0
    endloop
  endfacet
  facet normal -0 0 -1
    outer loop
      vertex 8.90001 1.5 0
      vertex 5.61529 1.17054 0
      vertex 5.75836 1.74171 0
    endloop
  endfacet
  facet normal 0 0 -1
    outer loop
      vertex 8.90001 -1.5 0
      vertex 5.5 0 0
      vertex 8.90001 1.5 0
    endloop
  endfacet
  facet normal 0 0 -1
    outer loop
      vertex 8.90001 1.5 0
      vertex 5.52889 0.588102 0
      vertex 5.61529 1.17054 0
    endloop
  endfacet
  facet normal 0 0 -1
    outer loop
      vertex 8.90001 1.5 0
      vertex 5.5 0 0
      vertex 5.52889 0.588102 0
    endloop
  endfacet
  facet normal -0.595703 0.803204 0
    outer loop
      vertex 8.16658 4.98882 0
      vertex 7.69364 4.63806 10
      vertex 8.16658 4.98882 10
    endloop
  endfacet
  facet normal -0.595703 0.803204 0
    outer loop
      vertex 7.69364 4.63806 10
      vertex 8.16658 4.98882 0
      vertex 7.69364 4.63806 0
    endloop
  endfacet
  facet normal 0.242967 0.970035 -0
    outer loop
      vertex 13.2417 5.74164 0
      vertex 12.6705 5.88471 10
      vertex 13.2417 5.74164 10
    endloop
  endfacet
  facet normal 0.242967 0.970035 0
    outer loop
      vertex 12.6705 5.88471 10
      vertex 13.2417 5.74164 0
      vertex 12.6705 5.88471 0
    endloop
  endfacet
  facet normal 0.998795 -0.0490819 0
    outer loop
      vertex 17.4711 -0.588102 10
      vertex 17.5 0 0
      vertex 17.5 0 10
    endloop
  endfacet
  facet normal 0.998795 -0.0490819 0
    outer loop
      vertex 17.5 0 0
      vertex 17.4711 -0.588102 10
      vertex 17.4711 -0.588102 0
    endloop
  endfacet
  facet normal -0.427556 0.903989 0
    outer loop
      vertex 9.2039 5.54328 0
      vertex 8.67162 5.29153 10
      vertex 9.2039 5.54328 10
    endloop
  endfacet
  facet normal -0.427556 0.903989 0
    outer loop
      vertex 8.67162 5.29153 10
      vertex 9.2039 5.54328 0
      vertex 8.67162 5.29153 0
    endloop
  endfacet
  facet normal -0.941546 -0.336884 0
    outer loop
      vertex 5.95672 -2.2961 0
      vertex 5.75836 -1.74171 10
      vertex 5.75836 -1.74171 0
    endloop
  endfacet
  facet normal -0.941546 -0.336884 0
    outer loop
      vertex 5.75836 -1.74171 10
      vertex 5.95672 -2.2961 0
      vertex 5.95672 -2.2961 10
    endloop
  endfacet
  facet normal 0.514134 0.85771 -0
    outer loop
      vertex 14.8334 4.98882 0
      vertex 14.3284 5.29153 10
      vertex 14.8334 4.98882 10
    endloop
  endfacet
  facet normal 0.514134 0.85771 0
    outer loop
      vertex 14.3284 5.29153 10
      vertex 14.8334 4.98882 0
      vertex 14.3284 5.29153 0
    endloop
  endfacet
  facet normal 0.595655 0.803241 -0
    outer loop
      vertex 15.3064 4.63806 0
      vertex 14.8334 4.98882 10
      vertex 15.3064 4.63806 10
    endloop
  endfacet
  facet normal 0.595655 0.803241 0
    outer loop
      vertex 14.8334 4.98882 10
      vertex 15.3064 4.63806 0
      vertex 14.8334 4.98882 0
    endloop
  endfacet
  facet normal 0.146746 -0.989174 0
    outer loop
      vertex 12.0881 -5.97111 0
      vertex 12.6705 -5.88471 10
      vertex 12.0881 -5.97111 10
    endloop
  endfacet
  facet normal 0.146746 -0.989174 0
    outer loop
      vertex 12.6705 -5.88471 10
      vertex 12.0881 -5.97111 0
      vertex 12.6705 -5.88471 0
    endloop
  endfacet
  facet normal 0.740884 -0.671632 0
    outer loop
      vertex 15.7426 -4.24264 10
      vertex 16.1381 -3.80636 0
      vertex 16.1381 -3.80636 10
    endloop
  endfacet
  facet normal 0.740884 -0.671632 0
    outer loop
      vertex 16.1381 -3.80636 0
      vertex 15.7426 -4.24264 10
      vertex 15.7426 -4.24264 0
    endloop
  endfacet
  facet normal 0.803253 -0.595638 0
    outer loop
      vertex 16.1381 -3.80636 10
      vertex 16.4888 -3.33342 0
      vertex 16.4888 -3.33342 10
    endloop
  endfacet
  facet normal 0.803253 -0.595638 0
    outer loop
      vertex 16.4888 -3.33342 0
      vertex 16.1381 -3.80636 10
      vertex 16.1381 -3.80636 0
    endloop
  endfacet
  facet normal 0.242967 -0.970035 0
    outer loop
      vertex 12.6705 -5.88471 0
      vertex 13.2417 -5.74164 10
      vertex 12.6705 -5.88471 10
    endloop
  endfacet
  facet normal 0.242967 -0.970035 0
    outer loop
      vertex 13.2417 -5.74164 10
      vertex 12.6705 -5.88471 0
      vertex 13.2417 -5.74164 0
    endloop
  endfacet
  facet normal 0.941578 -0.336794 0
    outer loop
      vertex 17.0433 -2.2961 10
      vertex 17.2416 -1.74171 0
      vertex 17.2416 -1.74171 10
    endloop
  endfacet
  facet normal 0.941578 -0.336794 0
    outer loop
      vertex 17.2416 -1.74171 0
      vertex 17.0433 -2.2961 10
      vertex 17.0433 -2.2961 0
    endloop
  endfacet
  facet normal -0.242963 0.970036 0
    outer loop
      vertex 10.3295 5.88471 0
      vertex 9.75829 5.74164 10
      vertex 10.3295 5.88471 10
    endloop
  endfacet
  facet normal -0.242963 0.970036 0
    outer loop
      vertex 9.75829 5.74164 10
      vertex 10.3295 5.88471 0
      vertex 9.75829 5.74164 0
    endloop
  endfacet
  facet normal -0.903989 -0.427556 0
    outer loop
      vertex 6.20847 -2.82838 0
      vertex 5.95672 -2.2961 10
      vertex 5.95672 -2.2961 0
    endloop
  endfacet
  facet normal -0.903989 -0.427556 0
    outer loop
      vertex 5.95672 -2.2961 10
      vertex 6.20847 -2.82838 0
      vertex 6.20847 -2.82838 10
    endloop
  endfacet
  facet normal -0.989176 0.146736 0
    outer loop
      vertex 5.52889 0.588102 0
      vertex 5.61529 1.17054 10
      vertex 5.61529 1.17054 0
    endloop
  endfacet
  facet normal -0.989176 0.146736 0
    outer loop
      vertex 5.61529 1.17054 10
      vertex 5.52889 0.588102 0
      vertex 5.52889 0.588102 10
    endloop
  endfacet
  facet normal 0.427542 0.903995 -0
    outer loop
      vertex 14.3284 5.29153 0
      vertex 13.7961 5.54328 10
      vertex 14.3284 5.29153 10
    endloop
  endfacet
  facet normal 0.427542 0.903995 0
    outer loop
      vertex 13.7961 5.54328 10
      vertex 14.3284 5.29153 0
      vertex 13.7961 5.54328 0
    endloop
  endfacet
  facet normal -0.740952 -0.671558 0
    outer loop
      vertex 7.25736 -4.24264 0
      vertex 6.86194 -3.80636 10
      vertex 6.86194 -3.80636 0
    endloop
  endfacet
  facet normal -0.740952 -0.671558 0
    outer loop
      vertex 6.86194 -3.80636 10
      vertex 7.25736 -4.24264 0
      vertex 7.25736 -4.24264 10
    endloop
  endfacet
  facet normal -0.857728 -0.514104 0
    outer loop
      vertex 6.51118 -3.33342 0
      vertex 6.20847 -2.82838 10
      vertex 6.20847 -2.82838 0
    endloop
  endfacet
  facet normal -0.857728 -0.514104 0
    outer loop
      vertex 6.20847 -2.82838 10
      vertex 6.51118 -3.33342 0
      vertex 6.51118 -3.33342 10
    endloop
  endfacet
  facet normal -0.336884 0.941546 0
    outer loop
      vertex 9.75829 5.74164 0
      vertex 9.2039 5.54328 10
      vertex 9.75829 5.74164 10
    endloop
  endfacet
  facet normal -0.336884 0.941546 0
    outer loop
      vertex 9.2039 5.54328 10
      vertex 9.75829 5.74164 0
      vertex 9.2039 5.54328 0
    endloop
  endfacet
  facet normal -0.514104 -0.857728 0
    outer loop
      vertex 8.16658 -4.98882 0
      vertex 8.67162 -5.29153 10
      vertex 8.16658 -4.98882 10
    endloop
  endfacet
  facet normal -0.514104 -0.857728 -0
    outer loop
      vertex 8.67162 -5.29153 10
      vertex 8.16658 -4.98882 0
      vertex 8.67162 -5.29153 0
    endloop
  endfacet
  facet normal -0.941546 0.336884 0
    outer loop
      vertex 5.75836 1.74171 0
      vertex 5.95672 2.2961 10
      vertex 5.95672 2.2961 0
    endloop
  endfacet
  facet normal -0.941546 0.336884 0
    outer loop
      vertex 5.95672 2.2961 10
      vertex 5.75836 1.74171 0
      vertex 5.75836 1.74171 10
    endloop
  endfacet
  facet normal 0.595655 -0.803241 0
    outer loop
      vertex 14.8334 -4.98882 0
      vertex 15.3064 -4.63806 10
      vertex 14.8334 -4.98882 10
    endloop
  endfacet
  facet normal 0.595655 -0.803241 0
    outer loop
      vertex 15.3064 -4.63806 10
      vertex 14.8334 -4.98882 0
      vertex 15.3064 -4.63806 0
    endloop
  endfacet
  facet normal 0.740884 0.671632 0
    outer loop
      vertex 16.1381 3.80636 10
      vertex 15.7426 4.24264 0
      vertex 15.7426 4.24264 10
    endloop
  endfacet
  facet normal 0.740884 0.671632 0
    outer loop
      vertex 15.7426 4.24264 0
      vertex 16.1381 3.80636 10
      vertex 16.1381 3.80636 0
    endloop
  endfacet
  facet normal -0.803204 -0.595703 0
    outer loop
      vertex 6.86194 -3.80636 0
      vertex 6.51118 -3.33342 10
      vertex 6.51118 -3.33342 0
    endloop
  endfacet
  facet normal -0.803204 -0.595703 0
    outer loop
      vertex 6.51118 -3.33342 10
      vertex 6.86194 -3.80636 0
      vertex 6.86194 -3.80636 10
    endloop
  endfacet
  facet normal -0.514104 0.857728 0
    outer loop
      vertex 8.67162 5.29153 0
      vertex 8.16658 4.98882 10
      vertex 8.67162 5.29153 10
    endloop
  endfacet
  facet normal -0.514104 0.857728 0
    outer loop
      vertex 8.16658 4.98882 10
      vertex 8.67162 5.29153 0
      vertex 8.16658 4.98882 0
    endloop
  endfacet
  facet normal -0.989176 -0.146736 0
    outer loop
      vertex 5.61529 -1.17054 0
      vertex 5.52889 -0.588102 10
      vertex 5.52889 -0.588102 0
    endloop
  endfacet
  facet normal -0.989176 -0.146736 0
    outer loop
      vertex 5.52889 -0.588102 10
      vertex 5.61529 -1.17054 0
      vertex 5.61529 -1.17054 10
    endloop
  endfacet
  facet normal -0.903989 0.427556 0
    outer loop
      vertex 5.95672 2.2961 0
      vertex 6.20847 2.82838 10
      vertex 6.20847 2.82838 0
    endloop
  endfacet
  facet normal -0.903989 0.427556 0
    outer loop
      vertex 6.20847 2.82838 10
      vertex 5.95672 2.2961 0
      vertex 5.95672 2.2961 10
    endloop
  endfacet
  facet normal 0.514134 -0.85771 0
    outer loop
      vertex 14.3284 -5.29153 0
      vertex 14.8334 -4.98882 10
      vertex 14.3284 -5.29153 10
    endloop
  endfacet
  facet normal 0.514134 -0.85771 0
    outer loop
      vertex 14.8334 -4.98882 10
      vertex 14.3284 -5.29153 0
      vertex 14.8334 -4.98882 0
    endloop
  endfacet
  facet normal -0.671558 -0.740952 0
    outer loop
      vertex 7.25736 -4.24264 0
      vertex 7.69364 -4.63806 10
      vertex 7.25736 -4.24264 10
    endloop
  endfacet
  facet normal -0.671558 -0.740952 -0
    outer loop
      vertex 7.69364 -4.63806 10
      vertex 7.25736 -4.24264 0
      vertex 7.69364 -4.63806 0
    endloop
  endfacet
  facet normal -0.803204 0.595703 0
    outer loop
      vertex 6.51118 3.33342 0
      vertex 6.86194 3.80636 10
      vertex 6.86194 3.80636 0
    endloop
  endfacet
  facet normal -0.803204 0.595703 0
    outer loop
      vertex 6.86194 3.80636 10
      vertex 6.51118 3.33342 0
      vertex 6.51118 3.33342 10
    endloop
  endfacet
  facet normal -0.0490651 -0.998796 0
    outer loop
      vertex 10.9119 -5.97111 0
      vertex 11.5 -6 10
      vertex 10.9119 -5.97111 10
    endloop
  endfacet
  facet normal -0.0490651 -0.998796 -0
    outer loop
      vertex 11.5 -6 10
      vertex 10.9119 -5.97111 0
      vertex 11.5 -6 0
    endloop
  endfacet
  facet normal -0 0 1
    outer loop
      vertex 9.125 -0.95 10
      vertex 10.55 -2.375 10
      vertex 10.55 -0.95 10
    endloop
  endfacet
  facet normal 0 0 1
    outer loop
      vertex 10.55 -2.375 10
      vertex 9.75829 -5.74164 10
      vertex 10.3295 -5.88471 10
    endloop
  endfacet
  facet normal 0 0 1
    outer loop
      vertex 10.55 -2.375 10
      vertex 9.2039 -5.54328 10
      vertex 9.75829 -5.74164 10
    endloop
  endfacet
  facet normal 0 0 1
    outer loop
      vertex 7.25736 -4.24264 10
      vertex 10.55 -2.375 10
      vertex 9.125 -0.95 10
    endloop
  endfacet
  facet normal -0 0 1
    outer loop
      vertex 7.25736 4.24264 10
      vertex 10.55 2.375 10
      vertex 7.69364 4.63806 10
    endloop
  endfacet
  facet normal 0 0 1
    outer loop
      vertex 10.55 -2.375 10
      vertex 8.67162 -5.29153 10
      vertex 9.2039 -5.54328 10
    endloop
  endfacet
  facet normal 0 0 1
    outer loop
      vertex 10.55 2.375 10
      vertex 7.25736 4.24264 10
      vertex 9.125 0.95 10
    endloop
  endfacet
  facet normal 0 0 1
    outer loop
      vertex 10.55 -2.375 10
      vertex 8.16658 -4.98882 10
      vertex 8.67162 -5.29153 10
    endloop
  endfacet
  facet normal -0 0 1
    outer loop
      vertex 6.86194 3.80636 10
      vertex 9.125 0.95 10
      vertex 7.25736 4.24264 10
    endloop
  endfacet
  facet normal 0 0 1
    outer loop
      vertex 10.55 -2.375 10
      vertex 7.69364 -4.63806 10
      vertex 8.16658 -4.98882 10
    endloop
  endfacet
  facet normal -0 0 1
    outer loop
      vertex 6.51118 3.33342 10
      vertex 9.125 0.95 10
      vertex 6.86194 3.80636 10
    endloop
  endfacet
  facet normal 0 0 1
    outer loop
      vertex 10.55 -2.375 10
      vertex 7.25736 -4.24264 10
      vertex 7.69364 -4.63806 10
    endloop
  endfacet
  facet normal -0 0 1
    outer loop
      vertex 6.20847 2.82838 10
      vertex 9.125 0.95 10
      vertex 6.51118 3.33342 10
    endloop
  endfacet
  facet normal 0 0 1
    outer loop
      vertex 9.125 -0.95 10
      vertex 6.86194 -3.80636 10
      vertex 7.25736 -4.24264 10
    endloop
  endfacet
  facet normal -0 0 1
    outer loop
      vertex 5.95672 2.2961 10
      vertex 9.125 0.95 10
      vertex 6.20847 2.82838 10
    endloop
  endfacet
  facet normal 0 0 1
    outer loop
      vertex 9.125 -0.95 10
      vertex 6.51118 -3.33342 10
      vertex 6.86194 -3.80636 10
    endloop
  endfacet
  facet normal -0 0 1
    outer loop
      vertex 5.75836 1.74171 10
      vertex 9.125 0.95 10
      vertex 5.95672 2.2961 10
    endloop
  endfacet
  facet normal 0 0 1
    outer loop
      vertex 9.125 -0.95 10
      vertex 6.20847 -2.82838 10
      vertex 6.51118 -3.33342 10
    endloop
  endfacet
  facet normal -0 0 1
    outer loop
      vertex 5.61529 1.17054 10
      vertex 9.125 0.95 10
      vertex 5.75836 1.74171 10
    endloop
  endfacet
  facet normal 0 0 1
    outer loop
      vertex 9.125 -0.95 10
      vertex 5.95672 -2.2961 10
      vertex 6.20847 -2.82838 10
    endloop
  endfacet
  facet normal 0 0 1
    outer loop
      vertex 5.52889 0.588102 10
      vertex 9.125 0.95 10
      vertex 5.61529 1.17054 10
    endloop
  endfacet
  facet normal 0 0 1
    outer loop
      vertex 9.125 -0.95 10
      vertex 5.75836 -1.74171 10
      vertex 5.95672 -2.2961 10
    endloop
  endfacet
  facet normal 0 0 1
    outer loop
      vertex 5.5 0 10
      vertex 9.125 0.95 10
      vertex 5.52889 0.588102 10
    endloop
  endfacet
  facet normal 0 0 1
    outer loop
      vertex 9.125 -0.95 10
      vertex 5.61529 -1.17054 10
      vertex 5.75836 -1.74171 10
    endloop
  endfacet
  facet normal 0 0 1
    outer loop
      vertex 9.125 0.95 10
      vertex 5.5 0 10
      vertex 9.125 -0.95 10
    endloop
  endfacet
  facet normal 0 0 1
    outer loop
      vertex 9.125 -0.95 10
      vertex 5.52889 -0.588102 10
      vertex 5.61529 -1.17054 10
    endloop
  endfacet
  facet normal 0 0 1
    outer loop
      vertex 9.125 -0.95 10
      vertex 5.5 0 10
      vertex 5.52889 -0.588102 10
    endloop
  endfacet
  facet normal 0 0 1
    outer loop
      vertex 12.0881 5.97111 10
      vertex 12.45 2.375 10
      vertex 12.6705 5.88471 10
    endloop
  endfacet
  facet normal 0 0 1
    outer loop
      vertex 11.5 6 10
      vertex 12.45 2.375 10
      vertex 12.0881 5.97111 10
    endloop
  endfacet
  facet normal 0 0 1
    outer loop
      vertex 10.55 2.375 10
      vertex 11.5 6 10
      vertex 10.9119 5.97111 10
    endloop
  endfacet
  facet normal 0 0 1
    outer loop
      vertex 11.5 6 10
      vertex 10.55 2.375 10
      vertex 12.45 2.375 10
    endloop
  endfacet
  facet normal -0 0 1
    outer loop
      vertex 10.3295 5.88471 10
      vertex 10.55 2.375 10
      vertex 10.9119 5.97111 10
    endloop
  endfacet
  facet normal -0 0 1
    outer loop
      vertex 9.75829 5.74164 10
      vertex 10.55 2.375 10
      vertex 10.3295 5.88471 10
    endloop
  endfacet
  facet normal -0 0 1
    outer loop
      vertex 9.2039 5.54328 10
      vertex 10.55 2.375 10
      vertex 9.75829 5.74164 10
    endloop
  endfacet
  facet normal -0 0 1
    outer loop
      vertex 8.67162 5.29153 10
      vertex 10.55 2.375 10
      vertex 9.2039 5.54328 10
    endloop
  endfacet
  facet normal -0 0 1
    outer loop
      vertex 8.16658 4.98882 10
      vertex 10.55 2.375 10
      vertex 8.67162 5.29153 10
    endloop
  endfacet
  facet normal -0 0 1
    outer loop
      vertex 7.69364 4.63806 10
      vertex 10.55 2.375 10
      vertex 8.16658 4.98882 10
    endloop
  endfacet
  facet normal 0 0 1
    outer loop
      vertex 10.55 2.375 10
      vertex 9.125 0.95 10
      vertex 10.55 0.95 10
    endloop
  endfacet
  facet normal 0 0 1
    outer loop
      vertex 13.875 0.95 10
      vertex 17.5 0 10
      vertex 17.4711 0.588102 10
    endloop
  endfacet
  facet normal -0 0 1
    outer loop
      vertex 13.875 0.95 10
      vertex 17.4711 0.588102 10
      vertex 17.3847 1.17054 10
    endloop
  endfacet
  facet normal 0 0 1
    outer loop
      vertex 13.875 -0.95 10
      vertex 17.5 0 10
      vertex 13.875 0.95 10
    endloop
  endfacet
  facet normal 0 0 1
    outer loop
      vertex 13.875 0.95 10
      vertex 17.3847 1.17054 10
      vertex 17.2416 1.74171 10
    endloop
  endfacet
  facet normal 0 0 1
    outer loop
      vertex 17.5 0 10
      vertex 13.875 -0.95 10
      vertex 17.4711 -0.588102 10
    endloop
  endfacet
  facet normal 0 0 1
    outer loop
      vertex 13.875 0.95 10
      vertex 17.2416 1.74171 10
      vertex 17.0433 2.2961 10
    endloop
  endfacet
  facet normal 0 0 1
    outer loop
      vertex 17.4711 -0.588102 10
      vertex 13.875 -0.95 10
      vertex 17.3847 -1.17054 10
    endloop
  endfacet
  facet normal 0 0 1
    outer loop
      vertex 13.875 0.95 10
      vertex 17.0433 2.2961 10
      vertex 16.7915 2.82838 10
    endloop
  endfacet
  facet normal 0 0 1
    outer loop
      vertex 17.3847 -1.17054 10
      vertex 13.875 -0.95 10
      vertex 17.2416 -1.74171 10
    endloop
  endfacet
  facet normal 0 0 1
    outer loop
      vertex 13.875 0.95 10
      vertex 16.7915 2.82838 10
      vertex 16.4888 3.33342 10
    endloop
  endfacet
  facet normal 0 0 1
    outer loop
      vertex 17.2416 -1.74171 10
      vertex 13.875 -0.95 10
      vertex 17.0433 -2.2961 10
    endloop
  endfacet
  facet normal 0 0 1
    outer loop
      vertex 13.875 0.95 10
      vertex 16.4888 3.33342 10
      vertex 16.1381 3.80636 10
    endloop
  endfacet
  facet normal 0 0 1
    outer loop
      vertex 17.0433 -2.2961 10
      vertex 13.875 -0.95 10
      vertex 16.7915 -2.82838 10
    endloop
  endfacet
  facet normal 0 0 1
    outer loop
      vertex 13.875 0.95 10
      vertex 16.1381 3.80636 10
      vertex 15.7426 4.24264 10
    endloop
  endfacet
  facet normal 0 0 1
    outer loop
      vertex 16.7915 -2.82838 10
      vertex 13.875 -0.95 10
      vertex 16.4888 -3.33342 10
    endloop
  endfacet
  facet normal 0 0 1
    outer loop
      vertex 12.45 2.375 10
      vertex 15.7426 4.24264 10
      vertex 15.3064 4.63806 10
    endloop
  endfacet
  facet normal 0 0 1
    outer loop
      vertex 16.4888 -3.33342 10
      vertex 13.875 -0.95 10
      vertex 16.1381 -3.80636 10
    endloop
  endfacet
  facet normal 0 0 1
    outer loop
      vertex 12.45 2.375 10
      vertex 15.3064 4.63806 10
      vertex 14.8334 4.98882 10
    endloop
  endfacet
  facet normal 0 0 1
    outer loop
      vertex 16.1381 -3.80636 10
      vertex 13.875 -0.95 10
      vertex 15.7426 -4.24264 10
    endloop
  endfacet
  facet normal 0 0 1
    outer loop
      vertex 12.45 2.375 10
      vertex 14.8334 4.98882 10
      vertex 14.3284 5.29153 10
    endloop
  endfacet
  facet normal -0 0 1
    outer loop
      vertex 12.45 -2.375 10
      vertex 15.7426 -4.24264 10
      vertex 13.875 -0.95 10
    endloop
  endfacet
  facet normal 0 0 1
    outer loop
      vertex 15.7426 -4.24264 10
      vertex 12.45 -2.375 10
      vertex 15.3064 -4.63806 10
    endloop
  endfacet
  facet normal 0 0 1
    outer loop
      vertex 12.45 2.375 10
      vertex 14.3284 5.29153 10
      vertex 13.7961 5.54328 10
    endloop
  endfacet
  facet normal 0 0 1
    outer loop
      vertex 12.45 2.375 10
      vertex 13.7961 5.54328 10
      vertex 13.2417 5.74164 10
    endloop
  endfacet
  facet normal 0 0 1
    outer loop
      vertex 12.45 2.375 10
      vertex 13.2417 5.74164 10
      vertex 12.6705 5.88471 10
    endloop
  endfacet
  facet normal 0 0 1
    outer loop
      vertex 15.7426 4.24264 10
      vertex 12.45 2.375 10
      vertex 13.875 0.95 10
    endloop
  endfacet
  facet normal 0 0 1
    outer loop
      vertex 13.875 0.95 10
      vertex 12.45 2.375 10
      vertex 12.45 0.95 10
    endloop
  endfacet
  facet normal 0 0 1
    outer loop
      vertex 15.3064 -4.63806 10
      vertex 12.45 -2.375 10
      vertex 14.8334 -4.98882 10
    endloop
  endfacet
  facet normal 0 0 1
    outer loop
      vertex 14.8334 -4.98882 10
      vertex 12.45 -2.375 10
      vertex 14.3284 -5.29153 10
    endloop
  endfacet
  facet normal 0 0 1
    outer loop
      vertex 14.3284 -5.29153 10
      vertex 12.45 -2.375 10
      vertex 13.7961 -5.54328 10
    endloop
  endfacet
  facet normal 0 0 1
    outer loop
      vertex 13.7961 -5.54328 10
      vertex 12.45 -2.375 10
      vertex 13.2417 -5.74164 10
    endloop
  endfacet
  facet normal 0 0 1
    outer loop
      vertex 12.45 -2.375 10
      vertex 13.875 -0.95 10
      vertex 12.45 -0.95 10
    endloop
  endfacet
  facet normal 0 0 1
    outer loop
      vertex 13.2417 -5.74164 10
      vertex 12.45 -2.375 10
      vertex 12.6705 -5.88471 10
    endloop
  endfacet
  facet normal 0 0 1
    outer loop
      vertex 12.45 -2.375 10
      vertex 12.0881 -5.97111 10
      vertex 12.6705 -5.88471 10
    endloop
  endfacet
  facet normal 0 0 1
    outer loop
      vertex 12.45 -2.375 10
      vertex 11.5 -6 10
      vertex 12.0881 -5.97111 10
    endloop
  endfacet
  facet normal -0 0 1
    outer loop
      vertex 10.55 -2.375 10
      vertex 11.5 -6 10
      vertex 12.45 -2.375 10
    endloop
  endfacet
  facet normal 0 0 1
    outer loop
      vertex 11.5 -6 10
      vertex 10.55 -2.375 10
      vertex 10.9119 -5.97111 10
    endloop
  endfacet
  facet normal 0 0 1
    outer loop
      vertex 10.9119 -5.97111 10
      vertex 10.55 -2.375 10
      vertex 10.3295 -5.88471 10
    endloop
  endfacet
  facet normal -0.998796 0.049065 0
    outer loop
      vertex 5.5 0 0
      vertex 5.52889 0.588102 10
      vertex 5.52889 0.588102 0
    endloop
  endfacet
  facet normal -0.998796 0.049065 0
    outer loop
      vertex 5.52889 0.588102 10
      vertex 5.5 0 0
      vertex 5.5 0 10
    endloop
  endfacet
  facet normal -0.336884 -0.941546 0
    outer loop
      vertex 9.2039 -5.54328 0
      vertex 9.75829 -5.74164 10
      vertex 9.2039 -5.54328 10
    endloop
  endfacet
  facet normal -0.336884 -0.941546 -0
    outer loop
      vertex 9.75829 -5.74164 10
      vertex 9.2039 -5.54328 0
      vertex 9.75829 -5.74164 0
    endloop
  endfacet
  facet normal 0.671625 -0.740891 0
    outer loop
      vertex 15.3064 -4.63806 0
      vertex 15.7426 -4.24264 10
      vertex 15.3064 -4.63806 10
    endloop
  endfacet
  facet normal 0.671625 -0.740891 0
    outer loop
      vertex 15.7426 -4.24264 10
      vertex 15.3064 -4.63806 0
      vertex 15.7426 -4.24264 0
    endloop
  endfacet
  facet normal 0.426925 0.904287 -0
    outer loop
      vertex 9.02347 -1.68477 0
      vertex 9.00572 -1.67639 8.1
      vertex 9.02347 -1.68477 8.1
    endloop
  endfacet
  facet normal 0.426925 0.904287 0
    outer loop
      vertex 9.00572 -1.67639 8.1
      vertex 9.02347 -1.68477 0
      vertex 9.00572 -1.67639 0
    endloop
  endfacet
  facet normal -0.0489209 0.998803 0
    outer loop
      vertex 13.9196 -1.69904 0
      vertex 13.9 -1.7 8.1
      vertex 13.9196 -1.69904 8.1
    endloop
  endfacet
  facet normal -0.0489209 0.998803 0
    outer loop
      vertex 13.9 -1.7 8.1
      vertex 13.9196 -1.69904 0
      vertex 13.9 -1.7 0
    endloop
  endfacet
  facet normal 0.857223 -0.514945 0
    outer loop
      vertex 8.92361 1.59428 8.1
      vertex 8.93372 1.61111 0
      vertex 8.93372 1.61111 8.1
    endloop
  endfacet
  facet normal 0.857223 -0.514945 0
    outer loop
      vertex 8.93372 1.61111 0
      vertex 8.92361 1.59428 8.1
      vertex 8.92361 1.59428 0
    endloop
  endfacet
  facet normal 0.970023 0.243015 0
    outer loop
      vertex 8.90862 -1.55806 8.1
      vertex 8.90385 -1.53902 0
      vertex 8.90385 -1.53902 8.1
    endloop
  endfacet
  facet normal 0.970023 0.243015 0
    outer loop
      vertex 8.90385 -1.53902 0
      vertex 8.90862 -1.55806 8.1
      vertex 8.90862 -1.55806 0
    endloop
  endfacet
  facet normal 0.0488961 -0.998804 0
    outer loop
      vertex 9.0804 1.69904 0
      vertex 9.10001 1.7 8.1
      vertex 9.0804 1.69904 8.1
    endloop
  endfacet
  facet normal 0.0488961 -0.998804 0
    outer loop
      vertex 9.10001 1.7 8.1
      vertex 9.0804 1.69904 0
      vertex 9.10001 1.7 0
    endloop
  endfacet
  facet normal -0.0489209 -0.998803 0
    outer loop
      vertex 13.9 1.7 0
      vertex 13.9196 1.69904 8.1
      vertex 13.9 1.7 8.1
    endloop
  endfacet
  facet normal -0.0489209 -0.998803 -0
    outer loop
      vertex 13.9196 1.69904 8.1
      vertex 13.9 1.7 0
      vertex 13.9196 1.69904 0
    endloop
  endfacet
  facet normal 1 -0 0
    outer loop
      vertex 8.90001 -1.5 8.1
      vertex 8.90001 1.5 0
      vertex 8.90001 1.5 8.1
    endloop
  endfacet
  facet normal 1 0 0
    outer loop
      vertex 8.90001 1.5 0
      vertex 8.90001 -1.5 8.1
      vertex 8.90001 -1.5 0
    endloop
  endfacet
  facet normal -0.594777 0.803891 0
    outer loop
      vertex 14.0269 -1.6546 0
      vertex 14.0111 -1.66629 8.1
      vertex 14.0269 -1.6546 8.1
    endloop
  endfacet
  facet normal -0.594777 0.803891 0
    outer loop
      vertex 14.0111 -1.66629 8.1
      vertex 14.0269 -1.6546 0
      vertex 14.0111 -1.66629 0
    endloop
  endfacet
  facet normal 0.147269 -0.989096 0
    outer loop
      vertex 9.06099 1.69615 0
      vertex 9.0804 1.69904 8.1
      vertex 9.06099 1.69615 8.1
    endloop
  endfacet
  facet normal 0.147269 -0.989096 0
    outer loop
      vertex 9.0804 1.69904 8.1
      vertex 9.06099 1.69615 0
      vertex 9.0804 1.69904 0
    endloop
  endfacet
  facet normal 0.595751 -0.803169 0
    outer loop
      vertex 8.97313 1.6546 0
      vertex 8.98889 1.66629 8.1
      vertex 8.97313 1.6546 8.1
    endloop
  endfacet
  facet normal 0.595751 -0.803169 0
    outer loop
      vertex 8.98889 1.66629 8.1
      vertex 8.97313 1.6546 0
      vertex 8.98889 1.66629 0
    endloop
  endfacet
  facet normal 0.998804 0.0488961 0
    outer loop
      vertex 8.90097 -1.51961 8.1
      vertex 8.90001 -1.5 0
      vertex 8.90001 -1.5 8.1
    endloop
  endfacet
  facet normal 0.998804 0.0488961 0
    outer loop
      vertex 8.90001 -1.5 0
      vertex 8.90097 -1.51961 8.1
      vertex 8.90097 -1.51961 0
    endloop
  endfacet
  facet normal -0.147343 -0.989085 0
    outer loop
      vertex 13.9196 1.69904 0
      vertex 13.939 1.69615 8.1
      vertex 13.9196 1.69904 8.1
    endloop
  endfacet
  facet normal -0.147343 -0.989085 -0
    outer loop
      vertex 13.939 1.69615 8.1
      vertex 13.9196 1.69904 0
      vertex 13.939 1.69615 0
    endloop
  endfacet
  facet normal 0.671607 0.740908 -0
    outer loop
      vertex 8.97313 -1.6546 0
      vertex 8.95859 -1.64142 8.1
      vertex 8.97313 -1.6546 8.1
    endloop
  endfacet
  facet normal 0.671607 0.740908 0
    outer loop
      vertex 8.95859 -1.64142 8.1
      vertex 8.97313 -1.6546 0
      vertex 8.95859 -1.64142 0
    endloop
  endfacet
  facet normal 0 1 -0
    outer loop
      vertex 13.9 -1.7 0
      vertex 9.10001 -1.7 8.1
      vertex 13.9 -1.7 8.1
    endloop
  endfacet
  facet normal 0 1 0
    outer loop
      vertex 9.10001 -1.7 8.1
      vertex 13.9 -1.7 0
      vertex 9.10001 -1.7 0
    endloop
  endfacet
  facet normal -0.338538 -0.940953 0
    outer loop
      vertex 13.9581 1.69139 0
      vertex 13.9765 1.68477 8.1
      vertex 13.9581 1.69139 8.1
    endloop
  endfacet
  facet normal -0.338538 -0.940953 -0
    outer loop
      vertex 13.9765 1.68477 8.1
      vertex 13.9581 1.69139 0
      vertex 13.9765 1.68477 0
    endloop
  endfacet
  facet normal 0.671607 -0.740908 0
    outer loop
      vertex 8.95859 1.64142 0
      vertex 8.97313 1.6546 8.1
      vertex 8.95859 1.64142 8.1
    endloop
  endfacet
  facet normal 0.671607 -0.740908 0
    outer loop
      vertex 8.97313 1.6546 8.1
      vertex 8.95859 1.64142 0
      vertex 8.97313 1.6546 0
    endloop
  endfacet
  facet normal 0.147269 0.989096 -0
    outer loop
      vertex 9.0804 -1.69904 0
      vertex 9.06099 -1.69615 8.1
      vertex 9.0804 -1.69904 8.1
    endloop
  endfacet
  facet normal 0.147269 0.989096 0
    outer loop
      vertex 9.06099 -1.69615 8.1
      vertex 9.0804 -1.69904 0
      vertex 9.06099 -1.69615 0
    endloop
  endfacet
  facet normal -0.740401 -0.672166 0
    outer loop
      vertex 14.0546 1.62688 0
      vertex 14.0414 1.64142 8.1
      vertex 14.0414 1.64142 0
    endloop
  endfacet
  facet normal -0.740401 -0.672166 0
    outer loop
      vertex 14.0414 1.64142 8.1
      vertex 14.0546 1.62688 0
      vertex 14.0546 1.62688 8.1
    endloop
  endfacet
  facet normal 0 -1 0
    outer loop
      vertex 9.10001 1.7 0
      vertex 13.9 1.7 8.1
      vertex 9.10001 1.7 8.1
    endloop
  endfacet
  facet normal 0 -1 -0
    outer loop
      vertex 13.9 1.7 8.1
      vertex 9.10001 1.7 0
      vertex 13.9 1.7 0
    endloop
  endfacet
  facet normal -1 0 0
    outer loop
      vertex 14.1 -1.5 0
      vertex 14.1 1.5 8.1
      vertex 14.1 1.5 0
    endloop
  endfacet
  facet normal -1 -0 0
    outer loop
      vertex 14.1 1.5 8.1
      vertex 14.1 -1.5 0
      vertex 14.1 -1.5 8.1
    endloop
  endfacet
  facet normal 0.0488961 0.998804 -0
    outer loop
      vertex 9.10001 -1.7 0
      vertex 9.0804 -1.69904 8.1
      vertex 9.10001 -1.7 8.1
    endloop
  endfacet
  facet normal 0.0488961 0.998804 0
    outer loop
      vertex 9.0804 -1.69904 8.1
      vertex 9.10001 -1.7 0
      vertex 9.0804 -1.69904 0
    endloop
  endfacet
  facet normal -0.425944 0.90475 0
    outer loop
      vertex 13.9943 -1.67639 0
      vertex 13.9765 -1.68477 8.1
      vertex 13.9943 -1.67639 8.1
    endloop
  endfacet
  facet normal -0.425944 0.90475 0
    outer loop
      vertex 13.9765 -1.68477 8.1
      vertex 13.9943 -1.67639 0
      vertex 13.9765 -1.68477 0
    endloop
  endfacet
  facet normal 0.242536 -0.970143 0
    outer loop
      vertex 9.04195 1.69139 0
      vertex 9.06099 1.69615 8.1
      vertex 9.04195 1.69139 8.1
    endloop
  endfacet
  facet normal 0.242536 -0.970143 0
    outer loop
      vertex 9.06099 1.69615 8.1
      vertex 9.04195 1.69139 0
      vertex 9.06099 1.69615 0
    endloop
  endfacet
  facet normal 0.595751 0.803169 -0
    outer loop
      vertex 8.98889 -1.66629 0
      vertex 8.97313 -1.6546 8.1
      vertex 8.98889 -1.66629 8.1
    endloop
  endfacet
  facet normal 0.595751 0.803169 0
    outer loop
      vertex 8.97313 -1.6546 8.1
      vertex 8.98889 -1.66629 0
      vertex 8.97313 -1.6546 0
    endloop
  endfacet
  facet normal 0.941419 0.33724 0
    outer loop
      vertex 8.91524 -1.57654 8.1
      vertex 8.90862 -1.55806 0
      vertex 8.90862 -1.55806 8.1
    endloop
  endfacet
  facet normal 0.941419 0.33724 0
    outer loop
      vertex 8.90862 -1.55806 0
      vertex 8.91524 -1.57654 8.1
      vertex 8.91524 -1.57654 0
    endloop
  endfacet
  facet normal -0.941742 0.336336 0
    outer loop
      vertex 14.0848 -1.57654 0
      vertex 14.0914 -1.55806 8.1
      vertex 14.0914 -1.55806 0
    endloop
  endfacet
  facet normal -0.941742 0.336336 0
    outer loop
      vertex 14.0914 -1.55806 8.1
      vertex 14.0848 -1.57654 0
      vertex 14.0848 -1.57654 8.1
    endloop
  endfacet
  facet normal 0.514571 -0.857448 0
    outer loop
      vertex 8.98889 1.66629 0
      vertex 9.00572 1.67639 8.1
      vertex 8.98889 1.66629 8.1
    endloop
  endfacet
  facet normal 0.514571 -0.857448 0
    outer loop
      vertex 9.00572 1.67639 8.1
      vertex 8.98889 1.66629 0
      vertex 9.00572 1.67639 0
    endloop
  endfacet
  facet normal 0.989171 0.14677 0
    outer loop
      vertex 8.90385 -1.53902 8.1
      vertex 8.90097 -1.51961 0
      vertex 8.90097 -1.51961 8.1
    endloop
  endfacet
  facet normal 0.989171 0.14677 0
    outer loop
      vertex 8.90097 -1.51961 0
      vertex 8.90385 -1.53902 8.1
      vertex 8.90385 -1.53902 0
    endloop
  endfacet
  facet normal -0.857448 -0.514571 0
    outer loop
      vertex 14.0764 1.59428 0
      vertex 14.0663 1.61111 8.1
      vertex 14.0663 1.61111 0
    endloop
  endfacet
  facet normal -0.857448 -0.514571 0
    outer loop
      vertex 14.0663 1.61111 8.1
      vertex 14.0764 1.59428 0
      vertex 14.0764 1.59428 8.1
    endloop
  endfacet
  facet normal 0.970023 -0.243015 0
    outer loop
      vertex 8.90385 1.53902 8.1
      vertex 8.90862 1.55806 0
      vertex 8.90862 1.55806 8.1
    endloop
  endfacet
  facet normal 0.970023 -0.243015 0
    outer loop
      vertex 8.90862 1.55806 0
      vertex 8.90385 1.53902 8.1
      vertex 8.90385 1.53902 0
    endloop
  endfacet
  facet normal -0.515246 -0.857042 0
    outer loop
      vertex 13.9943 1.67639 0
      vertex 14.0111 1.66629 8.1
      vertex 13.9943 1.67639 8.1
    endloop
  endfacet
  facet normal -0.515246 -0.857042 -0
    outer loop
      vertex 14.0111 1.66629 8.1
      vertex 13.9943 1.67639 0
      vertex 14.0111 1.66629 0
    endloop
  endfacet
  facet normal 0.998804 -0.0488961 0
    outer loop
      vertex 8.90001 1.5 8.1
      vertex 8.90097 1.51961 0
      vertex 8.90097 1.51961 8.1
    endloop
  endfacet
  facet normal 0.998804 -0.0488961 0
    outer loop
      vertex 8.90097 1.51961 0
      vertex 8.90001 1.5 8.1
      vertex 8.90001 1.5 0
    endloop
  endfacet
  facet normal 0.242536 0.970143 -0
    outer loop
      vertex 9.06099 -1.69615 0
      vertex 9.04195 -1.69139 8.1
      vertex 9.06099 -1.69615 8.1
    endloop
  endfacet
  facet normal 0.242536 0.970143 0
    outer loop
      vertex 9.04195 -1.69139 8.1
      vertex 9.06099 -1.69615 0
      vertex 9.04195 -1.69139 0
    endloop
  endfacet
  facet normal 0.989171 -0.14677 0
    outer loop
      vertex 8.90097 1.51961 8.1
      vertex 8.90385 1.53902 0
      vertex 8.90385 1.53902 8.1
    endloop
  endfacet
  facet normal 0.989171 -0.14677 0
    outer loop
      vertex 8.90385 1.53902 0
      vertex 8.90097 1.51961 8.1
      vertex 8.90097 1.51961 0
    endloop
  endfacet
  facet normal 0.803593 -0.595179 0
    outer loop
      vertex 8.93372 1.61111 8.1
      vertex 8.9454 1.62688 0
      vertex 8.9454 1.62688 8.1
    endloop
  endfacet
  facet normal 0.803593 -0.595179 0
    outer loop
      vertex 8.9454 1.62688 0
      vertex 8.93372 1.61111 8.1
      vertex 8.93372 1.61111 0
    endloop
  endfacet
  facet normal 0.514571 0.857448 -0
    outer loop
      vertex 9.00572 -1.67639 0
      vertex 8.98889 -1.66629 8.1
      vertex 9.00572 -1.67639 8.1
    endloop
  endfacet
  facet normal 0.514571 0.857448 0
    outer loop
      vertex 8.98889 -1.66629 8.1
      vertex 9.00572 -1.67639 0
      vertex 8.98889 -1.66629 0
    endloop
  endfacet
  facet normal 0.941419 -0.33724 0
    outer loop
      vertex 8.90862 1.55806 8.1
      vertex 8.91524 1.57654 0
      vertex 8.91524 1.57654 8.1
    endloop
  endfacet
  facet normal 0.941419 -0.33724 0
    outer loop
      vertex 8.91524 1.57654 0
      vertex 8.90862 1.55806 8.1
      vertex 8.90862 1.55806 0
    endloop
  endfacet
  facet normal -0.594777 -0.803891 0
    outer loop
      vertex 14.0111 1.66629 0
      vertex 14.0269 1.6546 8.1
      vertex 14.0111 1.66629 8.1
    endloop
  endfacet
  facet normal -0.594777 -0.803891 -0
    outer loop
      vertex 14.0269 1.6546 8.1
      vertex 14.0111 1.66629 0
      vertex 14.0269 1.6546 0
    endloop
  endfacet
  facet normal 0.33724 0.941419 -0
    outer loop
      vertex 9.04195 -1.69139 0
      vertex 9.02347 -1.68477 8.1
      vertex 9.04195 -1.69139 8.1
    endloop
  endfacet
  facet normal 0.33724 0.941419 0
    outer loop
      vertex 9.02347 -1.68477 8.1
      vertex 9.04195 -1.69139 0
      vertex 9.02347 -1.68477 0
    endloop
  endfacet
  facet normal 0.803593 0.595179 0
    outer loop
      vertex 8.9454 -1.62688 8.1
      vertex 8.93372 -1.61111 0
      vertex 8.93372 -1.61111 8.1
    endloop
  endfacet
  facet normal 0.803593 0.595179 0
    outer loop
      vertex 8.93372 -1.61111 0
      vertex 8.9454 -1.62688 8.1
      vertex 8.9454 -1.62688 0
    endloop
  endfacet
  facet normal -0.425944 -0.90475 0
    outer loop
      vertex 13.9765 1.68477 0
      vertex 13.9943 1.67639 8.1
      vertex 13.9765 1.68477 8.1
    endloop
  endfacet
  facet normal -0.425944 -0.90475 -0
    outer loop
      vertex 13.9943 1.67639 8.1
      vertex 13.9765 1.68477 0
      vertex 13.9943 1.67639 0
    endloop
  endfacet
  facet normal 0.740654 -0.671886 0
    outer loop
      vertex 8.9454 1.62688 8.1
      vertex 8.95859 1.64142 0
      vertex 8.95859 1.64142 8.1
    endloop
  endfacet
  facet normal 0.740654 -0.671886 0
    outer loop
      vertex 8.95859 1.64142 0
      vertex 8.9454 1.62688 8.1
      vertex 8.9454 1.62688 0
    endloop
  endfacet
  facet normal -0.241818 0.970322 0
    outer loop
      vertex 13.9581 -1.69139 0
      vertex 13.939 -1.69615 8.1
      vertex 13.9581 -1.69139 8.1
    endloop
  endfacet
  facet normal -0.241818 0.970322 0
    outer loop
      vertex 13.939 -1.69615 8.1
      vertex 13.9581 -1.69139 0
      vertex 13.939 -1.69615 0
    endloop
  endfacet
  facet normal -0.998702 0.0509282 0
    outer loop
      vertex 14.099 -1.51961 0
      vertex 14.1 -1.5 8.1
      vertex 14.1 -1.5 0
    endloop
  endfacet
  facet normal -0.998702 0.0509282 0
    outer loop
      vertex 14.1 -1.5 8.1
      vertex 14.099 -1.51961 0
      vertex 14.099 -1.51961 8.1
    endloop
  endfacet
  facet normal 0.426925 -0.904287 0
    outer loop
      vertex 9.00572 1.67639 0
      vertex 9.02347 1.68477 8.1
      vertex 9.00572 1.67639 8.1
    endloop
  endfacet
  facet normal 0.426925 -0.904287 0
    outer loop
      vertex 9.02347 1.68477 8.1
      vertex 9.00572 1.67639 0
      vertex 9.02347 1.68477 0
    endloop
  endfacet
  facet normal -0.803106 -0.595836 0
    outer loop
      vertex 14.0663 1.61111 0
      vertex 14.0546 1.62688 8.1
      vertex 14.0546 1.62688 0
    endloop
  endfacet
  facet normal -0.803106 -0.595836 0
    outer loop
      vertex 14.0546 1.62688 8.1
      vertex 14.0663 1.61111 0
      vertex 14.0663 1.61111 8.1
    endloop
  endfacet
  facet normal -0.989022 -0.147767 0
    outer loop
      vertex 14.099 1.51961 0
      vertex 14.0961 1.53902 8.1
      vertex 14.0961 1.53902 0
    endloop
  endfacet
  facet normal -0.989022 -0.147767 0
    outer loop
      vertex 14.0961 1.53902 8.1
      vertex 14.099 1.51961 0
      vertex 14.099 1.51961 8.1
    endloop
  endfacet
  facet normal 0.33724 -0.941419 0
    outer loop
      vertex 9.02347 1.68477 0
      vertex 9.04195 1.69139 8.1
      vertex 9.02347 1.68477 8.1
    endloop
  endfacet
  facet normal 0.33724 -0.941419 0
    outer loop
      vertex 9.04195 1.69139 8.1
      vertex 9.02347 1.68477 0
      vertex 9.04195 1.69139 0
    endloop
  endfacet
  facet normal 0.740654 0.671886 0
    outer loop
      vertex 8.95859 -1.64142 8.1
      vertex 8.9454 -1.62688 0
      vertex 8.9454 -1.62688 8.1
    endloop
  endfacet
  facet normal 0.740654 0.671886 0
    outer loop
      vertex 8.9454 -1.62688 0
      vertex 8.95859 -1.64142 8.1
      vertex 8.95859 -1.64142 0
    endloop
  endfacet
  facet normal -0.241818 -0.970322 0
    outer loop
      vertex 13.939 1.69615 0
      vertex 13.9581 1.69139 8.1
      vertex 13.939 1.69615 8.1
    endloop
  endfacet
  facet normal -0.241818 -0.970322 -0
    outer loop
      vertex 13.9581 1.69139 8.1
      vertex 13.939 1.69615 0
      vertex 13.9581 1.69139 0
    endloop
  endfacet
  facet normal -0.147343 0.989085 0
    outer loop
      vertex 13.939 -1.69615 0
      vertex 13.9196 -1.69904 8.1
      vertex 13.939 -1.69615 8.1
    endloop
  endfacet
  facet normal -0.147343 0.989085 0
    outer loop
      vertex 13.9196 -1.69904 8.1
      vertex 13.939 -1.69615 0
      vertex 13.9196 -1.69904 0
    endloop
  endfacet
  facet normal -0.941742 -0.336336 0
    outer loop
      vertex 14.0914 1.55806 0
      vertex 14.0848 1.57654 8.1
      vertex 14.0848 1.57654 0
    endloop
  endfacet
  facet normal -0.941742 -0.336336 0
    outer loop
      vertex 14.0848 1.57654 8.1
      vertex 14.0914 1.55806 0
      vertex 14.0914 1.55806 8.1
    endloop
  endfacet
  facet normal 0.904391 -0.426705 0
    outer loop
      vertex 8.91524 1.57654 8.1
      vertex 8.92361 1.59428 0
      vertex 8.92361 1.59428 8.1
    endloop
  endfacet
  facet normal 0.904391 -0.426705 0
    outer loop
      vertex 8.92361 1.59428 0
      vertex 8.91524 1.57654 8.1
      vertex 8.91524 1.57654 0
    endloop
  endfacet
  facet normal 0.904391 0.426705 0
    outer loop
      vertex 8.92361 -1.59428 8.1
      vertex 8.91524 -1.57654 0
      vertex 8.91524 -1.57654 8.1
    endloop
  endfacet
  facet normal 0.904391 0.426705 0
    outer loop
      vertex 8.91524 -1.57654 0
      vertex 8.92361 -1.59428 8.1
      vertex 8.92361 -1.59428 0
    endloop
  endfacet
  facet normal 0.857223 0.514945 0
    outer loop
      vertex 8.93372 -1.61111 8.1
      vertex 8.92361 -1.59428 0
      vertex 8.92361 -1.59428 8.1
    endloop
  endfacet
  facet normal 0.857223 0.514945 0
    outer loop
      vertex 8.92361 -1.59428 0
      vertex 8.93372 -1.61111 8.1
      vertex 8.93372 -1.61111 0
    endloop
  endfacet
  facet normal -0.338538 0.940953 0
    outer loop
      vertex 13.9765 -1.68477 0
      vertex 13.9581 -1.69139 8.1
      vertex 13.9765 -1.68477 8.1
    endloop
  endfacet
  facet normal -0.338538 0.940953 0
    outer loop
      vertex 13.9581 -1.69139 8.1
      vertex 13.9765 -1.68477 0
      vertex 13.9581 -1.69139 0
    endloop
  endfacet
  facet normal -0.803106 0.595836 0
    outer loop
      vertex 14.0546 -1.62688 0
      vertex 14.0663 -1.61111 8.1
      vertex 14.0663 -1.61111 0
    endloop
  endfacet
  facet normal -0.803106 0.595836 0
    outer loop
      vertex 14.0663 -1.61111 8.1
      vertex 14.0546 -1.62688 0
      vertex 14.0546 -1.62688 8.1
    endloop
  endfacet
  facet normal -0.672622 0.739986 0
    outer loop
      vertex 14.0414 -1.64142 0
      vertex 14.0269 -1.6546 8.1
      vertex 14.0414 -1.64142 8.1
    endloop
  endfacet
  facet normal -0.672622 0.739986 0
    outer loop
      vertex 14.0269 -1.6546 8.1
      vertex 14.0414 -1.64142 0
      vertex 14.0269 -1.6546 0
    endloop
  endfacet
  facet normal -0.9038 -0.427955 0
    outer loop
      vertex 14.0848 1.57654 0
      vertex 14.0764 1.59428 8.1
      vertex 14.0764 1.59428 0
    endloop
  endfacet
  facet normal -0.9038 -0.427955 0
    outer loop
      vertex 14.0764 1.59428 8.1
      vertex 14.0848 1.57654 0
      vertex 14.0848 1.57654 8.1
    endloop
  endfacet
  facet normal -0.998702 -0.0509282 0
    outer loop
      vertex 14.1 1.5 0
      vertex 14.099 1.51961 8.1
      vertex 14.099 1.51961 0
    endloop
  endfacet
  facet normal -0.998702 -0.0509282 0
    outer loop
      vertex 14.099 1.51961 8.1
      vertex 14.1 1.5 0
      vertex 14.1 1.5 8.1
    endloop
  endfacet
  facet normal -0.857448 0.514571 0
    outer loop
      vertex 14.0663 -1.61111 0
      vertex 14.0764 -1.59428 8.1
      vertex 14.0764 -1.59428 0
    endloop
  endfacet
  facet normal -0.857448 0.514571 0
    outer loop
      vertex 14.0764 -1.59428 8.1
      vertex 14.0663 -1.61111 0
      vertex 14.0663 -1.61111 8.1
    endloop
  endfacet
  facet normal -0.515246 0.857042 0
    outer loop
      vertex 14.0111 -1.66629 0
      vertex 13.9943 -1.67639 8.1
      vertex 14.0111 -1.66629 8.1
    endloop
  endfacet
  facet normal -0.515246 0.857042 0
    outer loop
      vertex 13.9943 -1.67639 8.1
      vertex 14.0111 -1.66629 0
      vertex 13.9943 -1.67639 0
    endloop
  endfacet
  facet normal -0.970858 0.239655 0
    outer loop
      vertex 14.0914 -1.55806 0
      vertex 14.0961 -1.53902 8.1
      vertex 14.0961 -1.53902 0
    endloop
  endfacet
  facet normal -0.970858 0.239655 0
    outer loop
      vertex 14.0961 -1.53902 8.1
      vertex 14.0914 -1.55806 0
      vertex 14.0914 -1.55806 8.1
    endloop
  endfacet
  facet normal -0.989022 0.147767 0
    outer loop
      vertex 14.0961 -1.53902 0
      vertex 14.099 -1.51961 8.1
      vertex 14.099 -1.51961 0
    endloop
  endfacet
  facet normal -0.989022 0.147767 0
    outer loop
      vertex 14.099 -1.51961 8.1
      vertex 14.0961 -1.53902 0
      vertex 14.0961 -1.53902 8.1
    endloop
  endfacet
  facet normal 0 0 -1
    outer loop
      vertex 13.9 -1.7 8.1
      vertex 14.1 -1.5 8.1
      vertex 14.099 -1.51961 8.1
    endloop
  endfacet
  facet normal -0 0 -1
    outer loop
      vertex 14.1 -1.5 8.1
      vertex 13.9 -1.7 8.1
      vertex 14.1 1.5 8.1
    endloop
  endfacet
  facet normal 0 0 -1
    outer loop
      vertex 13.9 -1.7 8.1
      vertex 14.099 -1.51961 8.1
      vertex 14.0961 -1.53902 8.1
    endloop
  endfacet
  facet normal 0 0 -1
    outer loop
      vertex 13.9 1.7 8.1
      vertex 14.1 1.5 8.1
      vertex 13.9 -1.7 8.1
    endloop
  endfacet
  facet normal 0 0 -1
    outer loop
      vertex 13.9 -1.7 8.1
      vertex 14.0961 -1.53902 8.1
      vertex 14.0914 -1.55806 8.1
    endloop
  endfacet
  facet normal 0 0 -1
    outer loop
      vertex 14.1 1.5 8.1
      vertex 13.9 1.7 8.1
      vertex 14.099 1.51961 8.1
    endloop
  endfacet
  facet normal 0 0 -1
    outer loop
      vertex 13.9 -1.7 8.1
      vertex 14.0914 -1.55806 8.1
      vertex 14.0848 -1.57654 8.1
    endloop
  endfacet
  facet normal 0 0 -1
    outer loop
      vertex 14.099 1.51961 8.1
      vertex 13.9 1.7 8.1
      vertex 14.0961 1.53902 8.1
    endloop
  endfacet
  facet normal 0 0 -1
    outer loop
      vertex 13.9 -1.7 8.1
      vertex 14.0848 -1.57654 8.1
      vertex 14.0764 -1.59428 8.1
    endloop
  endfacet
  facet normal 0 0 -1
    outer loop
      vertex 14.0961 1.53902 8.1
      vertex 13.9 1.7 8.1
      vertex 14.0914 1.55806 8.1
    endloop
  endfacet
  facet normal 0 0 -1
    outer loop
      vertex 13.9 -1.7 8.1
      vertex 14.0764 -1.59428 8.1
      vertex 14.0663 -1.61111 8.1
    endloop
  endfacet
  facet normal 0 0 -1
    outer loop
      vertex 14.0914 1.55806 8.1
      vertex 13.9 1.7 8.1
      vertex 14.0848 1.57654 8.1
    endloop
  endfacet
  facet normal 0 0 -1
    outer loop
      vertex 13.9 -1.7 8.1
      vertex 14.0663 -1.61111 8.1
      vertex 14.0546 -1.62688 8.1
    endloop
  endfacet
  facet normal 0 0 -1
    outer loop
      vertex 14.0848 1.57654 8.1
      vertex 13.9 1.7 8.1
      vertex 14.0764 1.59428 8.1
    endloop
  endfacet
  facet normal 0 0 -1
    outer loop
      vertex 13.9 -1.7 8.1
      vertex 14.0546 -1.62688 8.1
      vertex 14.0414 -1.64142 8.1
    endloop
  endfacet
  facet normal 0 0 -1
    outer loop
      vertex 14.0764 1.59428 8.1
      vertex 13.9 1.7 8.1
      vertex 14.0663 1.61111 8.1
    endloop
  endfacet
  facet normal 0 0 -1
    outer loop
      vertex 13.9 -1.7 8.1
      vertex 14.0414 -1.64142 8.1
      vertex 14.0269 -1.6546 8.1
    endloop
  endfacet
  facet normal 0 0 -1
    outer loop
      vertex 14.0663 1.61111 8.1
      vertex 13.9 1.7 8.1
      vertex 14.0546 1.62688 8.1
    endloop
  endfacet
  facet normal 0 0 -1
    outer loop
      vertex 13.9 -1.7 8.1
      vertex 14.0269 -1.6546 8.1
      vertex 14.0111 -1.66629 8.1
    endloop
  endfacet
  facet normal 0 0 -1
    outer loop
      vertex 14.0546 1.62688 8.1
      vertex 13.9 1.7 8.1
      vertex 14.0414 1.64142 8.1
    endloop
  endfacet
  facet normal 0 0 -1
    outer loop
      vertex 13.9 -1.7 8.1
      vertex 14.0111 -1.66629 8.1
      vertex 13.9943 -1.67639 8.1
    endloop
  endfacet
  facet normal 0 0 -1
    outer loop
      vertex 14.0414 1.64142 8.1
      vertex 13.9 1.7 8.1
      vertex 14.0269 1.6546 8.1
    endloop
  endfacet
  facet normal 0 0 -1
    outer loop
      vertex 13.9 -1.7 8.1
      vertex 13.9943 -1.67639 8.1
      vertex 13.9765 -1.68477 8.1
    endloop
  endfacet
  facet normal 0 0 -1
    outer loop
      vertex 14.0269 1.6546 8.1
      vertex 13.9 1.7 8.1
      vertex 14.0111 1.66629 8.1
    endloop
  endfacet
  facet normal 0 0 -1
    outer loop
      vertex 13.9 -1.7 8.1
      vertex 13.9765 -1.68477 8.1
      vertex 13.9581 -1.69139 8.1
    endloop
  endfacet
  facet normal 0 0 -1
    outer loop
      vertex 14.0111 1.66629 8.1
      vertex 13.9 1.7 8.1
      vertex 13.9943 1.67639 8.1
    endloop
  endfacet
  facet normal 0 0 -1
    outer loop
      vertex 13.9 -1.7 8.1
      vertex 13.9581 -1.69139 8.1
      vertex 13.939 -1.69615 8.1
    endloop
  endfacet
  facet normal 0 0 -1
    outer loop
      vertex 13.9943 1.67639 8.1
      vertex 13.9 1.7 8.1
      vertex 13.9765 1.68477 8.1
    endloop
  endfacet
  facet normal 0 0 -1
    outer loop
      vertex 13.9 -1.7 8.1
      vertex 13.939 -1.69615 8.1
      vertex 13.9196 -1.69904 8.1
    endloop
  endfacet
  facet normal 0 0 -1
    outer loop
      vertex 13.9765 1.68477 8.1
      vertex 13.9 1.7 8.1
      vertex 13.9581 1.69139 8.1
    endloop
  endfacet
  facet normal 0 0 -1
    outer loop
      vertex 13.9581 1.69139 8.1
      vertex 13.9 1.7 8.1
      vertex 13.939 1.69615 8.1
    endloop
  endfacet
  facet normal 0 0 -1
    outer loop
      vertex 13.939 1.69615 8.1
      vertex 13.9 1.7 8.1
      vertex 13.9196 1.69904 8.1
    endloop
  endfacet
  facet normal 0 0 -1
    outer loop
      vertex 9.10001 -1.7 8.1
      vertex 13.9 1.7 8.1
      vertex 13.9 -1.7 8.1
    endloop
  endfacet
  facet normal 0 0 -1
    outer loop
      vertex 9.10001 -1.7 8.1
      vertex 9.10001 1.7 8.1
      vertex 13.9 1.7 8.1
    endloop
  endfacet
  facet normal 0 0 -1
    outer loop
      vertex 8.90001 -1.5 8.1
      vertex 9.10001 -1.7 8.1
      vertex 9.0804 -1.69904 8.1
    endloop
  endfacet
  facet normal 0 0 -1
    outer loop
      vertex 9.10001 -1.7 8.1
      vertex 8.90001 -1.5 8.1
      vertex 9.10001 1.7 8.1
    endloop
  endfacet
  facet normal 0 0 -1
    outer loop
      vertex 8.90001 -1.5 8.1
      vertex 9.0804 -1.69904 8.1
      vertex 9.06099 -1.69615 8.1
    endloop
  endfacet
  facet normal 0 0 -1
    outer loop
      vertex 8.90001 1.5 8.1
      vertex 9.10001 1.7 8.1
      vertex 8.90001 -1.5 8.1
    endloop
  endfacet
  facet normal 0 0 -1
    outer loop
      vertex 8.90001 -1.5 8.1
      vertex 9.06099 -1.69615 8.1
      vertex 9.04195 -1.69139 8.1
    endloop
  endfacet
  facet normal 0 0 -1
    outer loop
      vertex 9.10001 1.7 8.1
      vertex 8.90001 1.5 8.1
      vertex 9.0804 1.69904 8.1
    endloop
  endfacet
  facet normal 0 0 -1
    outer loop
      vertex 8.90001 -1.5 8.1
      vertex 9.04195 -1.69139 8.1
      vertex 9.02347 -1.68477 8.1
    endloop
  endfacet
  facet normal 0 0 -1
    outer loop
      vertex 9.0804 1.69904 8.1
      vertex 8.90001 1.5 8.1
      vertex 9.06099 1.69615 8.1
    endloop
  endfacet
  facet normal 0 0 -1
    outer loop
      vertex 8.90001 -1.5 8.1
      vertex 9.02347 -1.68477 8.1
      vertex 9.00572 -1.67639 8.1
    endloop
  endfacet
  facet normal 0 0 -1
    outer loop
      vertex 9.06099 1.69615 8.1
      vertex 8.90001 1.5 8.1
      vertex 9.04195 1.69139 8.1
    endloop
  endfacet
  facet normal 0 0 -1
    outer loop
      vertex 8.90001 -1.5 8.1
      vertex 9.00572 -1.67639 8.1
      vertex 8.98889 -1.66629 8.1
    endloop
  endfacet
  facet normal 0 0 -1
    outer loop
      vertex 9.04195 1.69139 8.1
      vertex 8.90001 1.5 8.1
      vertex 9.02347 1.68477 8.1
    endloop
  endfacet
  facet normal 0 0 -1
    outer loop
      vertex 8.90001 -1.5 8.1
      vertex 8.98889 -1.66629 8.1
      vertex 8.97313 -1.6546 8.1
    endloop
  endfacet
  facet normal 0 0 -1
    outer loop
      vertex 9.02347 1.68477 8.1
      vertex 8.90001 1.5 8.1
      vertex 9.00572 1.67639 8.1
    endloop
  endfacet
  facet normal 0 0 -1
    outer loop
      vertex 8.90001 -1.5 8.1
      vertex 8.97313 -1.6546 8.1
      vertex 8.95859 -1.64142 8.1
    endloop
  endfacet
  facet normal 0 0 -1
    outer loop
      vertex 9.00572 1.67639 8.1
      vertex 8.90001 1.5 8.1
      vertex 8.98889 1.66629 8.1
    endloop
  endfacet
  facet normal 0 0 -1
    outer loop
      vertex 8.90001 -1.5 8.1
      vertex 8.95859 -1.64142 8.1
      vertex 8.9454 -1.62688 8.1
    endloop
  endfacet
  facet normal 0 0 -1
    outer loop
      vertex 8.98889 1.66629 8.1
      vertex 8.90001 1.5 8.1
      vertex 8.97313 1.6546 8.1
    endloop
  endfacet
  facet normal 0 0 -1
    outer loop
      vertex 8.90001 -1.5 8.1
      vertex 8.9454 -1.62688 8.1
      vertex 8.93372 -1.61111 8.1
    endloop
  endfacet
  facet normal 0 0 -1
    outer loop
      vertex 8.97313 1.6546 8.1
      vertex 8.90001 1.5 8.1
      vertex 8.95859 1.64142 8.1
    endloop
  endfacet
  facet normal 0 0 -1
    outer loop
      vertex 8.90001 -1.5 8.1
      vertex 8.93372 -1.61111 8.1
      vertex 8.92361 -1.59428 8.1
    endloop
  endfacet
  facet normal 0 0 -1
    outer loop
      vertex 8.95859 1.64142 8.1
      vertex 8.90001 1.5 8.1
      vertex 8.9454 1.62688 8.1
    endloop
  endfacet
  facet normal 0 0 -1
    outer loop
      vertex 8.90001 -1.5 8.1
      vertex 8.92361 -1.59428 8.1
      vertex 8.91524 -1.57654 8.1
    endloop
  endfacet
  facet normal 0 0 -1
    outer loop
      vertex 8.9454 1.62688 8.1
      vertex 8.90001 1.5 8.1
      vertex 8.93372 1.61111 8.1
    endloop
  endfacet
  facet normal 0 0 -1
    outer loop
      vertex 8.90001 -1.5 8.1
      vertex 8.91524 -1.57654 8.1
      vertex 8.90862 -1.55806 8.1
    endloop
  endfacet
  facet normal 0 0 -1
    outer loop
      vertex 8.93372 1.61111 8.1
      vertex 8.90001 1.5 8.1
      vertex 8.92361 1.59428 8.1
    endloop
  endfacet
  facet normal 0 0 -1
    outer loop
      vertex 8.90001 -1.5 8.1
      vertex 8.90862 -1.55806 8.1
      vertex 8.90385 -1.53902 8.1
    endloop
  endfacet
  facet normal 0 0 -1
    outer loop
      vertex 8.92361 1.59428 8.1
      vertex 8.90001 1.5 8.1
      vertex 8.91524 1.57654 8.1
    endloop
  endfacet
  facet normal 0 0 -1
    outer loop
      vertex 8.90001 -1.5 8.1
      vertex 8.90385 -1.53902 8.1
      vertex 8.90097 -1.51961 8.1
    endloop
  endfacet
  facet normal 0 0 -1
    outer loop
      vertex 8.91524 1.57654 8.1
      vertex 8.90001 1.5 8.1
      vertex 8.90862 1.55806 8.1
    endloop
  endfacet
  facet normal 0 0 -1
    outer loop
      vertex 8.90862 1.55806 8.1
      vertex 8.90001 1.5 8.1
      vertex 8.90385 1.53902 8.1
    endloop
  endfacet
  facet normal 0 0 -1
    outer loop
      vertex 8.90385 1.53902 8.1
      vertex 8.90001 1.5 8.1
      vertex 8.90097 1.51961 8.1
    endloop
  endfacet
  facet normal -0.970858 -0.239655 0
    outer loop
      vertex 14.0961 1.53902 0
      vertex 14.0914 1.55806 8.1
      vertex 14.0914 1.55806 0
    endloop
  endfacet
  facet normal -0.970858 -0.239655 0
    outer loop
      vertex 14.0914 1.55806 8.1
      vertex 14.0961 1.53902 0
      vertex 14.0961 1.53902 8.1
    endloop
  endfacet
  facet normal -0.740401 0.672166 0
    outer loop
      vertex 14.0414 -1.64142 0
      vertex 14.0546 -1.62688 8.1
      vertex 14.0546 -1.62688 0
    endloop
  endfacet
  facet normal -0.740401 0.672166 0
    outer loop
      vertex 14.0546 -1.62688 8.1
      vertex 14.0414 -1.64142 0
      vertex 14.0414 -1.64142 8.1
    endloop
  endfacet
  facet normal -0.9038 0.427955 0
    outer loop
      vertex 14.0764 -1.59428 0
      vertex 14.0848 -1.57654 8.1
      vertex 14.0848 -1.57654 0
    endloop
  endfacet
  facet normal -0.9038 0.427955 0
    outer loop
      vertex 14.0848 -1.57654 8.1
      vertex 14.0764 -1.59428 0
      vertex 14.0764 -1.59428 8.1
    endloop
  endfacet
  facet normal -0.672622 -0.739986 0
    outer loop
      vertex 14.0269 1.6546 0
      vertex 14.0414 1.64142 8.1
      vertex 14.0269 1.6546 8.1
    endloop
  endfacet
  facet normal -0.672622 -0.739986 -0
    outer loop
      vertex 14.0414 1.64142 8.1
      vertex 14.0269 1.6546 0
      vertex 14.0414 1.64142 0
    endloop
  endfacet
endsolid OpenSCAD_Model
