solid OpenSCAD_Model
  facet normal 1 -0 0
    outer loop
      vertex -9.125 -0.95 17.9
      vertex -9.125 0.95 10
      vertex -9.125 0.95 17.9
    endloop
  endfacet
  facet normal 1 0 0
    outer loop
      vertex -9.125 0.95 10
      vertex -9.125 -0.95 17.9
      vertex -9.125 -0.95 10
    endloop
  endfacet
  facet normal -0 0 1
    outer loop
      vertex -13.875 0.95 17.9
      vertex -12.45 -0.95 17.9
      vertex -12.45 0.95 17.9
    endloop
  endfacet
  facet normal 0 0 1
    outer loop
      vertex -12.45 -0.95 17.9
      vertex -13.875 0.95 17.9
      vertex -13.875 -0.95 17.9
    endloop
  endfacet
  facet normal 0 0 1
    outer loop
      vertex -12.45 0.95 17.9
      vertex -10.55 0.95 17.9
      vertex -10.55 2.375 17.9
    endloop
  endfacet
  facet normal 0 0 1
    outer loop
      vertex -10.55 0.95 17.9
      vertex -12.45 0.95 17.9
      vertex -10.55 -0.95 17.9
    endloop
  endfacet
  facet normal 0 0 1
    outer loop
      vertex -12.45 0.95 17.9
      vertex -10.55 2.375 17.9
      vertex -12.45 2.375 17.9
    endloop
  endfacet
  facet normal 0 0 1
    outer loop
      vertex -12.45 -0.95 17.9
      vertex -10.55 -0.95 17.9
      vertex -12.45 0.95 17.9
    endloop
  endfacet
  facet normal 0 0 1
    outer loop
      vertex -10.55 -0.95 17.9
      vertex -12.45 -0.95 17.9
      vertex -10.55 -2.375 17.9
    endloop
  endfacet
  facet normal 0 0 1
    outer loop
      vertex -10.55 -2.375 17.9
      vertex -12.45 -0.95 17.9
      vertex -12.45 -2.375 17.9
    endloop
  endfacet
  facet normal -0 0 1
    outer loop
      vertex -10.55 0.95 17.9
      vertex -9.125 -0.95 17.9
      vertex -9.125 0.95 17.9
    endloop
  endfacet
  facet normal 0 0 1
    outer loop
      vertex -9.125 -0.95 17.9
      vertex -10.55 0.95 17.9
      vertex -10.55 -0.95 17.9
    endloop
  endfacet
  facet normal -1 0 0
    outer loop
      vertex -13.875 -0.95 10
      vertex -13.875 0.95 17.9
      vertex -13.875 0.95 10
    endloop
  endfacet
  facet normal -1 -0 0
    outer loop
      vertex -13.875 0.95 17.9
      vertex -13.875 -0.95 10
      vertex -13.875 -0.95 17.9
    endloop
  endfacet
  facet normal 0 1 -0
    outer loop
      vertex -12.45 0.95 10
      vertex -13.875 0.95 17.9
      vertex -12.45 0.95 17.9
    endloop
  endfacet
  facet normal 0 1 0
    outer loop
      vertex -13.875 0.95 17.9
      vertex -12.45 0.95 10
      vertex -13.875 0.95 10
    endloop
  endfacet
  facet normal 0 1 -0
    outer loop
      vertex -9.125 0.95 10
      vertex -10.55 0.95 17.9
      vertex -9.125 0.95 17.9
    endloop
  endfacet
  facet normal 0 1 0
    outer loop
      vertex -10.55 0.95 17.9
      vertex -9.125 0.95 10
      vertex -10.55 0.95 10
    endloop
  endfacet
  facet normal 0 -1 0
    outer loop
      vertex -13.875 -0.95 10
      vertex -12.45 -0.95 17.9
      vertex -13.875 -0.95 17.9
    endloop
  endfacet
  facet normal 0 -1 -0
    outer loop
      vertex -12.45 -0.95 17.9
      vertex -13.875 -0.95 10
      vertex -12.45 -0.95 10
    endloop
  endfacet
  facet normal 0 -1 0
    outer loop
      vertex -10.55 -0.95 10
      vertex -9.125 -0.95 17.9
      vertex -10.55 -0.95 17.9
    endloop
  endfacet
  facet normal 0 -1 -0
    outer loop
      vertex -9.125 -0.95 17.9
      vertex -10.55 -0.95 10
      vertex -9.125 -0.95 10
    endloop
  endfacet
  facet normal 1 -0 0
    outer loop
      vertex -10.55 0.95 17.9
      vertex -10.55 2.375 10
      vertex -10.55 2.375 17.9
    endloop
  endfacet
  facet normal 1 0 0
    outer loop
      vertex -10.55 2.375 10
      vertex -10.55 0.95 17.9
      vertex -10.55 0.95 10
    endloop
  endfacet
  facet normal 1 -0 0
    outer loop
      vertex -10.55 -2.375 17.9
      vertex -10.55 -0.95 10
      vertex -10.55 -0.95 17.9
    endloop
  endfacet
  facet normal 1 0 0
    outer loop
      vertex -10.55 -0.95 10
      vertex -10.55 -2.375 17.9
      vertex -10.55 -2.375 10
    endloop
  endfacet
  facet normal -1 0 0
    outer loop
      vertex -12.45 0.95 10
      vertex -12.45 2.375 17.9
      vertex -12.45 2.375 10
    endloop
  endfacet
  facet normal -1 -0 0
    outer loop
      vertex -12.45 2.375 17.9
      vertex -12.45 0.95 10
      vertex -12.45 0.95 17.9
    endloop
  endfacet
  facet normal -1 0 0
    outer loop
      vertex -12.45 -2.375 10
      vertex -12.45 -0.95 17.9
      vertex -12.45 -0.95 10
    endloop
  endfacet
  facet normal -1 -0 0
    outer loop
      vertex -12.45 -0.95 17.9
      vertex -12.45 -2.375 10
      vertex -12.45 -2.375 17.9
    endloop
  endfacet
  facet normal 0 1 -0
    outer loop
      vertex -10.55 2.375 10
      vertex -12.45 2.375 17.9
      vertex -10.55 2.375 17.9
    endloop
  endfacet
  facet normal 0 1 0
    outer loop
      vertex -12.45 2.375 17.9
      vertex -10.55 2.375 10
      vertex -12.45 2.375 10
    endloop
  endfacet
  facet normal 0 -1 0
    outer loop
      vertex -12.45 -2.375 10
      vertex -10.55 -2.375 17.9
      vertex -12.45 -2.375 17.9
    endloop
  endfacet
  facet normal 0 -1 -0
    outer loop
      vertex -10.55 -2.375 17.9
      vertex -12.45 -2.375 10
      vertex -10.55 -2.375 10
    endloop
  endfacet
  facet normal 0.146746 0.989174 -0
    outer loop
      vertex -10.3295 5.88471 0
      vertex -10.9119 5.97111 10
      vertex -10.3295 5.88471 10
    endloop
  endfacet
  facet normal 0.146746 0.989174 0
    outer loop
      vertex -10.9119 5.97111 10
      vertex -10.3295 5.88471 0
      vertex -10.9119 5.97111 0
    endloop
  endfacet
  facet normal 0.989176 0.146736 0
    outer loop
      vertex -5.52889 0.588102 10
      vertex -5.61529 1.17054 0
      vertex -5.61529 1.17054 10
    endloop
  endfacet
  facet normal 0.989176 0.146736 0
    outer loop
      vertex -5.61529 1.17054 0
      vertex -5.52889 0.588102 10
      vertex -5.52889 0.588102 0
    endloop
  endfacet
  facet normal 0.998796 0.049065 0
    outer loop
      vertex -5.5 0 10
      vertex -5.52889 0.588102 0
      vertex -5.52889 0.588102 10
    endloop
  endfacet
  facet normal 0.998796 0.049065 0
    outer loop
      vertex -5.52889 0.588102 0
      vertex -5.5 0 10
      vertex -5.5 0 0
    endloop
  endfacet
  facet normal 0.970032 0.242979 0
    outer loop
      vertex -5.61529 1.17054 10
      vertex -5.75836 1.74171 0
      vertex -5.75836 1.74171 10
    endloop
  endfacet
  facet normal 0.970032 0.242979 0
    outer loop
      vertex -5.75836 1.74171 0
      vertex -5.61529 1.17054 10
      vertex -5.61529 1.17054 0
    endloop
  endfacet
  facet normal 0.336884 -0.941546 0
    outer loop
      vertex -9.75829 -5.74164 0
      vertex -9.2039 -5.54328 10
      vertex -9.75829 -5.74164 10
    endloop
  endfacet
  facet normal 0.336884 -0.941546 0
    outer loop
      vertex -9.2039 -5.54328 10
      vertex -9.75829 -5.74164 0
      vertex -9.2039 -5.54328 0
    endloop
  endfacet
  facet normal 0.903989 -0.427556 0
    outer loop
      vertex -6.20847 -2.82838 10
      vertex -5.95672 -2.2961 0
      vertex -5.95672 -2.2961 10
    endloop
  endfacet
  facet normal 0.903989 -0.427556 0
    outer loop
      vertex -5.95672 -2.2961 0
      vertex -6.20847 -2.82838 10
      vertex -6.20847 -2.82838 0
    endloop
  endfacet
  facet normal 0.671558 0.740952 -0
    outer loop
      vertex -7.25736 4.24264 0
      vertex -7.69364 4.63806 10
      vertex -7.25736 4.24264 10
    endloop
  endfacet
  facet normal 0.671558 0.740952 0
    outer loop
      vertex -7.69364 4.63806 10
      vertex -7.25736 4.24264 0
      vertex -7.69364 4.63806 0
    endloop
  endfacet
  facet normal -0.740884 0.671632 0
    outer loop
      vertex -16.1381 3.80636 0
      vertex -15.7426 4.24264 10
      vertex -15.7426 4.24264 0
    endloop
  endfacet
  facet normal -0.740884 0.671632 0
    outer loop
      vertex -15.7426 4.24264 10
      vertex -16.1381 3.80636 0
      vertex -16.1381 3.80636 10
    endloop
  endfacet
  facet normal -0.146746 -0.989174 0
    outer loop
      vertex -12.6705 -5.88471 0
      vertex -12.0881 -5.97111 10
      vertex -12.6705 -5.88471 10
    endloop
  endfacet
  facet normal -0.146746 -0.989174 -0
    outer loop
      vertex -12.0881 -5.97111 10
      vertex -12.6705 -5.88471 0
      vertex -12.0881 -5.97111 0
    endloop
  endfacet
  facet normal 0.941546 0.336884 0
    outer loop
      vertex -5.75836 1.74171 10
      vertex -5.95672 2.2961 0
      vertex -5.95672 2.2961 10
    endloop
  endfacet
  facet normal 0.941546 0.336884 0
    outer loop
      vertex -5.95672 2.2961 0
      vertex -5.75836 1.74171 10
      vertex -5.75836 1.74171 0
    endloop
  endfacet
  facet normal -0.0490651 0.998796 0
    outer loop
      vertex -11.5 6 0
      vertex -12.0881 5.97111 10
      vertex -11.5 6 10
    endloop
  endfacet
  facet normal -0.0490651 0.998796 0
    outer loop
      vertex -12.0881 5.97111 10
      vertex -11.5 6 0
      vertex -12.0881 5.97111 0
    endloop
  endfacet
  facet normal 0.803204 0.595703 0
    outer loop
      vertex -6.51118 3.33342 10
      vertex -6.86194 3.80636 0
      vertex -6.86194 3.80636 10
    endloop
  endfacet
  facet normal 0.803204 0.595703 0
    outer loop
      vertex -6.86194 3.80636 0
      vertex -6.51118 3.33342 10
      vertex -6.51118 3.33342 0
    endloop
  endfacet
  facet normal 0.0490651 -0.998796 0
    outer loop
      vertex -11.5 -6 0
      vertex -10.9119 -5.97111 10
      vertex -11.5 -6 10
    endloop
  endfacet
  facet normal 0.0490651 -0.998796 0
    outer loop
      vertex -10.9119 -5.97111 10
      vertex -11.5 -6 0
      vertex -10.9119 -5.97111 0
    endloop
  endfacet
  facet normal 0.0490651 0.998796 -0
    outer loop
      vertex -10.9119 5.97111 0
      vertex -11.5 6 10
      vertex -10.9119 5.97111 10
    endloop
  endfacet
  facet normal 0.0490651 0.998796 0
    outer loop
      vertex -11.5 6 10
      vertex -10.9119 5.97111 0
      vertex -11.5 6 0
    endloop
  endfacet
  facet normal 0.857728 -0.514104 0
    outer loop
      vertex -6.51118 -3.33342 10
      vertex -6.20847 -2.82838 0
      vertex -6.20847 -2.82838 10
    endloop
  endfacet
  facet normal 0.857728 -0.514104 0
    outer loop
      vertex -6.20847 -2.82838 0
      vertex -6.51118 -3.33342 10
      vertex -6.51118 -3.33342 0
    endloop
  endfacet
  facet normal -0.595655 -0.803241 0
    outer loop
      vertex -15.3064 -4.63806 0
      vertex -14.8334 -4.98882 10
      vertex -15.3064 -4.63806 10
    endloop
  endfacet
  facet normal -0.595655 -0.803241 -0
    outer loop
      vertex -14.8334 -4.98882 10
      vertex -15.3064 -4.63806 0
      vertex -14.8334 -4.98882 0
    endloop
  endfacet
  facet normal -0.857736 0.514091 0
    outer loop
      vertex -16.7915 2.82838 0
      vertex -16.4888 3.33342 10
      vertex -16.4888 3.33342 0
    endloop
  endfacet
  facet normal -0.857736 0.514091 0
    outer loop
      vertex -16.4888 3.33342 10
      vertex -16.7915 2.82838 0
      vertex -16.7915 2.82838 10
    endloop
  endfacet
  facet normal -0.242967 -0.970035 0
    outer loop
      vertex -13.2417 -5.74164 0
      vertex -12.6705 -5.88471 10
      vertex -13.2417 -5.74164 10
    endloop
  endfacet
  facet normal -0.242967 -0.970035 -0
    outer loop
      vertex -12.6705 -5.88471 10
      vertex -13.2417 -5.74164 0
      vertex -12.6705 -5.88471 0
    endloop
  endfacet
  facet normal 0.857728 0.514104 0
    outer loop
      vertex -6.20847 2.82838 10
      vertex -6.51118 3.33342 0
      vertex -6.51118 3.33342 10
    endloop
  endfacet
  facet normal 0.857728 0.514104 0
    outer loop
      vertex -6.51118 3.33342 0
      vertex -6.20847 2.82838 10
      vertex -6.20847 2.82838 0
    endloop
  endfacet
  facet normal -0.998795 -0.0490819 0
    outer loop
      vertex -17.4711 -0.588102 0
      vertex -17.5 0 10
      vertex -17.5 0 0
    endloop
  endfacet
  facet normal -0.998795 -0.0490819 0
    outer loop
      vertex -17.5 0 10
      vertex -17.4711 -0.588102 0
      vertex -17.4711 -0.588102 10
    endloop
  endfacet
  facet normal 0.903989 0.427556 0
    outer loop
      vertex -5.95672 2.2961 10
      vertex -6.20847 2.82838 0
      vertex -6.20847 2.82838 10
    endloop
  endfacet
  facet normal 0.903989 0.427556 0
    outer loop
      vertex -6.20847 2.82838 0
      vertex -5.95672 2.2961 10
      vertex -5.95672 2.2961 0
    endloop
  endfacet
  facet normal 0.970032 -0.242979 0
    outer loop
      vertex -5.75836 -1.74171 10
      vertex -5.61529 -1.17054 0
      vertex -5.61529 -1.17054 10
    endloop
  endfacet
  facet normal 0.970032 -0.242979 0
    outer loop
      vertex -5.61529 -1.17054 0
      vertex -5.75836 -1.74171 10
      vertex -5.75836 -1.74171 0
    endloop
  endfacet
  facet normal -0.970019 0.243027 0
    outer loop
      vertex -17.3847 1.17054 0
      vertex -17.2416 1.74171 10
      vertex -17.2416 1.74171 0
    endloop
  endfacet
  facet normal -0.970019 0.243027 0
    outer loop
      vertex -17.2416 1.74171 10
      vertex -17.3847 1.17054 0
      vertex -17.3847 1.17054 10
    endloop
  endfacet
  facet normal -0.427542 -0.903995 0
    outer loop
      vertex -14.3284 -5.29153 0
      vertex -13.7961 -5.54328 10
      vertex -14.3284 -5.29153 10
    endloop
  endfacet
  facet normal -0.427542 -0.903995 -0
    outer loop
      vertex -13.7961 -5.54328 10
      vertex -14.3284 -5.29153 0
      vertex -13.7961 -5.54328 0
    endloop
  endfacet
  facet normal -0.970019 -0.243027 0
    outer loop
      vertex -17.2416 -1.74171 0
      vertex -17.3847 -1.17054 10
      vertex -17.3847 -1.17054 0
    endloop
  endfacet
  facet normal -0.970019 -0.243027 0
    outer loop
      vertex -17.3847 -1.17054 10
      vertex -17.2416 -1.74171 0
      vertex -17.2416 -1.74171 10
    endloop
  endfacet
  facet normal 0.336884 0.941546 -0
    outer loop
      vertex -9.2039 5.54328 0
      vertex -9.75829 5.74164 10
      vertex -9.2039 5.54328 10
    endloop
  endfacet
  facet normal 0.336884 0.941546 0
    outer loop
      vertex -9.75829 5.74164 10
      vertex -9.2039 5.54328 0
      vertex -9.75829 5.74164 0
    endloop
  endfacet
  facet normal 0.989176 -0.146736 0
    outer loop
      vertex -5.61529 -1.17054 10
      vertex -5.52889 -0.588102 0
      vertex -5.52889 -0.588102 10
    endloop
  endfacet
  facet normal 0.989176 -0.146736 0
    outer loop
      vertex -5.52889 -0.588102 0
      vertex -5.61529 -1.17054 10
      vertex -5.61529 -1.17054 0
    endloop
  endfacet
  facet normal -0.146746 0.989174 0
    outer loop
      vertex -12.0881 5.97111 0
      vertex -12.6705 5.88471 10
      vertex -12.0881 5.97111 10
    endloop
  endfacet
  facet normal -0.146746 0.989174 0
    outer loop
      vertex -12.6705 5.88471 10
      vertex -12.0881 5.97111 0
      vertex -12.6705 5.88471 0
    endloop
  endfacet
  facet normal 0.427556 -0.903989 0
    outer loop
      vertex -9.2039 -5.54328 0
      vertex -8.67162 -5.29153 10
      vertex -9.2039 -5.54328 10
    endloop
  endfacet
  facet normal 0.427556 -0.903989 0
    outer loop
      vertex -8.67162 -5.29153 10
      vertex -9.2039 -5.54328 0
      vertex -8.67162 -5.29153 0
    endloop
  endfacet
  facet normal -0.671625 0.740891 0
    outer loop
      vertex -15.3064 4.63806 0
      vertex -15.7426 4.24264 10
      vertex -15.3064 4.63806 10
    endloop
  endfacet
  facet normal -0.671625 0.740891 0
    outer loop
      vertex -15.7426 4.24264 10
      vertex -15.3064 4.63806 0
      vertex -15.7426 4.24264 0
    endloop
  endfacet
  facet normal 0 0 -1
    outer loop
      vertex -9.25002 -1.2 0
      vertex -5.5 0 0
      vertex -5.52889 -0.588102 0
    endloop
  endfacet
  facet normal 0 0 -1
    outer loop
      vertex -9.25002 -1.2 0
      vertex -5.52889 -0.588102 0
      vertex -5.61529 -1.17054 0
    endloop
  endfacet
  facet normal 0 0 -1
    outer loop
      vertex -9.25002 1.2 0
      vertex -5.5 0 0
      vertex -9.25002 -1.2 0
    endloop
  endfacet
  facet normal 0 0 -1
    outer loop
      vertex -9.25002 -1.2 0
      vertex -5.61529 -1.17054 0
      vertex -5.75836 -1.74171 0
    endloop
  endfacet
  facet normal 0 0 -1
    outer loop
      vertex -5.5 0 0
      vertex -9.25002 1.2 0
      vertex -5.52889 0.588102 0
    endloop
  endfacet
  facet normal 0 0 -1
    outer loop
      vertex -9.25098 -1.2196 0
      vertex -5.75836 -1.74171 0
      vertex -5.95672 -2.2961 0
    endloop
  endfacet
  facet normal 0 0 -1
    outer loop
      vertex -5.52889 0.588102 0
      vertex -9.25002 1.2 0
      vertex -5.61529 1.17054 0
    endloop
  endfacet
  facet normal 0 0 -1
    outer loop
      vertex -9.25862 -1.25806 0
      vertex -5.95672 -2.2961 0
      vertex -6.20847 -2.82838 0
    endloop
  endfacet
  facet normal 0 0 -1
    outer loop
      vertex -5.61529 1.17054 0
      vertex -9.25002 1.2 0
      vertex -5.75836 1.74171 0
    endloop
  endfacet
  facet normal 0 0 -1
    outer loop
      vertex -9.28372 -1.31111 0
      vertex -6.20847 -2.82838 0
      vertex -6.51118 -3.33342 0
    endloop
  endfacet
  facet normal 0 0 -1
    outer loop
      vertex -9.25098 1.2196 0
      vertex -5.75836 1.74171 0
      vertex -9.25002 1.2 0
    endloop
  endfacet
  facet normal 0 0 -1
    outer loop
      vertex -9.30859 -1.34142 0
      vertex -6.51118 -3.33342 0
      vertex -6.86194 -3.80636 0
    endloop
  endfacet
  facet normal -0 0 -1
    outer loop
      vertex -5.75836 1.74171 0
      vertex -9.25098 1.2196 0
      vertex -5.95672 2.2961 0
    endloop
  endfacet
  facet normal 0 0 -1
    outer loop
      vertex -9.3389 -1.36629 0
      vertex -6.86194 -3.80636 0
      vertex -7.25736 -4.24264 0
    endloop
  endfacet
  facet normal 0 0 -1
    outer loop
      vertex -9.25386 1.23901 0
      vertex -5.95672 2.2961 0
      vertex -9.25098 1.2196 0
    endloop
  endfacet
  facet normal 0 0 -1
    outer loop
      vertex -9.37347 -1.38477 0
      vertex -7.25736 -4.24264 0
      vertex -7.69364 -4.63806 0
    endloop
  endfacet
  facet normal 0 0 -1
    outer loop
      vertex -9.25862 1.25806 0
      vertex -5.95672 2.2961 0
      vertex -9.25386 1.23901 0
    endloop
  endfacet
  facet normal 0 0 -1
    outer loop
      vertex -9.411 -1.39615 0
      vertex -7.69364 -4.63806 0
      vertex -8.16658 -4.98882 0
    endloop
  endfacet
  facet normal -0 0 -1
    outer loop
      vertex -5.95672 2.2961 0
      vertex -9.25862 1.25806 0
      vertex -6.20847 2.82838 0
    endloop
  endfacet
  facet normal 0 0 -1
    outer loop
      vertex -9.45001 -1.39999 0
      vertex -8.16658 -4.98882 0
      vertex -8.67162 -5.29153 0
    endloop
  endfacet
  facet normal 0 0 -1
    outer loop
      vertex -9.26524 1.27654 0
      vertex -6.20847 2.82838 0
      vertex -9.25862 1.25806 0
    endloop
  endfacet
  facet normal 0 0 -1
    outer loop
      vertex -9.45001 -1.39999 0
      vertex -8.67162 -5.29153 0
      vertex -9.2039 -5.54328 0
    endloop
  endfacet
  facet normal 0 0 -1
    outer loop
      vertex -9.27362 1.29428 0
      vertex -6.20847 2.82838 0
      vertex -9.26524 1.27654 0
    endloop
  endfacet
  facet normal 0 0 -1
    outer loop
      vertex -9.28372 1.31111 0
      vertex -6.20847 2.82838 0
      vertex -9.27362 1.29428 0
    endloop
  endfacet
  facet normal 0 0 -1
    outer loop
      vertex -5.75836 -1.74171 0
      vertex -9.25098 -1.2196 0
      vertex -9.25002 -1.2 0
    endloop
  endfacet
  facet normal 0 0 -1
    outer loop
      vertex -5.95672 -2.2961 0
      vertex -9.25386 -1.23901 0
      vertex -9.25098 -1.2196 0
    endloop
  endfacet
  facet normal 0 0 -1
    outer loop
      vertex -5.95672 -2.2961 0
      vertex -9.25862 -1.25806 0
      vertex -9.25386 -1.23901 0
    endloop
  endfacet
  facet normal 0 0 -1
    outer loop
      vertex -6.20847 -2.82838 0
      vertex -9.26524 -1.27654 0
      vertex -9.25862 -1.25806 0
    endloop
  endfacet
  facet normal 0 0 -1
    outer loop
      vertex -6.20847 -2.82838 0
      vertex -9.27362 -1.29428 0
      vertex -9.26524 -1.27654 0
    endloop
  endfacet
  facet normal 0 0 -1
    outer loop
      vertex -6.20847 -2.82838 0
      vertex -9.28372 -1.31111 0
      vertex -9.27362 -1.29428 0
    endloop
  endfacet
  facet normal 0 0 -1
    outer loop
      vertex -6.51118 -3.33342 0
      vertex -9.29541 -1.32687 0
      vertex -9.28372 -1.31111 0
    endloop
  endfacet
  facet normal 0 0 -1
    outer loop
      vertex -6.51118 -3.33342 0
      vertex -9.30859 -1.34142 0
      vertex -9.29541 -1.32687 0
    endloop
  endfacet
  facet normal 0 0 -1
    outer loop
      vertex -6.86194 -3.80636 0
      vertex -9.32314 -1.3546 0
      vertex -9.30859 -1.34142 0
    endloop
  endfacet
  facet normal 0 0 -1
    outer loop
      vertex -6.86194 -3.80636 0
      vertex -9.3389 -1.36629 0
      vertex -9.32314 -1.3546 0
    endloop
  endfacet
  facet normal 0 0 -1
    outer loop
      vertex -7.25736 -4.24264 0
      vertex -9.35573 -1.37639 0
      vertex -9.3389 -1.36629 0
    endloop
  endfacet
  facet normal 0 0 -1
    outer loop
      vertex -7.25736 -4.24264 0
      vertex -9.37347 -1.38477 0
      vertex -9.35573 -1.37639 0
    endloop
  endfacet
  facet normal 0 0 -1
    outer loop
      vertex -7.69364 -4.63806 0
      vertex -9.39195 -1.39139 0
      vertex -9.37347 -1.38477 0
    endloop
  endfacet
  facet normal 0 0 -1
    outer loop
      vertex -7.69364 -4.63806 0
      vertex -9.411 -1.39615 0
      vertex -9.39195 -1.39139 0
    endloop
  endfacet
  facet normal 0 0 -1
    outer loop
      vertex -8.16658 -4.98882 0
      vertex -9.4304 -1.39903 0
      vertex -9.411 -1.39615 0
    endloop
  endfacet
  facet normal 0 0 -1
    outer loop
      vertex -8.16658 -4.98882 0
      vertex -9.45001 -1.39999 0
      vertex -9.4304 -1.39903 0
    endloop
  endfacet
  facet normal 0 0 -1
    outer loop
      vertex -9.75829 -5.74164 0
      vertex -9.45001 -1.39999 0
      vertex -9.2039 -5.54328 0
    endloop
  endfacet
  facet normal 0 0 -1
    outer loop
      vertex -10.3295 -5.88471 0
      vertex -9.45001 -1.39999 0
      vertex -9.75829 -5.74164 0
    endloop
  endfacet
  facet normal 0 0 -1
    outer loop
      vertex -10.9119 -5.97111 0
      vertex -9.45001 -1.39999 0
      vertex -10.3295 -5.88471 0
    endloop
  endfacet
  facet normal 0 0 -1
    outer loop
      vertex -11.5 -6 0
      vertex -9.45001 -1.39999 0
      vertex -10.9119 -5.97111 0
    endloop
  endfacet
  facet normal 0 0 -1
    outer loop
      vertex -13.55 -1.39999 0
      vertex -11.5 -6 0
      vertex -12.0881 -5.97111 0
    endloop
  endfacet
  facet normal 0 0 -1
    outer loop
      vertex -13.55 -1.39999 0
      vertex -12.0881 -5.97111 0
      vertex -12.6705 -5.88471 0
    endloop
  endfacet
  facet normal 0 0 -1
    outer loop
      vertex -13.55 -1.39999 0
      vertex -12.6705 -5.88471 0
      vertex -13.2417 -5.74164 0
    endloop
  endfacet
  facet normal 0 0 -1
    outer loop
      vertex -11.5 -6 0
      vertex -13.55 -1.39999 0
      vertex -9.45001 -1.39999 0
    endloop
  endfacet
  facet normal 0 0 -1
    outer loop
      vertex -13.7961 -5.54328 0
      vertex -13.55 -1.39999 0
      vertex -13.2417 -5.74164 0
    endloop
  endfacet
  facet normal 0 0 -1
    outer loop
      vertex -14.3284 -5.29153 0
      vertex -13.55 -1.39999 0
      vertex -13.7961 -5.54328 0
    endloop
  endfacet
  facet normal 0 0 -1
    outer loop
      vertex -14.8334 -4.98882 0
      vertex -13.55 -1.39999 0
      vertex -14.3284 -5.29153 0
    endloop
  endfacet
  facet normal -0 0 -1
    outer loop
      vertex -13.55 -1.39999 0
      vertex -14.8334 -4.98882 0
      vertex -13.5696 -1.39903 0
    endloop
  endfacet
  facet normal -0 0 -1
    outer loop
      vertex -13.5696 -1.39903 0
      vertex -14.8334 -4.98882 0
      vertex -13.589 -1.39615 0
    endloop
  endfacet
  facet normal 0 0 -1
    outer loop
      vertex -15.3064 -4.63806 0
      vertex -13.589 -1.39615 0
      vertex -14.8334 -4.98882 0
    endloop
  endfacet
  facet normal -0 0 -1
    outer loop
      vertex -13.589 -1.39615 0
      vertex -15.3064 -4.63806 0
      vertex -13.608 -1.39139 0
    endloop
  endfacet
  facet normal -0 0 -1
    outer loop
      vertex -13.608 -1.39139 0
      vertex -15.3064 -4.63806 0
      vertex -13.6265 -1.38477 0
    endloop
  endfacet
  facet normal 0 0 -1
    outer loop
      vertex -15.7426 -4.24264 0
      vertex -13.6265 -1.38477 0
      vertex -15.3064 -4.63806 0
    endloop
  endfacet
  facet normal -0 0 -1
    outer loop
      vertex -13.6265 -1.38477 0
      vertex -15.7426 -4.24264 0
      vertex -13.6443 -1.37639 0
    endloop
  endfacet
  facet normal -0 0 -1
    outer loop
      vertex -13.6443 -1.37639 0
      vertex -15.7426 -4.24264 0
      vertex -13.6611 -1.36629 0
    endloop
  endfacet
  facet normal 0 0 -1
    outer loop
      vertex -16.1381 -3.80636 0
      vertex -13.6611 -1.36629 0
      vertex -15.7426 -4.24264 0
    endloop
  endfacet
  facet normal -0 0 -1
    outer loop
      vertex -13.6611 -1.36629 0
      vertex -16.1381 -3.80636 0
      vertex -13.6769 -1.3546 0
    endloop
  endfacet
  facet normal -0 0 -1
    outer loop
      vertex -13.6769 -1.3546 0
      vertex -16.1381 -3.80636 0
      vertex -13.6914 -1.34142 0
    endloop
  endfacet
  facet normal 0 0 -1
    outer loop
      vertex -16.4888 -3.33342 0
      vertex -13.6914 -1.34142 0
      vertex -16.1381 -3.80636 0
    endloop
  endfacet
  facet normal 0 0 -1
    outer loop
      vertex -16.7915 -2.82838 0
      vertex -13.7163 -1.31111 0
      vertex -16.4888 -3.33342 0
    endloop
  endfacet
  facet normal -0 0 -1
    outer loop
      vertex -13.7046 -1.32687 0
      vertex -16.4888 -3.33342 0
      vertex -13.7163 -1.31111 0
    endloop
  endfacet
  facet normal -0 0 -1
    outer loop
      vertex -13.6914 -1.34142 0
      vertex -16.4888 -3.33342 0
      vertex -13.7046 -1.32687 0
    endloop
  endfacet
  facet normal -0 0 -1
    outer loop
      vertex -6.20847 2.82838 0
      vertex -9.28372 1.31111 0
      vertex -6.51118 3.33342 0
    endloop
  endfacet
  facet normal 0 0 -1
    outer loop
      vertex -9.29541 1.32687 0
      vertex -6.51118 3.33342 0
      vertex -9.28372 1.31111 0
    endloop
  endfacet
  facet normal 0 0 -1
    outer loop
      vertex -9.30859 1.34142 0
      vertex -6.51118 3.33342 0
      vertex -9.29541 1.32687 0
    endloop
  endfacet
  facet normal -0 0 -1
    outer loop
      vertex -6.51118 3.33342 0
      vertex -9.30859 1.34142 0
      vertex -6.86194 3.80636 0
    endloop
  endfacet
  facet normal 0 0 -1
    outer loop
      vertex -9.32314 1.3546 0
      vertex -6.86194 3.80636 0
      vertex -9.30859 1.34142 0
    endloop
  endfacet
  facet normal 0 0 -1
    outer loop
      vertex -9.3389 1.36629 0
      vertex -6.86194 3.80636 0
      vertex -9.32314 1.3546 0
    endloop
  endfacet
  facet normal -0 0 -1
    outer loop
      vertex -6.86194 3.80636 0
      vertex -9.3389 1.36629 0
      vertex -7.25736 4.24264 0
    endloop
  endfacet
  facet normal 0 0 -1
    outer loop
      vertex -9.35573 1.37639 0
      vertex -7.25736 4.24264 0
      vertex -9.3389 1.36629 0
    endloop
  endfacet
  facet normal 0 0 -1
    outer loop
      vertex -9.37347 1.38477 0
      vertex -7.25736 4.24264 0
      vertex -9.35573 1.37639 0
    endloop
  endfacet
  facet normal -0 0 -1
    outer loop
      vertex -7.25736 4.24264 0
      vertex -9.37347 1.38477 0
      vertex -7.69364 4.63806 0
    endloop
  endfacet
  facet normal 0 0 -1
    outer loop
      vertex -9.39195 1.39139 0
      vertex -7.69364 4.63806 0
      vertex -9.37347 1.38477 0
    endloop
  endfacet
  facet normal 0 0 -1
    outer loop
      vertex -9.411 1.39615 0
      vertex -7.69364 4.63806 0
      vertex -9.39195 1.39139 0
    endloop
  endfacet
  facet normal -0 0 -1
    outer loop
      vertex -7.69364 4.63806 0
      vertex -9.411 1.39615 0
      vertex -8.16658 4.98882 0
    endloop
  endfacet
  facet normal 0 0 -1
    outer loop
      vertex -9.4304 1.39903 0
      vertex -8.16658 4.98882 0
      vertex -9.411 1.39615 0
    endloop
  endfacet
  facet normal 0 0 -1
    outer loop
      vertex -9.45001 1.39999 0
      vertex -8.16658 4.98882 0
      vertex -9.4304 1.39903 0
    endloop
  endfacet
  facet normal -0 0 -1
    outer loop
      vertex -8.16658 4.98882 0
      vertex -9.45001 1.39999 0
      vertex -8.67162 5.29153 0
    endloop
  endfacet
  facet normal -0 0 -1
    outer loop
      vertex -8.67162 5.29153 0
      vertex -9.45001 1.39999 0
      vertex -9.2039 5.54328 0
    endloop
  endfacet
  facet normal 0 0 -1
    outer loop
      vertex -9.45001 1.39999 0
      vertex -9.75829 5.74164 0
      vertex -9.2039 5.54328 0
    endloop
  endfacet
  facet normal 0 0 -1
    outer loop
      vertex -9.45001 1.39999 0
      vertex -10.3295 5.88471 0
      vertex -9.75829 5.74164 0
    endloop
  endfacet
  facet normal 0 0 -1
    outer loop
      vertex -9.45001 1.39999 0
      vertex -10.9119 5.97111 0
      vertex -10.3295 5.88471 0
    endloop
  endfacet
  facet normal 0 0 -1
    outer loop
      vertex -9.45001 1.39999 0
      vertex -11.5 6 0
      vertex -10.9119 5.97111 0
    endloop
  endfacet
  facet normal 0 0 -1
    outer loop
      vertex -13.55 1.39999 0
      vertex -11.5 6 0
      vertex -9.45001 1.39999 0
    endloop
  endfacet
  facet normal 0 0 -1
    outer loop
      vertex -11.5 6 0
      vertex -13.55 1.39999 0
      vertex -12.0881 5.97111 0
    endloop
  endfacet
  facet normal 0 0 -1
    outer loop
      vertex -12.0881 5.97111 0
      vertex -13.55 1.39999 0
      vertex -12.6705 5.88471 0
    endloop
  endfacet
  facet normal 0 0 -1
    outer loop
      vertex -12.6705 5.88471 0
      vertex -13.55 1.39999 0
      vertex -13.2417 5.74164 0
    endloop
  endfacet
  facet normal 0 0 -1
    outer loop
      vertex -14.8334 4.98882 0
      vertex -13.55 1.39999 0
      vertex -13.5696 1.39903 0
    endloop
  endfacet
  facet normal 0 0 -1
    outer loop
      vertex -14.8334 4.98882 0
      vertex -13.5696 1.39903 0
      vertex -13.589 1.39615 0
    endloop
  endfacet
  facet normal 0 0 -1
    outer loop
      vertex -15.3064 4.63806 0
      vertex -13.589 1.39615 0
      vertex -13.608 1.39139 0
    endloop
  endfacet
  facet normal 0 0 -1
    outer loop
      vertex -15.3064 4.63806 0
      vertex -13.608 1.39139 0
      vertex -13.6265 1.38477 0
    endloop
  endfacet
  facet normal 0 0 -1
    outer loop
      vertex -15.7426 4.24264 0
      vertex -13.6265 1.38477 0
      vertex -13.6443 1.37639 0
    endloop
  endfacet
  facet normal 0 0 -1
    outer loop
      vertex -15.7426 4.24264 0
      vertex -13.6443 1.37639 0
      vertex -13.6611 1.36629 0
    endloop
  endfacet
  facet normal 0 0 -1
    outer loop
      vertex -16.1381 3.80636 0
      vertex -13.6611 1.36629 0
      vertex -13.6769 1.3546 0
    endloop
  endfacet
  facet normal 0 0 -1
    outer loop
      vertex -16.1381 3.80636 0
      vertex -13.6769 1.3546 0
      vertex -13.6914 1.34142 0
    endloop
  endfacet
  facet normal 0 0 -1
    outer loop
      vertex -16.4888 3.33342 0
      vertex -13.6914 1.34142 0
      vertex -13.7046 1.32687 0
    endloop
  endfacet
  facet normal 0 0 -1
    outer loop
      vertex -16.4888 3.33342 0
      vertex -13.7046 1.32687 0
      vertex -13.7163 1.31111 0
    endloop
  endfacet
  facet normal 0 0 -1
    outer loop
      vertex -16.7915 2.82838 0
      vertex -13.7163 1.31111 0
      vertex -13.7264 1.29428 0
    endloop
  endfacet
  facet normal 0 0 -1
    outer loop
      vertex -16.7915 2.82838 0
      vertex -13.7264 1.29428 0
      vertex -13.7348 1.27654 0
    endloop
  endfacet
  facet normal 0 0 -1
    outer loop
      vertex -16.7915 2.82838 0
      vertex -13.7348 1.27654 0
      vertex -13.7414 1.25806 0
    endloop
  endfacet
  facet normal 0 0 -1
    outer loop
      vertex -17.0433 2.2961 0
      vertex -13.7414 1.25806 0
      vertex -13.7461 1.23901 0
    endloop
  endfacet
  facet normal 0 0 -1
    outer loop
      vertex -17.0433 2.2961 0
      vertex -13.7461 1.23901 0
      vertex -13.749 1.2196 0
    endloop
  endfacet
  facet normal 0 0 -1
    outer loop
      vertex -13.55 1.39999 0
      vertex -13.7961 5.54328 0
      vertex -13.2417 5.74164 0
    endloop
  endfacet
  facet normal 0 0 -1
    outer loop
      vertex -17.2416 1.74171 0
      vertex -13.749 1.2196 0
      vertex -13.75 1.2 0
    endloop
  endfacet
  facet normal -0 0 -1
    outer loop
      vertex -13.7163 -1.31111 0
      vertex -16.7915 -2.82838 0
      vertex -13.7264 -1.29428 0
    endloop
  endfacet
  facet normal -0 0 -1
    outer loop
      vertex -13.7264 -1.29428 0
      vertex -16.7915 -2.82838 0
      vertex -13.7348 -1.27654 0
    endloop
  endfacet
  facet normal 0 0 -1
    outer loop
      vertex -13.55 1.39999 0
      vertex -14.3284 5.29153 0
      vertex -13.7961 5.54328 0
    endloop
  endfacet
  facet normal -0 0 -1
    outer loop
      vertex -13.7348 -1.27654 0
      vertex -16.7915 -2.82838 0
      vertex -13.7414 -1.25806 0
    endloop
  endfacet
  facet normal 0 0 -1
    outer loop
      vertex -13.55 1.39999 0
      vertex -14.8334 4.98882 0
      vertex -14.3284 5.29153 0
    endloop
  endfacet
  facet normal 0 0 -1
    outer loop
      vertex -17.0433 -2.2961 0
      vertex -13.7414 -1.25806 0
      vertex -16.7915 -2.82838 0
    endloop
  endfacet
  facet normal 0 0 -1
    outer loop
      vertex -13.589 1.39615 0
      vertex -15.3064 4.63806 0
      vertex -14.8334 4.98882 0
    endloop
  endfacet
  facet normal -0 0 -1
    outer loop
      vertex -13.7414 -1.25806 0
      vertex -17.0433 -2.2961 0
      vertex -13.7461 -1.23901 0
    endloop
  endfacet
  facet normal 0 0 -1
    outer loop
      vertex -13.6265 1.38477 0
      vertex -15.7426 4.24264 0
      vertex -15.3064 4.63806 0
    endloop
  endfacet
  facet normal -0 0 -1
    outer loop
      vertex -13.7461 -1.23901 0
      vertex -17.0433 -2.2961 0
      vertex -13.749 -1.2196 0
    endloop
  endfacet
  facet normal 0 0 -1
    outer loop
      vertex -13.6611 1.36629 0
      vertex -16.1381 3.80636 0
      vertex -15.7426 4.24264 0
    endloop
  endfacet
  facet normal 0 0 -1
    outer loop
      vertex -17.2416 -1.74171 0
      vertex -13.749 -1.2196 0
      vertex -17.0433 -2.2961 0
    endloop
  endfacet
  facet normal 0 0 -1
    outer loop
      vertex -13.6914 1.34142 0
      vertex -16.4888 3.33342 0
      vertex -16.1381 3.80636 0
    endloop
  endfacet
  facet normal -0 0 -1
    outer loop
      vertex -13.749 -1.2196 0
      vertex -17.2416 -1.74171 0
      vertex -13.75 -1.2 0
    endloop
  endfacet
  facet normal 0 0 -1
    outer loop
      vertex -13.7163 1.31111 0
      vertex -16.7915 2.82838 0
      vertex -16.4888 3.33342 0
    endloop
  endfacet
  facet normal 0 0 -1
    outer loop
      vertex -17.3847 -1.17054 0
      vertex -13.75 -1.2 0
      vertex -17.2416 -1.74171 0
    endloop
  endfacet
  facet normal 0 0 -1
    outer loop
      vertex -13.7414 1.25806 0
      vertex -17.0433 2.2961 0
      vertex -16.7915 2.82838 0
    endloop
  endfacet
  facet normal 0 0 -1
    outer loop
      vertex -17.4711 -0.588102 0
      vertex -13.75 -1.2 0
      vertex -17.3847 -1.17054 0
    endloop
  endfacet
  facet normal 0 0 -1
    outer loop
      vertex -13.749 1.2196 0
      vertex -17.2416 1.74171 0
      vertex -17.0433 2.2961 0
    endloop
  endfacet
  facet normal 0 0 -1
    outer loop
      vertex -17.5 0 0
      vertex -13.75 -1.2 0
      vertex -17.4711 -0.588102 0
    endloop
  endfacet
  facet normal -0 0 -1
    outer loop
      vertex -13.75 1.2 0
      vertex -17.3847 1.17054 0
      vertex -17.2416 1.74171 0
    endloop
  endfacet
  facet normal 0 0 -1
    outer loop
      vertex -13.75 -1.2 0
      vertex -17.5 0 0
      vertex -13.75 1.2 0
    endloop
  endfacet
  facet normal 0 0 -1
    outer loop
      vertex -13.75 1.2 0
      vertex -17.4711 0.588102 0
      vertex -17.3847 1.17054 0
    endloop
  endfacet
  facet normal 0 0 -1
    outer loop
      vertex -13.75 1.2 0
      vertex -17.5 0 0
      vertex -17.4711 0.588102 0
    endloop
  endfacet
  facet normal -0.595655 0.803241 0
    outer loop
      vertex -14.8334 4.98882 0
      vertex -15.3064 4.63806 10
      vertex -14.8334 4.98882 10
    endloop
  endfacet
  facet normal -0.595655 0.803241 0
    outer loop
      vertex -15.3064 4.63806 10
      vertex -14.8334 4.98882 0
      vertex -15.3064 4.63806 0
    endloop
  endfacet
  facet normal 0.242963 0.970036 -0
    outer loop
      vertex -9.75829 5.74164 0
      vertex -10.3295 5.88471 10
      vertex -9.75829 5.74164 10
    endloop
  endfacet
  facet normal 0.242963 0.970036 0
    outer loop
      vertex -10.3295 5.88471 10
      vertex -9.75829 5.74164 0
      vertex -10.3295 5.88471 0
    endloop
  endfacet
  facet normal 0.998796 -0.049065 0
    outer loop
      vertex -5.52889 -0.588102 10
      vertex -5.5 0 0
      vertex -5.5 0 10
    endloop
  endfacet
  facet normal 0.998796 -0.049065 0
    outer loop
      vertex -5.5 0 0
      vertex -5.52889 -0.588102 10
      vertex -5.52889 -0.588102 0
    endloop
  endfacet
  facet normal -0.427542 0.903995 0
    outer loop
      vertex -13.7961 5.54328 0
      vertex -14.3284 5.29153 10
      vertex -13.7961 5.54328 10
    endloop
  endfacet
  facet normal -0.427542 0.903995 0
    outer loop
      vertex -14.3284 5.29153 10
      vertex -13.7961 5.54328 0
      vertex -14.3284 5.29153 0
    endloop
  endfacet
  facet normal -0.941578 -0.336794 0
    outer loop
      vertex -17.0433 -2.2961 0
      vertex -17.2416 -1.74171 10
      vertex -17.2416 -1.74171 0
    endloop
  endfacet
  facet normal -0.941578 -0.336794 0
    outer loop
      vertex -17.2416 -1.74171 10
      vertex -17.0433 -2.2961 0
      vertex -17.0433 -2.2961 10
    endloop
  endfacet
  facet normal 0.514104 0.857728 -0
    outer loop
      vertex -8.16658 4.98882 0
      vertex -8.67162 5.29153 10
      vertex -8.16658 4.98882 10
    endloop
  endfacet
  facet normal 0.514104 0.857728 0
    outer loop
      vertex -8.67162 5.29153 10
      vertex -8.16658 4.98882 0
      vertex -8.67162 5.29153 0
    endloop
  endfacet
  facet normal 0.595703 0.803204 -0
    outer loop
      vertex -7.69364 4.63806 0
      vertex -8.16658 4.98882 10
      vertex -7.69364 4.63806 10
    endloop
  endfacet
  facet normal 0.595703 0.803204 0
    outer loop
      vertex -8.16658 4.98882 10
      vertex -7.69364 4.63806 0
      vertex -8.16658 4.98882 0
    endloop
  endfacet
  facet normal 0.146746 -0.989174 0
    outer loop
      vertex -10.9119 -5.97111 0
      vertex -10.3295 -5.88471 10
      vertex -10.9119 -5.97111 10
    endloop
  endfacet
  facet normal 0.146746 -0.989174 0
    outer loop
      vertex -10.3295 -5.88471 10
      vertex -10.9119 -5.97111 0
      vertex -10.3295 -5.88471 0
    endloop
  endfacet
  facet normal 0.740952 -0.671558 0
    outer loop
      vertex -7.25736 -4.24264 10
      vertex -6.86194 -3.80636 0
      vertex -6.86194 -3.80636 10
    endloop
  endfacet
  facet normal 0.740952 -0.671558 0
    outer loop
      vertex -6.86194 -3.80636 0
      vertex -7.25736 -4.24264 10
      vertex -7.25736 -4.24264 0
    endloop
  endfacet
  facet normal 0.803204 -0.595703 0
    outer loop
      vertex -6.86194 -3.80636 10
      vertex -6.51118 -3.33342 0
      vertex -6.51118 -3.33342 10
    endloop
  endfacet
  facet normal 0.803204 -0.595703 0
    outer loop
      vertex -6.51118 -3.33342 0
      vertex -6.86194 -3.80636 10
      vertex -6.86194 -3.80636 0
    endloop
  endfacet
  facet normal 0.242963 -0.970036 0
    outer loop
      vertex -10.3295 -5.88471 0
      vertex -9.75829 -5.74164 10
      vertex -10.3295 -5.88471 10
    endloop
  endfacet
  facet normal 0.242963 -0.970036 0
    outer loop
      vertex -9.75829 -5.74164 10
      vertex -10.3295 -5.88471 0
      vertex -9.75829 -5.74164 0
    endloop
  endfacet
  facet normal 0.941546 -0.336884 0
    outer loop
      vertex -5.95672 -2.2961 10
      vertex -5.75836 -1.74171 0
      vertex -5.75836 -1.74171 10
    endloop
  endfacet
  facet normal 0.941546 -0.336884 0
    outer loop
      vertex -5.75836 -1.74171 0
      vertex -5.95672 -2.2961 10
      vertex -5.95672 -2.2961 0
    endloop
  endfacet
  facet normal -0.242967 0.970035 0
    outer loop
      vertex -12.6705 5.88471 0
      vertex -13.2417 5.74164 10
      vertex -12.6705 5.88471 10
    endloop
  endfacet
  facet normal -0.242967 0.970035 0
    outer loop
      vertex -13.2417 5.74164 10
      vertex -12.6705 5.88471 0
      vertex -13.2417 5.74164 0
    endloop
  endfacet
  facet normal -0.903956 -0.427625 0
    outer loop
      vertex -16.7915 -2.82838 0
      vertex -17.0433 -2.2961 10
      vertex -17.0433 -2.2961 0
    endloop
  endfacet
  facet normal -0.903956 -0.427625 0
    outer loop
      vertex -17.0433 -2.2961 10
      vertex -16.7915 -2.82838 0
      vertex -16.7915 -2.82838 10
    endloop
  endfacet
  facet normal -0.989176 0.146736 0
    outer loop
      vertex -17.4711 0.588102 0
      vertex -17.3847 1.17054 10
      vertex -17.3847 1.17054 0
    endloop
  endfacet
  facet normal -0.989176 0.146736 0
    outer loop
      vertex -17.3847 1.17054 10
      vertex -17.4711 0.588102 0
      vertex -17.4711 0.588102 10
    endloop
  endfacet
  facet normal 0.427556 0.903989 -0
    outer loop
      vertex -8.67162 5.29153 0
      vertex -9.2039 5.54328 10
      vertex -8.67162 5.29153 10
    endloop
  endfacet
  facet normal 0.427556 0.903989 0
    outer loop
      vertex -9.2039 5.54328 10
      vertex -8.67162 5.29153 0
      vertex -9.2039 5.54328 0
    endloop
  endfacet
  facet normal -0.740884 -0.671632 0
    outer loop
      vertex -15.7426 -4.24264 0
      vertex -16.1381 -3.80636 10
      vertex -16.1381 -3.80636 0
    endloop
  endfacet
  facet normal -0.740884 -0.671632 0
    outer loop
      vertex -16.1381 -3.80636 10
      vertex -15.7426 -4.24264 0
      vertex -15.7426 -4.24264 10
    endloop
  endfacet
  facet normal -0.857736 -0.514091 0
    outer loop
      vertex -16.4888 -3.33342 0
      vertex -16.7915 -2.82838 10
      vertex -16.7915 -2.82838 0
    endloop
  endfacet
  facet normal -0.857736 -0.514091 0
    outer loop
      vertex -16.7915 -2.82838 10
      vertex -16.4888 -3.33342 0
      vertex -16.4888 -3.33342 10
    endloop
  endfacet
  facet normal -0.336879 0.941548 0
    outer loop
      vertex -13.2417 5.74164 0
      vertex -13.7961 5.54328 10
      vertex -13.2417 5.74164 10
    endloop
  endfacet
  facet normal -0.336879 0.941548 0
    outer loop
      vertex -13.7961 5.54328 10
      vertex -13.2417 5.74164 0
      vertex -13.7961 5.54328 0
    endloop
  endfacet
  facet normal -0.514134 -0.85771 0
    outer loop
      vertex -14.8334 -4.98882 0
      vertex -14.3284 -5.29153 10
      vertex -14.8334 -4.98882 10
    endloop
  endfacet
  facet normal -0.514134 -0.85771 -0
    outer loop
      vertex -14.3284 -5.29153 10
      vertex -14.8334 -4.98882 0
      vertex -14.3284 -5.29153 0
    endloop
  endfacet
  facet normal -0.941578 0.336794 0
    outer loop
      vertex -17.2416 1.74171 0
      vertex -17.0433 2.2961 10
      vertex -17.0433 2.2961 0
    endloop
  endfacet
  facet normal -0.941578 0.336794 0
    outer loop
      vertex -17.0433 2.2961 10
      vertex -17.2416 1.74171 0
      vertex -17.2416 1.74171 10
    endloop
  endfacet
  facet normal 0.595703 -0.803204 0
    outer loop
      vertex -8.16658 -4.98882 0
      vertex -7.69364 -4.63806 10
      vertex -8.16658 -4.98882 10
    endloop
  endfacet
  facet normal 0.595703 -0.803204 0
    outer loop
      vertex -7.69364 -4.63806 10
      vertex -8.16658 -4.98882 0
      vertex -7.69364 -4.63806 0
    endloop
  endfacet
  facet normal 0.740952 0.671558 0
    outer loop
      vertex -6.86194 3.80636 10
      vertex -7.25736 4.24264 0
      vertex -7.25736 4.24264 10
    endloop
  endfacet
  facet normal 0.740952 0.671558 0
    outer loop
      vertex -7.25736 4.24264 0
      vertex -6.86194 3.80636 10
      vertex -6.86194 3.80636 0
    endloop
  endfacet
  facet normal -0.803253 -0.595638 0
    outer loop
      vertex -16.1381 -3.80636 0
      vertex -16.4888 -3.33342 10
      vertex -16.4888 -3.33342 0
    endloop
  endfacet
  facet normal -0.803253 -0.595638 0
    outer loop
      vertex -16.4888 -3.33342 10
      vertex -16.1381 -3.80636 0
      vertex -16.1381 -3.80636 10
    endloop
  endfacet
  facet normal -0.514134 0.85771 0
    outer loop
      vertex -14.3284 5.29153 0
      vertex -14.8334 4.98882 10
      vertex -14.3284 5.29153 10
    endloop
  endfacet
  facet normal -0.514134 0.85771 0
    outer loop
      vertex -14.8334 4.98882 10
      vertex -14.3284 5.29153 0
      vertex -14.8334 4.98882 0
    endloop
  endfacet
  facet normal -0.989176 -0.146736 0
    outer loop
      vertex -17.3847 -1.17054 0
      vertex -17.4711 -0.588102 10
      vertex -17.4711 -0.588102 0
    endloop
  endfacet
  facet normal -0.989176 -0.146736 0
    outer loop
      vertex -17.4711 -0.588102 10
      vertex -17.3847 -1.17054 0
      vertex -17.3847 -1.17054 10
    endloop
  endfacet
  facet normal -0.903956 0.427625 0
    outer loop
      vertex -17.0433 2.2961 0
      vertex -16.7915 2.82838 10
      vertex -16.7915 2.82838 0
    endloop
  endfacet
  facet normal -0.903956 0.427625 0
    outer loop
      vertex -16.7915 2.82838 10
      vertex -17.0433 2.2961 0
      vertex -17.0433 2.2961 10
    endloop
  endfacet
  facet normal 0.514104 -0.857728 0
    outer loop
      vertex -8.67162 -5.29153 0
      vertex -8.16658 -4.98882 10
      vertex -8.67162 -5.29153 10
    endloop
  endfacet
  facet normal 0.514104 -0.857728 0
    outer loop
      vertex -8.16658 -4.98882 10
      vertex -8.67162 -5.29153 0
      vertex -8.16658 -4.98882 0
    endloop
  endfacet
  facet normal -0.671625 -0.740891 0
    outer loop
      vertex -15.7426 -4.24264 0
      vertex -15.3064 -4.63806 10
      vertex -15.7426 -4.24264 10
    endloop
  endfacet
  facet normal -0.671625 -0.740891 -0
    outer loop
      vertex -15.3064 -4.63806 10
      vertex -15.7426 -4.24264 0
      vertex -15.3064 -4.63806 0
    endloop
  endfacet
  facet normal -0.803253 0.595638 0
    outer loop
      vertex -16.4888 3.33342 0
      vertex -16.1381 3.80636 10
      vertex -16.1381 3.80636 0
    endloop
  endfacet
  facet normal -0.803253 0.595638 0
    outer loop
      vertex -16.1381 3.80636 10
      vertex -16.4888 3.33342 0
      vertex -16.4888 3.33342 10
    endloop
  endfacet
  facet normal -0.0490651 -0.998796 0
    outer loop
      vertex -12.0881 -5.97111 0
      vertex -11.5 -6 10
      vertex -12.0881 -5.97111 10
    endloop
  endfacet
  facet normal -0.0490651 -0.998796 -0
    outer loop
      vertex -11.5 -6 10
      vertex -12.0881 -5.97111 0
      vertex -11.5 -6 0
    endloop
  endfacet
  facet normal -0 0 1
    outer loop
      vertex -13.875 -0.95 10
      vertex -12.45 -2.375 10
      vertex -12.45 -0.95 10
    endloop
  endfacet
  facet normal 0 0 1
    outer loop
      vertex -12.45 -2.375 10
      vertex -13.2417 -5.74164 10
      vertex -12.6705 -5.88471 10
    endloop
  endfacet
  facet normal 0 0 1
    outer loop
      vertex -12.45 -2.375 10
      vertex -13.7961 -5.54328 10
      vertex -13.2417 -5.74164 10
    endloop
  endfacet
  facet normal 0 0 1
    outer loop
      vertex -15.7426 -4.24264 10
      vertex -12.45 -2.375 10
      vertex -13.875 -0.95 10
    endloop
  endfacet
  facet normal -0 0 1
    outer loop
      vertex -15.7426 4.24264 10
      vertex -12.45 2.375 10
      vertex -15.3064 4.63806 10
    endloop
  endfacet
  facet normal 0 0 1
    outer loop
      vertex -12.45 -2.375 10
      vertex -14.3284 -5.29153 10
      vertex -13.7961 -5.54328 10
    endloop
  endfacet
  facet normal 0 0 1
    outer loop
      vertex -12.45 2.375 10
      vertex -15.7426 4.24264 10
      vertex -13.875 0.95 10
    endloop
  endfacet
  facet normal 0 0 1
    outer loop
      vertex -12.45 -2.375 10
      vertex -14.8334 -4.98882 10
      vertex -14.3284 -5.29153 10
    endloop
  endfacet
  facet normal -0 0 1
    outer loop
      vertex -16.1381 3.80636 10
      vertex -13.875 0.95 10
      vertex -15.7426 4.24264 10
    endloop
  endfacet
  facet normal 0 0 1
    outer loop
      vertex -12.45 -2.375 10
      vertex -15.3064 -4.63806 10
      vertex -14.8334 -4.98882 10
    endloop
  endfacet
  facet normal -0 0 1
    outer loop
      vertex -16.4888 3.33342 10
      vertex -13.875 0.95 10
      vertex -16.1381 3.80636 10
    endloop
  endfacet
  facet normal 0 0 1
    outer loop
      vertex -12.45 -2.375 10
      vertex -15.7426 -4.24264 10
      vertex -15.3064 -4.63806 10
    endloop
  endfacet
  facet normal -0 0 1
    outer loop
      vertex -16.7915 2.82838 10
      vertex -13.875 0.95 10
      vertex -16.4888 3.33342 10
    endloop
  endfacet
  facet normal 0 0 1
    outer loop
      vertex -13.875 -0.95 10
      vertex -16.1381 -3.80636 10
      vertex -15.7426 -4.24264 10
    endloop
  endfacet
  facet normal -0 0 1
    outer loop
      vertex -17.0433 2.2961 10
      vertex -13.875 0.95 10
      vertex -16.7915 2.82838 10
    endloop
  endfacet
  facet normal 0 0 1
    outer loop
      vertex -13.875 -0.95 10
      vertex -16.4888 -3.33342 10
      vertex -16.1381 -3.80636 10
    endloop
  endfacet
  facet normal -0 0 1
    outer loop
      vertex -17.2416 1.74171 10
      vertex -13.875 0.95 10
      vertex -17.0433 2.2961 10
    endloop
  endfacet
  facet normal 0 0 1
    outer loop
      vertex -13.875 -0.95 10
      vertex -16.7915 -2.82838 10
      vertex -16.4888 -3.33342 10
    endloop
  endfacet
  facet normal -0 0 1
    outer loop
      vertex -17.3847 1.17054 10
      vertex -13.875 0.95 10
      vertex -17.2416 1.74171 10
    endloop
  endfacet
  facet normal 0 0 1
    outer loop
      vertex -13.875 -0.95 10
      vertex -17.0433 -2.2961 10
      vertex -16.7915 -2.82838 10
    endloop
  endfacet
  facet normal 0 0 1
    outer loop
      vertex -17.4711 0.588102 10
      vertex -13.875 0.95 10
      vertex -17.3847 1.17054 10
    endloop
  endfacet
  facet normal 0 0 1
    outer loop
      vertex -13.875 -0.95 10
      vertex -17.2416 -1.74171 10
      vertex -17.0433 -2.2961 10
    endloop
  endfacet
  facet normal 0 0 1
    outer loop
      vertex -17.5 0 10
      vertex -13.875 0.95 10
      vertex -17.4711 0.588102 10
    endloop
  endfacet
  facet normal 0 0 1
    outer loop
      vertex -13.875 -0.95 10
      vertex -17.3847 -1.17054 10
      vertex -17.2416 -1.74171 10
    endloop
  endfacet
  facet normal 0 0 1
    outer loop
      vertex -13.875 0.95 10
      vertex -17.5 0 10
      vertex -13.875 -0.95 10
    endloop
  endfacet
  facet normal 0 0 1
    outer loop
      vertex -13.875 -0.95 10
      vertex -17.4711 -0.588102 10
      vertex -17.3847 -1.17054 10
    endloop
  endfacet
  facet normal 0 0 1
    outer loop
      vertex -13.875 -0.95 10
      vertex -17.5 0 10
      vertex -17.4711 -0.588102 10
    endloop
  endfacet
  facet normal 0 0 1
    outer loop
      vertex -10.9119 5.97111 10
      vertex -10.55 2.375 10
      vertex -10.3295 5.88471 10
    endloop
  endfacet
  facet normal 0 0 1
    outer loop
      vertex -11.5 6 10
      vertex -10.55 2.375 10
      vertex -10.9119 5.97111 10
    endloop
  endfacet
  facet normal 0 0 1
    outer loop
      vertex -12.45 2.375 10
      vertex -11.5 6 10
      vertex -12.0881 5.97111 10
    endloop
  endfacet
  facet normal 0 0 1
    outer loop
      vertex -11.5 6 10
      vertex -12.45 2.375 10
      vertex -10.55 2.375 10
    endloop
  endfacet
  facet normal -0 0 1
    outer loop
      vertex -12.6705 5.88471 10
      vertex -12.45 2.375 10
      vertex -12.0881 5.97111 10
    endloop
  endfacet
  facet normal -0 0 1
    outer loop
      vertex -13.2417 5.74164 10
      vertex -12.45 2.375 10
      vertex -12.6705 5.88471 10
    endloop
  endfacet
  facet normal -0 0 1
    outer loop
      vertex -13.7961 5.54328 10
      vertex -12.45 2.375 10
      vertex -13.2417 5.74164 10
    endloop
  endfacet
  facet normal -0 0 1
    outer loop
      vertex -14.3284 5.29153 10
      vertex -12.45 2.375 10
      vertex -13.7961 5.54328 10
    endloop
  endfacet
  facet normal -0 0 1
    outer loop
      vertex -14.8334 4.98882 10
      vertex -12.45 2.375 10
      vertex -14.3284 5.29153 10
    endloop
  endfacet
  facet normal -0 0 1
    outer loop
      vertex -15.3064 4.63806 10
      vertex -12.45 2.375 10
      vertex -14.8334 4.98882 10
    endloop
  endfacet
  facet normal 0 0 1
    outer loop
      vertex -12.45 2.375 10
      vertex -13.875 0.95 10
      vertex -12.45 0.95 10
    endloop
  endfacet
  facet normal 0 0 1
    outer loop
      vertex -9.125 0.95 10
      vertex -5.5 0 10
      vertex -5.52889 0.588102 10
    endloop
  endfacet
  facet normal -0 0 1
    outer loop
      vertex -9.125 0.95 10
      vertex -5.52889 0.588102 10
      vertex -5.61529 1.17054 10
    endloop
  endfacet
  facet normal 0 0 1
    outer loop
      vertex -9.125 -0.95 10
      vertex -5.5 0 10
      vertex -9.125 0.95 10
    endloop
  endfacet
  facet normal 0 0 1
    outer loop
      vertex -9.125 0.95 10
      vertex -5.61529 1.17054 10
      vertex -5.75836 1.74171 10
    endloop
  endfacet
  facet normal 0 0 1
    outer loop
      vertex -5.5 0 10
      vertex -9.125 -0.95 10
      vertex -5.52889 -0.588102 10
    endloop
  endfacet
  facet normal 0 0 1
    outer loop
      vertex -9.125 0.95 10
      vertex -5.75836 1.74171 10
      vertex -5.95672 2.2961 10
    endloop
  endfacet
  facet normal 0 0 1
    outer loop
      vertex -5.52889 -0.588102 10
      vertex -9.125 -0.95 10
      vertex -5.61529 -1.17054 10
    endloop
  endfacet
  facet normal 0 0 1
    outer loop
      vertex -9.125 0.95 10
      vertex -5.95672 2.2961 10
      vertex -6.20847 2.82838 10
    endloop
  endfacet
  facet normal 0 0 1
    outer loop
      vertex -5.61529 -1.17054 10
      vertex -9.125 -0.95 10
      vertex -5.75836 -1.74171 10
    endloop
  endfacet
  facet normal 0 0 1
    outer loop
      vertex -9.125 0.95 10
      vertex -6.20847 2.82838 10
      vertex -6.51118 3.33342 10
    endloop
  endfacet
  facet normal 0 0 1
    outer loop
      vertex -5.75836 -1.74171 10
      vertex -9.125 -0.95 10
      vertex -5.95672 -2.2961 10
    endloop
  endfacet
  facet normal 0 0 1
    outer loop
      vertex -9.125 0.95 10
      vertex -6.51118 3.33342 10
      vertex -6.86194 3.80636 10
    endloop
  endfacet
  facet normal 0 0 1
    outer loop
      vertex -5.95672 -2.2961 10
      vertex -9.125 -0.95 10
      vertex -6.20847 -2.82838 10
    endloop
  endfacet
  facet normal 0 0 1
    outer loop
      vertex -9.125 0.95 10
      vertex -6.86194 3.80636 10
      vertex -7.25736 4.24264 10
    endloop
  endfacet
  facet normal 0 0 1
    outer loop
      vertex -6.20847 -2.82838 10
      vertex -9.125 -0.95 10
      vertex -6.51118 -3.33342 10
    endloop
  endfacet
  facet normal 0 0 1
    outer loop
      vertex -10.55 2.375 10
      vertex -7.25736 4.24264 10
      vertex -7.69364 4.63806 10
    endloop
  endfacet
  facet normal 0 0 1
    outer loop
      vertex -6.51118 -3.33342 10
      vertex -9.125 -0.95 10
      vertex -6.86194 -3.80636 10
    endloop
  endfacet
  facet normal 0 0 1
    outer loop
      vertex -10.55 2.375 10
      vertex -7.69364 4.63806 10
      vertex -8.16658 4.98882 10
    endloop
  endfacet
  facet normal 0 0 1
    outer loop
      vertex -6.86194 -3.80636 10
      vertex -9.125 -0.95 10
      vertex -7.25736 -4.24264 10
    endloop
  endfacet
  facet normal 0 0 1
    outer loop
      vertex -10.55 2.375 10
      vertex -8.16658 4.98882 10
      vertex -8.67162 5.29153 10
    endloop
  endfacet
  facet normal -0 0 1
    outer loop
      vertex -10.55 -2.375 10
      vertex -7.25736 -4.24264 10
      vertex -9.125 -0.95 10
    endloop
  endfacet
  facet normal 0 0 1
    outer loop
      vertex -7.25736 -4.24264 10
      vertex -10.55 -2.375 10
      vertex -7.69364 -4.63806 10
    endloop
  endfacet
  facet normal 0 0 1
    outer loop
      vertex -10.55 2.375 10
      vertex -8.67162 5.29153 10
      vertex -9.2039 5.54328 10
    endloop
  endfacet
  facet normal 0 0 1
    outer loop
      vertex -10.55 2.375 10
      vertex -9.2039 5.54328 10
      vertex -9.75829 5.74164 10
    endloop
  endfacet
  facet normal 0 0 1
    outer loop
      vertex -10.55 2.375 10
      vertex -9.75829 5.74164 10
      vertex -10.3295 5.88471 10
    endloop
  endfacet
  facet normal 0 0 1
    outer loop
      vertex -7.25736 4.24264 10
      vertex -10.55 2.375 10
      vertex -9.125 0.95 10
    endloop
  endfacet
  facet normal 0 0 1
    outer loop
      vertex -9.125 0.95 10
      vertex -10.55 2.375 10
      vertex -10.55 0.95 10
    endloop
  endfacet
  facet normal 0 0 1
    outer loop
      vertex -7.69364 -4.63806 10
      vertex -10.55 -2.375 10
      vertex -8.16658 -4.98882 10
    endloop
  endfacet
  facet normal 0 0 1
    outer loop
      vertex -8.16658 -4.98882 10
      vertex -10.55 -2.375 10
      vertex -8.67162 -5.29153 10
    endloop
  endfacet
  facet normal 0 0 1
    outer loop
      vertex -8.67162 -5.29153 10
      vertex -10.55 -2.375 10
      vertex -9.2039 -5.54328 10
    endloop
  endfacet
  facet normal 0 0 1
    outer loop
      vertex -9.2039 -5.54328 10
      vertex -10.55 -2.375 10
      vertex -9.75829 -5.74164 10
    endloop
  endfacet
  facet normal 0 0 1
    outer loop
      vertex -10.55 -2.375 10
      vertex -9.125 -0.95 10
      vertex -10.55 -0.95 10
    endloop
  endfacet
  facet normal 0 0 1
    outer loop
      vertex -9.75829 -5.74164 10
      vertex -10.55 -2.375 10
      vertex -10.3295 -5.88471 10
    endloop
  endfacet
  facet normal 0 0 1
    outer loop
      vertex -10.55 -2.375 10
      vertex -10.9119 -5.97111 10
      vertex -10.3295 -5.88471 10
    endloop
  endfacet
  facet normal 0 0 1
    outer loop
      vertex -10.55 -2.375 10
      vertex -11.5 -6 10
      vertex -10.9119 -5.97111 10
    endloop
  endfacet
  facet normal -0 0 1
    outer loop
      vertex -12.45 -2.375 10
      vertex -11.5 -6 10
      vertex -10.55 -2.375 10
    endloop
  endfacet
  facet normal 0 0 1
    outer loop
      vertex -11.5 -6 10
      vertex -12.45 -2.375 10
      vertex -12.0881 -5.97111 10
    endloop
  endfacet
  facet normal 0 0 1
    outer loop
      vertex -12.0881 -5.97111 10
      vertex -12.45 -2.375 10
      vertex -12.6705 -5.88471 10
    endloop
  endfacet
  facet normal -0.998795 0.0490819 0
    outer loop
      vertex -17.5 0 0
      vertex -17.4711 0.588102 10
      vertex -17.4711 0.588102 0
    endloop
  endfacet
  facet normal -0.998795 0.0490819 0
    outer loop
      vertex -17.4711 0.588102 10
      vertex -17.5 0 0
      vertex -17.5 0 10
    endloop
  endfacet
  facet normal -0.336879 -0.941548 0
    outer loop
      vertex -13.7961 -5.54328 0
      vertex -13.2417 -5.74164 10
      vertex -13.7961 -5.54328 10
    endloop
  endfacet
  facet normal -0.336879 -0.941548 -0
    outer loop
      vertex -13.2417 -5.74164 10
      vertex -13.7961 -5.54328 0
      vertex -13.2417 -5.74164 0
    endloop
  endfacet
  facet normal 0.671558 -0.740952 0
    outer loop
      vertex -7.69364 -4.63806 0
      vertex -7.25736 -4.24264 10
      vertex -7.69364 -4.63806 10
    endloop
  endfacet
  facet normal 0.671558 -0.740952 0
    outer loop
      vertex -7.25736 -4.24264 10
      vertex -7.69364 -4.63806 0
      vertex -7.25736 -4.24264 0
    endloop
  endfacet
  facet normal -0.0488961 0.998804 0
    outer loop
      vertex -9.4304 -1.39903 0
      vertex -9.45001 -1.39999 8.1
      vertex -9.4304 -1.39903 8.1
    endloop
  endfacet
  facet normal -0.0488961 0.998804 0
    outer loop
      vertex -9.45001 -1.39999 8.1
      vertex -9.4304 -1.39903 0
      vertex -9.45001 -1.39999 0
    endloop
  endfacet
  facet normal 0 -1 0
    outer loop
      vertex -13.55 1.39999 0
      vertex -9.45001 1.39999 8.1
      vertex -13.55 1.39999 8.1
    endloop
  endfacet
  facet normal 0 -1 -0
    outer loop
      vertex -9.45001 1.39999 8.1
      vertex -13.55 1.39999 0
      vertex -9.45001 1.39999 0
    endloop
  endfacet
  facet normal 0.672622 -0.739986 0
    outer loop
      vertex -13.6914 1.34142 0
      vertex -13.6769 1.3546 8.1
      vertex -13.6914 1.34142 8.1
    endloop
  endfacet
  facet normal 0.672622 -0.739986 0
    outer loop
      vertex -13.6769 1.3546 8.1
      vertex -13.6914 1.34142 0
      vertex -13.6769 1.3546 0
    endloop
  endfacet
  facet normal 0.998701 -0.0509541 0
    outer loop
      vertex -13.75 1.2 8.1
      vertex -13.749 1.2196 0
      vertex -13.749 1.2196 8.1
    endloop
  endfacet
  facet normal 0.998701 -0.0509541 0
    outer loop
      vertex -13.749 1.2196 0
      vertex -13.75 1.2 8.1
      vertex -13.75 1.2 0
    endloop
  endfacet
  facet normal 0.0489209 -0.998803 0
    outer loop
      vertex -13.5696 1.39903 0
      vertex -13.55 1.39999 8.1
      vertex -13.5696 1.39903 8.1
    endloop
  endfacet
  facet normal 0.0489209 -0.998803 0
    outer loop
      vertex -13.55 1.39999 8.1
      vertex -13.5696 1.39903 0
      vertex -13.55 1.39999 0
    endloop
  endfacet
  facet normal -0.595751 0.803169 0
    outer loop
      vertex -9.32314 -1.3546 0
      vertex -9.3389 -1.36629 8.1
      vertex -9.32314 -1.3546 8.1
    endloop
  endfacet
  facet normal -0.595751 0.803169 0
    outer loop
      vertex -9.3389 -1.36629 8.1
      vertex -9.32314 -1.3546 0
      vertex -9.3389 -1.36629 0
    endloop
  endfacet
  facet normal 0.970887 -0.239537 0
    outer loop
      vertex -13.7461 1.23901 8.1
      vertex -13.7414 1.25806 0
      vertex -13.7414 1.25806 8.1
    endloop
  endfacet
  facet normal 0.970887 -0.239537 0
    outer loop
      vertex -13.7414 1.25806 0
      vertex -13.7461 1.23901 8.1
      vertex -13.7461 1.23901 0
    endloop
  endfacet
  facet normal -0.427122 0.904194 0
    outer loop
      vertex -9.35573 -1.37639 0
      vertex -9.37347 -1.38477 8.1
      vertex -9.35573 -1.37639 8.1
    endloop
  endfacet
  facet normal -0.427122 0.904194 0
    outer loop
      vertex -9.37347 -1.38477 8.1
      vertex -9.35573 -1.37639 0
      vertex -9.37347 -1.38477 0
    endloop
  endfacet
  facet normal -0.33724 -0.941419 0
    outer loop
      vertex -9.39195 1.39139 0
      vertex -9.37347 1.38477 8.1
      vertex -9.39195 1.39139 8.1
    endloop
  endfacet
  facet normal -0.33724 -0.941419 -0
    outer loop
      vertex -9.37347 1.38477 8.1
      vertex -9.39195 1.39139 0
      vertex -9.37347 1.38477 0
    endloop
  endfacet
  facet normal 1 -0 0
    outer loop
      vertex -13.75 -1.2 8.1
      vertex -13.75 1.2 0
      vertex -13.75 1.2 8.1
    endloop
  endfacet
  facet normal 1 0 0
    outer loop
      vertex -13.75 1.2 0
      vertex -13.75 -1.2 8.1
      vertex -13.75 -1.2 0
    endloop
  endfacet
  facet normal 0.243016 -0.970022 0
    outer loop
      vertex -13.608 1.39139 0
      vertex -13.589 1.39615 8.1
      vertex -13.608 1.39139 8.1
    endloop
  endfacet
  facet normal 0.243016 -0.970022 0
    outer loop
      vertex -13.589 1.39615 8.1
      vertex -13.608 1.39139 0
      vertex -13.589 1.39615 0
    endloop
  endfacet
  facet normal 0 1 -0
    outer loop
      vertex -9.45001 -1.39999 0
      vertex -13.55 -1.39999 8.1
      vertex -9.45001 -1.39999 8.1
    endloop
  endfacet
  facet normal 0 1 0
    outer loop
      vertex -13.55 -1.39999 8.1
      vertex -9.45001 -1.39999 0
      vertex -13.55 -1.39999 0
    endloop
  endfacet
  facet normal -0.904194 -0.427122 0
    outer loop
      vertex -9.26524 1.27654 0
      vertex -9.27362 1.29428 8.1
      vertex -9.27362 1.29428 0
    endloop
  endfacet
  facet normal -0.904194 -0.427122 0
    outer loop
      vertex -9.27362 1.29428 8.1
      vertex -9.26524 1.27654 0
      vertex -9.26524 1.27654 8.1
    endloop
  endfacet
  facet normal 0.146844 0.98916 -0
    outer loop
      vertex -13.5696 -1.39903 0
      vertex -13.589 -1.39615 8.1
      vertex -13.5696 -1.39903 8.1
    endloop
  endfacet
  facet normal 0.146844 0.98916 0
    outer loop
      vertex -13.589 -1.39615 8.1
      vertex -13.5696 -1.39903 0
      vertex -13.589 -1.39615 0
    endloop
  endfacet
  facet normal 0.594777 -0.803891 0
    outer loop
      vertex -13.6769 1.3546 0
      vertex -13.6611 1.36629 8.1
      vertex -13.6769 1.3546 8.1
    endloop
  endfacet
  facet normal 0.594777 -0.803891 0
    outer loop
      vertex -13.6611 1.36629 8.1
      vertex -13.6769 1.3546 0
      vertex -13.6611 1.36629 0
    endloop
  endfacet
  facet normal -0.998803 -0.0489209 0
    outer loop
      vertex -9.25002 1.2 0
      vertex -9.25098 1.2196 8.1
      vertex -9.25098 1.2196 0
    endloop
  endfacet
  facet normal -0.998803 -0.0489209 0
    outer loop
      vertex -9.25098 1.2196 8.1
      vertex -9.25002 1.2 0
      vertex -9.25002 1.2 8.1
    endloop
  endfacet
  facet normal -0.803169 -0.595751 0
    outer loop
      vertex -9.28372 1.31111 0
      vertex -9.29541 1.32687 8.1
      vertex -9.29541 1.32687 0
    endloop
  endfacet
  facet normal -0.803169 -0.595751 0
    outer loop
      vertex -9.29541 1.32687 8.1
      vertex -9.28372 1.31111 0
      vertex -9.28372 1.31111 8.1
    endloop
  endfacet
  facet normal -0.998803 0.0489209 0
    outer loop
      vertex -9.25098 -1.2196 0
      vertex -9.25002 -1.2 8.1
      vertex -9.25002 -1.2 0
    endloop
  endfacet
  facet normal -0.998803 0.0489209 0
    outer loop
      vertex -9.25002 -1.2 8.1
      vertex -9.25098 -1.2196 0
      vertex -9.25098 -1.2196 8.1
    endloop
  endfacet
  facet normal 0.0489209 0.998803 -0
    outer loop
      vertex -13.55 -1.39999 0
      vertex -13.5696 -1.39903 8.1
      vertex -13.55 -1.39999 8.1
    endloop
  endfacet
  facet normal 0.0489209 0.998803 0
    outer loop
      vertex -13.5696 -1.39903 8.1
      vertex -13.55 -1.39999 0
      vertex -13.5696 -1.39903 0
    endloop
  endfacet
  facet normal 0.146844 -0.98916 0
    outer loop
      vertex -13.589 1.39615 0
      vertex -13.5696 1.39903 8.1
      vertex -13.589 1.39615 8.1
    endloop
  endfacet
  facet normal 0.146844 -0.98916 0
    outer loop
      vertex -13.5696 1.39903 8.1
      vertex -13.589 1.39615 0
      vertex -13.5696 1.39903 0
    endloop
  endfacet
  facet normal 0.970887 0.239537 0
    outer loop
      vertex -13.7414 -1.25806 8.1
      vertex -13.7461 -1.23901 0
      vertex -13.7461 -1.23901 8.1
    endloop
  endfacet
  facet normal 0.970887 0.239537 0
    outer loop
      vertex -13.7461 -1.23901 0
      vertex -13.7414 -1.25806 8.1
      vertex -13.7414 -1.25806 0
    endloop
  endfacet
  facet normal 0.425944 0.90475 -0
    outer loop
      vertex -13.6265 -1.38477 0
      vertex -13.6443 -1.37639 8.1
      vertex -13.6265 -1.38477 8.1
    endloop
  endfacet
  facet normal 0.425944 0.90475 0
    outer loop
      vertex -13.6443 -1.37639 8.1
      vertex -13.6265 -1.38477 0
      vertex -13.6443 -1.37639 0
    endloop
  endfacet
  facet normal 0.515246 0.857042 -0
    outer loop
      vertex -13.6443 -1.37639 0
      vertex -13.6611 -1.36629 8.1
      vertex -13.6443 -1.37639 8.1
    endloop
  endfacet
  facet normal 0.515246 0.857042 0
    outer loop
      vertex -13.6611 -1.36629 8.1
      vertex -13.6443 -1.37639 0
      vertex -13.6611 -1.36629 0
    endloop
  endfacet
  facet normal -0.0488961 -0.998804 0
    outer loop
      vertex -9.45001 1.39999 0
      vertex -9.4304 1.39903 8.1
      vertex -9.45001 1.39999 8.1
    endloop
  endfacet
  facet normal -0.0488961 -0.998804 -0
    outer loop
      vertex -9.4304 1.39903 8.1
      vertex -9.45001 1.39999 0
      vertex -9.4304 1.39903 0
    endloop
  endfacet
  facet normal -0.146844 -0.98916 0
    outer loop
      vertex -9.4304 1.39903 0
      vertex -9.411 1.39615 8.1
      vertex -9.4304 1.39903 8.1
    endloop
  endfacet
  facet normal -0.146844 -0.98916 -0
    outer loop
      vertex -9.411 1.39615 8.1
      vertex -9.4304 1.39903 0
      vertex -9.411 1.39615 0
    endloop
  endfacet
  facet normal 0.336917 0.941534 -0
    outer loop
      vertex -13.608 -1.39139 0
      vertex -13.6265 -1.38477 8.1
      vertex -13.608 -1.39139 8.1
    endloop
  endfacet
  facet normal 0.336917 0.941534 0
    outer loop
      vertex -13.6265 -1.38477 8.1
      vertex -13.608 -1.39139 0
      vertex -13.6265 -1.38477 0
    endloop
  endfacet
  facet normal 0.941742 -0.336336 0
    outer loop
      vertex -13.7414 1.25806 8.1
      vertex -13.7348 1.27654 0
      vertex -13.7348 1.27654 8.1
    endloop
  endfacet
  facet normal 0.941742 -0.336336 0
    outer loop
      vertex -13.7348 1.27654 0
      vertex -13.7414 1.25806 8.1
      vertex -13.7414 1.25806 0
    endloop
  endfacet
  facet normal -0.514571 -0.857448 0
    outer loop
      vertex -9.35573 1.37639 0
      vertex -9.3389 1.36629 8.1
      vertex -9.35573 1.37639 8.1
    endloop
  endfacet
  facet normal -0.514571 -0.857448 -0
    outer loop
      vertex -9.3389 1.36629 8.1
      vertex -9.35573 1.37639 0
      vertex -9.3389 1.36629 0
    endloop
  endfacet
  facet normal 0.594777 0.803891 -0
    outer loop
      vertex -13.6611 -1.36629 0
      vertex -13.6769 -1.3546 8.1
      vertex -13.6611 -1.36629 8.1
    endloop
  endfacet
  facet normal 0.594777 0.803891 0
    outer loop
      vertex -13.6769 -1.3546 8.1
      vertex -13.6611 -1.36629 0
      vertex -13.6769 -1.3546 0
    endloop
  endfacet
  facet normal 0.515246 -0.857042 0
    outer loop
      vertex -13.6611 1.36629 0
      vertex -13.6443 1.37639 8.1
      vertex -13.6611 1.36629 8.1
    endloop
  endfacet
  facet normal 0.515246 -0.857042 0
    outer loop
      vertex -13.6443 1.37639 8.1
      vertex -13.6611 1.36629 0
      vertex -13.6443 1.37639 0
    endloop
  endfacet
  facet normal 0.989022 0.147767 0
    outer loop
      vertex -13.7461 -1.23901 8.1
      vertex -13.749 -1.2196 0
      vertex -13.749 -1.2196 8.1
    endloop
  endfacet
  facet normal 0.989022 0.147767 0
    outer loop
      vertex -13.749 -1.2196 0
      vertex -13.7461 -1.23901 8.1
      vertex -13.7461 -1.23901 0
    endloop
  endfacet
  facet normal 0.243016 0.970022 -0
    outer loop
      vertex -13.589 -1.39615 0
      vertex -13.608 -1.39139 8.1
      vertex -13.589 -1.39615 8.1
    endloop
  endfacet
  facet normal 0.243016 0.970022 0
    outer loop
      vertex -13.608 -1.39139 8.1
      vertex -13.589 -1.39615 0
      vertex -13.608 -1.39139 0
    endloop
  endfacet
  facet normal -1 0 0
    outer loop
      vertex -9.25002 -1.2 0
      vertex -9.25002 1.2 8.1
      vertex -9.25002 1.2 0
    endloop
  endfacet
  facet normal -1 -0 0
    outer loop
      vertex -9.25002 1.2 8.1
      vertex -9.25002 -1.2 0
      vertex -9.25002 -1.2 8.1
    endloop
  endfacet
  facet normal -0.741137 -0.671353 0
    outer loop
      vertex -9.29541 1.32687 0
      vertex -9.30859 1.34142 8.1
      vertex -9.30859 1.34142 0
    endloop
  endfacet
  facet normal -0.741137 -0.671353 0
    outer loop
      vertex -9.30859 1.34142 8.1
      vertex -9.29541 1.32687 0
      vertex -9.29541 1.32687 8.1
    endloop
  endfacet
  facet normal 0.941742 0.336336 0
    outer loop
      vertex -13.7348 -1.27654 8.1
      vertex -13.7414 -1.25806 0
      vertex -13.7414 -1.25806 8.1
    endloop
  endfacet
  facet normal 0.941742 0.336336 0
    outer loop
      vertex -13.7414 -1.25806 0
      vertex -13.7348 -1.27654 8.1
      vertex -13.7348 -1.27654 0
    endloop
  endfacet
  facet normal 0.998701 0.0509541 0
    outer loop
      vertex -13.749 -1.2196 8.1
      vertex -13.75 -1.2 0
      vertex -13.75 -1.2 8.1
    endloop
  endfacet
  facet normal 0.998701 0.0509541 0
    outer loop
      vertex -13.75 -1.2 0
      vertex -13.749 -1.2196 8.1
      vertex -13.749 -1.2196 0
    endloop
  endfacet
  facet normal -0.803169 0.595751 0
    outer loop
      vertex -9.29541 -1.32687 0
      vertex -9.28372 -1.31111 8.1
      vertex -9.28372 -1.31111 0
    endloop
  endfacet
  facet normal -0.803169 0.595751 0
    outer loop
      vertex -9.28372 -1.31111 8.1
      vertex -9.29541 -1.32687 0
      vertex -9.29541 -1.32687 8.1
    endloop
  endfacet
  facet normal 0.336917 -0.941534 0
    outer loop
      vertex -13.6265 1.38477 0
      vertex -13.608 1.39139 8.1
      vertex -13.6265 1.38477 8.1
    endloop
  endfacet
  facet normal 0.336917 -0.941534 0
    outer loop
      vertex -13.608 1.39139 8.1
      vertex -13.6265 1.38477 0
      vertex -13.608 1.39139 0
    endloop
  endfacet
  facet normal 0.989022 -0.147767 0
    outer loop
      vertex -13.749 1.2196 8.1
      vertex -13.7461 1.23901 0
      vertex -13.7461 1.23901 8.1
    endloop
  endfacet
  facet normal 0.989022 -0.147767 0
    outer loop
      vertex -13.7461 1.23901 0
      vertex -13.749 1.2196 8.1
      vertex -13.749 1.2196 0
    endloop
  endfacet
  facet normal -0.427122 -0.904194 0
    outer loop
      vertex -9.37347 1.38477 0
      vertex -9.35573 1.37639 8.1
      vertex -9.37347 1.38477 8.1
    endloop
  endfacet
  facet normal -0.427122 -0.904194 -0
    outer loop
      vertex -9.35573 1.37639 8.1
      vertex -9.37347 1.38477 0
      vertex -9.35573 1.37639 0
    endloop
  endfacet
  facet normal 0.802925 0.59608 0
    outer loop
      vertex -13.7046 -1.32687 8.1
      vertex -13.7163 -1.31111 0
      vertex -13.7163 -1.31111 8.1
    endloop
  endfacet
  facet normal 0.802925 0.59608 0
    outer loop
      vertex -13.7163 -1.31111 0
      vertex -13.7046 -1.32687 8.1
      vertex -13.7046 -1.32687 0
    endloop
  endfacet
  facet normal -0.242416 0.970172 0
    outer loop
      vertex -9.39195 -1.39139 0
      vertex -9.411 -1.39615 8.1
      vertex -9.39195 -1.39139 8.1
    endloop
  endfacet
  facet normal -0.242416 0.970172 0
    outer loop
      vertex -9.411 -1.39615 8.1
      vertex -9.39195 -1.39139 0
      vertex -9.411 -1.39615 0
    endloop
  endfacet
  facet normal 0.857448 -0.514571 0
    outer loop
      vertex -13.7264 1.29428 8.1
      vertex -13.7163 1.31111 0
      vertex -13.7163 1.31111 8.1
    endloop
  endfacet
  facet normal 0.857448 -0.514571 0
    outer loop
      vertex -13.7163 1.31111 0
      vertex -13.7264 1.29428 8.1
      vertex -13.7264 1.29428 0
    endloop
  endfacet
  facet normal -0.941419 0.33724 0
    outer loop
      vertex -9.26524 -1.27654 0
      vertex -9.25862 -1.25806 8.1
      vertex -9.25862 -1.25806 0
    endloop
  endfacet
  facet normal -0.941419 0.33724 0
    outer loop
      vertex -9.25862 -1.25806 8.1
      vertex -9.26524 -1.27654 0
      vertex -9.26524 -1.27654 8.1
    endloop
  endfacet
  facet normal 0.672622 0.739986 -0
    outer loop
      vertex -13.6769 -1.3546 0
      vertex -13.6914 -1.34142 8.1
      vertex -13.6769 -1.3546 8.1
    endloop
  endfacet
  facet normal 0.672622 0.739986 0
    outer loop
      vertex -13.6914 -1.34142 8.1
      vertex -13.6769 -1.3546 0
      vertex -13.6914 -1.34142 0
    endloop
  endfacet
  facet normal -0.904194 0.427122 0
    outer loop
      vertex -9.27362 -1.29428 0
      vertex -9.26524 -1.27654 8.1
      vertex -9.26524 -1.27654 0
    endloop
  endfacet
  facet normal -0.904194 0.427122 0
    outer loop
      vertex -9.26524 -1.27654 8.1
      vertex -9.27362 -1.29428 0
      vertex -9.27362 -1.29428 8.1
    endloop
  endfacet
  facet normal 0.425944 -0.90475 0
    outer loop
      vertex -13.6443 1.37639 0
      vertex -13.6265 1.38477 8.1
      vertex -13.6443 1.37639 8.1
    endloop
  endfacet
  facet normal 0.425944 -0.90475 0
    outer loop
      vertex -13.6265 1.38477 8.1
      vertex -13.6443 1.37639 0
      vertex -13.6265 1.38477 0
    endloop
  endfacet
  facet normal -0.595751 -0.803169 0
    outer loop
      vertex -9.3389 1.36629 0
      vertex -9.32314 1.3546 8.1
      vertex -9.3389 1.36629 8.1
    endloop
  endfacet
  facet normal -0.595751 -0.803169 -0
    outer loop
      vertex -9.32314 1.3546 8.1
      vertex -9.3389 1.36629 0
      vertex -9.32314 1.3546 0
    endloop
  endfacet
  facet normal -0.242416 -0.970172 0
    outer loop
      vertex -9.411 1.39615 0
      vertex -9.39195 1.39139 8.1
      vertex -9.411 1.39615 8.1
    endloop
  endfacet
  facet normal -0.242416 -0.970172 -0
    outer loop
      vertex -9.39195 1.39139 8.1
      vertex -9.411 1.39615 0
      vertex -9.39195 1.39139 0
    endloop
  endfacet
  facet normal 0.9038 0.427955 0
    outer loop
      vertex -13.7264 -1.29428 8.1
      vertex -13.7348 -1.27654 0
      vertex -13.7348 -1.27654 8.1
    endloop
  endfacet
  facet normal 0.9038 0.427955 0
    outer loop
      vertex -13.7348 -1.27654 0
      vertex -13.7264 -1.29428 8.1
      vertex -13.7264 -1.29428 0
    endloop
  endfacet
  facet normal 0 0 -1
    outer loop
      vertex -9.45001 -1.39999 8.1
      vertex -9.25002 -1.2 8.1
      vertex -9.25098 -1.2196 8.1
    endloop
  endfacet
  facet normal -0 0 -1
    outer loop
      vertex -9.25002 -1.2 8.1
      vertex -9.45001 -1.39999 8.1
      vertex -9.25002 1.2 8.1
    endloop
  endfacet
  facet normal 0 0 -1
    outer loop
      vertex -9.45001 -1.39999 8.1
      vertex -9.25098 -1.2196 8.1
      vertex -9.25386 -1.23901 8.1
    endloop
  endfacet
  facet normal 0 0 -1
    outer loop
      vertex -9.45001 1.39999 8.1
      vertex -9.25002 1.2 8.1
      vertex -9.45001 -1.39999 8.1
    endloop
  endfacet
  facet normal 0 0 -1
    outer loop
      vertex -9.45001 -1.39999 8.1
      vertex -9.25386 -1.23901 8.1
      vertex -9.25862 -1.25806 8.1
    endloop
  endfacet
  facet normal 0 0 -1
    outer loop
      vertex -9.25002 1.2 8.1
      vertex -9.45001 1.39999 8.1
      vertex -9.25098 1.2196 8.1
    endloop
  endfacet
  facet normal 0 0 -1
    outer loop
      vertex -9.45001 -1.39999 8.1
      vertex -9.25862 -1.25806 8.1
      vertex -9.26524 -1.27654 8.1
    endloop
  endfacet
  facet normal 0 0 -1
    outer loop
      vertex -9.25098 1.2196 8.1
      vertex -9.45001 1.39999 8.1
      vertex -9.25386 1.23901 8.1
    endloop
  endfacet
  facet normal 0 0 -1
    outer loop
      vertex -9.45001 -1.39999 8.1
      vertex -9.26524 -1.27654 8.1
      vertex -9.27362 -1.29428 8.1
    endloop
  endfacet
  facet normal 0 0 -1
    outer loop
      vertex -9.25386 1.23901 8.1
      vertex -9.45001 1.39999 8.1
      vertex -9.25862 1.25806 8.1
    endloop
  endfacet
  facet normal 0 0 -1
    outer loop
      vertex -9.45001 -1.39999 8.1
      vertex -9.27362 -1.29428 8.1
      vertex -9.28372 -1.31111 8.1
    endloop
  endfacet
  facet normal 0 0 -1
    outer loop
      vertex -9.25862 1.25806 8.1
      vertex -9.45001 1.39999 8.1
      vertex -9.26524 1.27654 8.1
    endloop
  endfacet
  facet normal 0 0 -1
    outer loop
      vertex -9.45001 -1.39999 8.1
      vertex -9.28372 -1.31111 8.1
      vertex -9.29541 -1.32687 8.1
    endloop
  endfacet
  facet normal 0 0 -1
    outer loop
      vertex -9.26524 1.27654 8.1
      vertex -9.45001 1.39999 8.1
      vertex -9.27362 1.29428 8.1
    endloop
  endfacet
  facet normal 0 0 -1
    outer loop
      vertex -9.45001 -1.39999 8.1
      vertex -9.29541 -1.32687 8.1
      vertex -9.30859 -1.34142 8.1
    endloop
  endfacet
  facet normal 0 0 -1
    outer loop
      vertex -9.27362 1.29428 8.1
      vertex -9.45001 1.39999 8.1
      vertex -9.28372 1.31111 8.1
    endloop
  endfacet
  facet normal 0 0 -1
    outer loop
      vertex -9.45001 -1.39999 8.1
      vertex -9.30859 -1.34142 8.1
      vertex -9.32314 -1.3546 8.1
    endloop
  endfacet
  facet normal 0 0 -1
    outer loop
      vertex -9.28372 1.31111 8.1
      vertex -9.45001 1.39999 8.1
      vertex -9.29541 1.32687 8.1
    endloop
  endfacet
  facet normal 0 0 -1
    outer loop
      vertex -9.45001 -1.39999 8.1
      vertex -9.32314 -1.3546 8.1
      vertex -9.3389 -1.36629 8.1
    endloop
  endfacet
  facet normal 0 0 -1
    outer loop
      vertex -9.29541 1.32687 8.1
      vertex -9.45001 1.39999 8.1
      vertex -9.30859 1.34142 8.1
    endloop
  endfacet
  facet normal 0 0 -1
    outer loop
      vertex -9.45001 -1.39999 8.1
      vertex -9.3389 -1.36629 8.1
      vertex -9.35573 -1.37639 8.1
    endloop
  endfacet
  facet normal 0 0 -1
    outer loop
      vertex -9.30859 1.34142 8.1
      vertex -9.45001 1.39999 8.1
      vertex -9.32314 1.3546 8.1
    endloop
  endfacet
  facet normal 0 0 -1
    outer loop
      vertex -9.45001 -1.39999 8.1
      vertex -9.35573 -1.37639 8.1
      vertex -9.37347 -1.38477 8.1
    endloop
  endfacet
  facet normal 0 0 -1
    outer loop
      vertex -9.32314 1.3546 8.1
      vertex -9.45001 1.39999 8.1
      vertex -9.3389 1.36629 8.1
    endloop
  endfacet
  facet normal 0 0 -1
    outer loop
      vertex -9.45001 -1.39999 8.1
      vertex -9.37347 -1.38477 8.1
      vertex -9.39195 -1.39139 8.1
    endloop
  endfacet
  facet normal 0 0 -1
    outer loop
      vertex -9.3389 1.36629 8.1
      vertex -9.45001 1.39999 8.1
      vertex -9.35573 1.37639 8.1
    endloop
  endfacet
  facet normal 0 0 -1
    outer loop
      vertex -9.45001 -1.39999 8.1
      vertex -9.39195 -1.39139 8.1
      vertex -9.411 -1.39615 8.1
    endloop
  endfacet
  facet normal 0 0 -1
    outer loop
      vertex -9.35573 1.37639 8.1
      vertex -9.45001 1.39999 8.1
      vertex -9.37347 1.38477 8.1
    endloop
  endfacet
  facet normal 0 0 -1
    outer loop
      vertex -9.45001 -1.39999 8.1
      vertex -9.411 -1.39615 8.1
      vertex -9.4304 -1.39903 8.1
    endloop
  endfacet
  facet normal 0 0 -1
    outer loop
      vertex -9.37347 1.38477 8.1
      vertex -9.45001 1.39999 8.1
      vertex -9.39195 1.39139 8.1
    endloop
  endfacet
  facet normal 0 0 -1
    outer loop
      vertex -9.39195 1.39139 8.1
      vertex -9.45001 1.39999 8.1
      vertex -9.411 1.39615 8.1
    endloop
  endfacet
  facet normal 0 0 -1
    outer loop
      vertex -9.411 1.39615 8.1
      vertex -9.45001 1.39999 8.1
      vertex -9.4304 1.39903 8.1
    endloop
  endfacet
  facet normal 0 0 -1
    outer loop
      vertex -13.55 -1.39999 8.1
      vertex -9.45001 1.39999 8.1
      vertex -9.45001 -1.39999 8.1
    endloop
  endfacet
  facet normal 0 0 -1
    outer loop
      vertex -13.55 -1.39999 8.1
      vertex -13.55 1.39999 8.1
      vertex -9.45001 1.39999 8.1
    endloop
  endfacet
  facet normal 0 0 -1
    outer loop
      vertex -13.75 -1.2 8.1
      vertex -13.55 -1.39999 8.1
      vertex -13.5696 -1.39903 8.1
    endloop
  endfacet
  facet normal 0 0 -1
    outer loop
      vertex -13.55 -1.39999 8.1
      vertex -13.75 -1.2 8.1
      vertex -13.55 1.39999 8.1
    endloop
  endfacet
  facet normal 0 0 -1
    outer loop
      vertex -13.75 -1.2 8.1
      vertex -13.5696 -1.39903 8.1
      vertex -13.589 -1.39615 8.1
    endloop
  endfacet
  facet normal 0 0 -1
    outer loop
      vertex -13.75 1.2 8.1
      vertex -13.55 1.39999 8.1
      vertex -13.75 -1.2 8.1
    endloop
  endfacet
  facet normal 0 0 -1
    outer loop
      vertex -13.75 -1.2 8.1
      vertex -13.589 -1.39615 8.1
      vertex -13.608 -1.39139 8.1
    endloop
  endfacet
  facet normal 0 0 -1
    outer loop
      vertex -13.55 1.39999 8.1
      vertex -13.75 1.2 8.1
      vertex -13.5696 1.39903 8.1
    endloop
  endfacet
  facet normal 0 0 -1
    outer loop
      vertex -13.75 -1.2 8.1
      vertex -13.608 -1.39139 8.1
      vertex -13.6265 -1.38477 8.1
    endloop
  endfacet
  facet normal 0 0 -1
    outer loop
      vertex -13.5696 1.39903 8.1
      vertex -13.75 1.2 8.1
      vertex -13.589 1.39615 8.1
    endloop
  endfacet
  facet normal 0 0 -1
    outer loop
      vertex -13.75 -1.2 8.1
      vertex -13.6265 -1.38477 8.1
      vertex -13.6443 -1.37639 8.1
    endloop
  endfacet
  facet normal 0 0 -1
    outer loop
      vertex -13.589 1.39615 8.1
      vertex -13.75 1.2 8.1
      vertex -13.608 1.39139 8.1
    endloop
  endfacet
  facet normal 0 0 -1
    outer loop
      vertex -13.75 -1.2 8.1
      vertex -13.6443 -1.37639 8.1
      vertex -13.6611 -1.36629 8.1
    endloop
  endfacet
  facet normal 0 0 -1
    outer loop
      vertex -13.608 1.39139 8.1
      vertex -13.75 1.2 8.1
      vertex -13.6265 1.38477 8.1
    endloop
  endfacet
  facet normal 0 0 -1
    outer loop
      vertex -13.75 -1.2 8.1
      vertex -13.6611 -1.36629 8.1
      vertex -13.6769 -1.3546 8.1
    endloop
  endfacet
  facet normal 0 0 -1
    outer loop
      vertex -13.6265 1.38477 8.1
      vertex -13.75 1.2 8.1
      vertex -13.6443 1.37639 8.1
    endloop
  endfacet
  facet normal 0 0 -1
    outer loop
      vertex -13.75 -1.2 8.1
      vertex -13.6769 -1.3546 8.1
      vertex -13.6914 -1.34142 8.1
    endloop
  endfacet
  facet normal 0 0 -1
    outer loop
      vertex -13.6443 1.37639 8.1
      vertex -13.75 1.2 8.1
      vertex -13.6611 1.36629 8.1
    endloop
  endfacet
  facet normal 0 0 -1
    outer loop
      vertex -13.75 -1.2 8.1
      vertex -13.6914 -1.34142 8.1
      vertex -13.7046 -1.32687 8.1
    endloop
  endfacet
  facet normal 0 0 -1
    outer loop
      vertex -13.6611 1.36629 8.1
      vertex -13.75 1.2 8.1
      vertex -13.6769 1.3546 8.1
    endloop
  endfacet
  facet normal 0 0 -1
    outer loop
      vertex -13.75 -1.2 8.1
      vertex -13.7046 -1.32687 8.1
      vertex -13.7163 -1.31111 8.1
    endloop
  endfacet
  facet normal 0 0 -1
    outer loop
      vertex -13.6769 1.3546 8.1
      vertex -13.75 1.2 8.1
      vertex -13.6914 1.34142 8.1
    endloop
  endfacet
  facet normal 0 0 -1
    outer loop
      vertex -13.75 -1.2 8.1
      vertex -13.7163 -1.31111 8.1
      vertex -13.7264 -1.29428 8.1
    endloop
  endfacet
  facet normal 0 0 -1
    outer loop
      vertex -13.6914 1.34142 8.1
      vertex -13.75 1.2 8.1
      vertex -13.7046 1.32687 8.1
    endloop
  endfacet
  facet normal 0 0 -1
    outer loop
      vertex -13.75 -1.2 8.1
      vertex -13.7264 -1.29428 8.1
      vertex -13.7348 -1.27654 8.1
    endloop
  endfacet
  facet normal 0 0 -1
    outer loop
      vertex -13.7046 1.32687 8.1
      vertex -13.75 1.2 8.1
      vertex -13.7163 1.31111 8.1
    endloop
  endfacet
  facet normal 0 0 -1
    outer loop
      vertex -13.75 -1.2 8.1
      vertex -13.7348 -1.27654 8.1
      vertex -13.7414 -1.25806 8.1
    endloop
  endfacet
  facet normal 0 0 -1
    outer loop
      vertex -13.7163 1.31111 8.1
      vertex -13.75 1.2 8.1
      vertex -13.7264 1.29428 8.1
    endloop
  endfacet
  facet normal 0 0 -1
    outer loop
      vertex -13.75 -1.2 8.1
      vertex -13.7414 -1.25806 8.1
      vertex -13.7461 -1.23901 8.1
    endloop
  endfacet
  facet normal 0 0 -1
    outer loop
      vertex -13.7264 1.29428 8.1
      vertex -13.75 1.2 8.1
      vertex -13.7348 1.27654 8.1
    endloop
  endfacet
  facet normal 0 0 -1
    outer loop
      vertex -13.75 -1.2 8.1
      vertex -13.7461 -1.23901 8.1
      vertex -13.749 -1.2196 8.1
    endloop
  endfacet
  facet normal 0 0 -1
    outer loop
      vertex -13.7348 1.27654 8.1
      vertex -13.75 1.2 8.1
      vertex -13.7414 1.25806 8.1
    endloop
  endfacet
  facet normal 0 0 -1
    outer loop
      vertex -13.7414 1.25806 8.1
      vertex -13.75 1.2 8.1
      vertex -13.7461 1.23901 8.1
    endloop
  endfacet
  facet normal 0 0 -1
    outer loop
      vertex -13.7461 1.23901 8.1
      vertex -13.75 1.2 8.1
      vertex -13.749 1.2196 8.1
    endloop
  endfacet
  facet normal -0.146844 0.98916 0
    outer loop
      vertex -9.411 -1.39615 0
      vertex -9.4304 -1.39903 8.1
      vertex -9.411 -1.39615 8.1
    endloop
  endfacet
  facet normal -0.146844 0.98916 0
    outer loop
      vertex -9.4304 -1.39903 8.1
      vertex -9.411 -1.39615 0
      vertex -9.4304 -1.39903 0
    endloop
  endfacet
  facet normal 0.740631 -0.671912 0
    outer loop
      vertex -13.7046 1.32687 8.1
      vertex -13.6914 1.34142 0
      vertex -13.6914 1.34142 8.1
    endloop
  endfacet
  facet normal 0.740631 -0.671912 0
    outer loop
      vertex -13.6914 1.34142 0
      vertex -13.7046 1.32687 8.1
      vertex -13.7046 1.32687 0
    endloop
  endfacet
  facet normal -0.989171 -0.14677 0
    outer loop
      vertex -9.25098 1.2196 0
      vertex -9.25386 1.23901 8.1
      vertex -9.25386 1.23901 0
    endloop
  endfacet
  facet normal -0.989171 -0.14677 0
    outer loop
      vertex -9.25386 1.23901 8.1
      vertex -9.25098 1.2196 0
      vertex -9.25098 1.2196 8.1
    endloop
  endfacet
  facet normal 0.9038 -0.427955 0
    outer loop
      vertex -13.7348 1.27654 8.1
      vertex -13.7264 1.29428 0
      vertex -13.7264 1.29428 8.1
    endloop
  endfacet
  facet normal 0.9038 -0.427955 0
    outer loop
      vertex -13.7264 1.29428 0
      vertex -13.7348 1.27654 8.1
      vertex -13.7348 1.27654 0
    endloop
  endfacet
  facet normal 0.802925 -0.59608 0
    outer loop
      vertex -13.7163 1.31111 8.1
      vertex -13.7046 1.32687 0
      vertex -13.7046 1.32687 8.1
    endloop
  endfacet
  facet normal 0.802925 -0.59608 0
    outer loop
      vertex -13.7046 1.32687 0
      vertex -13.7163 1.31111 8.1
      vertex -13.7163 1.31111 0
    endloop
  endfacet
  facet normal -0.33724 0.941419 0
    outer loop
      vertex -9.37347 -1.38477 0
      vertex -9.39195 -1.39139 8.1
      vertex -9.37347 -1.38477 8.1
    endloop
  endfacet
  facet normal -0.33724 0.941419 0
    outer loop
      vertex -9.39195 -1.39139 8.1
      vertex -9.37347 -1.38477 0
      vertex -9.39195 -1.39139 0
    endloop
  endfacet
  facet normal -0.671353 0.741137 0
    outer loop
      vertex -9.30859 -1.34142 0
      vertex -9.32314 -1.3546 8.1
      vertex -9.30859 -1.34142 8.1
    endloop
  endfacet
  facet normal -0.671353 0.741137 0
    outer loop
      vertex -9.32314 -1.3546 8.1
      vertex -9.30859 -1.34142 0
      vertex -9.32314 -1.3546 0
    endloop
  endfacet
  facet normal -0.857448 -0.514571 0
    outer loop
      vertex -9.27362 1.29428 0
      vertex -9.28372 1.31111 8.1
      vertex -9.28372 1.31111 0
    endloop
  endfacet
  facet normal -0.857448 -0.514571 0
    outer loop
      vertex -9.28372 1.31111 8.1
      vertex -9.27362 1.29428 0
      vertex -9.27362 1.29428 8.1
    endloop
  endfacet
  facet normal 0.857448 0.514571 0
    outer loop
      vertex -13.7163 -1.31111 8.1
      vertex -13.7264 -1.29428 0
      vertex -13.7264 -1.29428 8.1
    endloop
  endfacet
  facet normal 0.857448 0.514571 0
    outer loop
      vertex -13.7264 -1.29428 0
      vertex -13.7163 -1.31111 8.1
      vertex -13.7163 -1.31111 0
    endloop
  endfacet
  facet normal -0.941419 -0.33724 0
    outer loop
      vertex -9.25862 1.25806 0
      vertex -9.26524 1.27654 8.1
      vertex -9.26524 1.27654 0
    endloop
  endfacet
  facet normal -0.941419 -0.33724 0
    outer loop
      vertex -9.26524 1.27654 8.1
      vertex -9.25862 1.25806 0
      vertex -9.25862 1.25806 8.1
    endloop
  endfacet
  facet normal -0.857448 0.514571 0
    outer loop
      vertex -9.28372 -1.31111 0
      vertex -9.27362 -1.29428 8.1
      vertex -9.27362 -1.29428 0
    endloop
  endfacet
  facet normal -0.857448 0.514571 0
    outer loop
      vertex -9.27362 -1.29428 8.1
      vertex -9.28372 -1.31111 0
      vertex -9.28372 -1.31111 8.1
    endloop
  endfacet
  facet normal -0.514571 0.857448 0
    outer loop
      vertex -9.3389 -1.36629 0
      vertex -9.35573 -1.37639 8.1
      vertex -9.3389 -1.36629 8.1
    endloop
  endfacet
  facet normal -0.514571 0.857448 0
    outer loop
      vertex -9.35573 -1.37639 8.1
      vertex -9.3389 -1.36629 0
      vertex -9.35573 -1.37639 0
    endloop
  endfacet
  facet normal -0.970172 0.242416 0
    outer loop
      vertex -9.25862 -1.25806 0
      vertex -9.25386 -1.23901 8.1
      vertex -9.25386 -1.23901 0
    endloop
  endfacet
  facet normal -0.970172 0.242416 0
    outer loop
      vertex -9.25386 -1.23901 8.1
      vertex -9.25862 -1.25806 0
      vertex -9.25862 -1.25806 8.1
    endloop
  endfacet
  facet normal -0.989171 0.14677 0
    outer loop
      vertex -9.25386 -1.23901 0
      vertex -9.25098 -1.2196 8.1
      vertex -9.25098 -1.2196 0
    endloop
  endfacet
  facet normal -0.989171 0.14677 0
    outer loop
      vertex -9.25098 -1.2196 8.1
      vertex -9.25386 -1.23901 0
      vertex -9.25386 -1.23901 8.1
    endloop
  endfacet
  facet normal -0.970172 -0.242416 0
    outer loop
      vertex -9.25386 1.23901 0
      vertex -9.25862 1.25806 8.1
      vertex -9.25862 1.25806 0
    endloop
  endfacet
  facet normal -0.970172 -0.242416 0
    outer loop
      vertex -9.25862 1.25806 8.1
      vertex -9.25386 1.23901 0
      vertex -9.25386 1.23901 8.1
    endloop
  endfacet
  facet normal -0.741137 0.671353 0
    outer loop
      vertex -9.30859 -1.34142 0
      vertex -9.29541 -1.32687 8.1
      vertex -9.29541 -1.32687 0
    endloop
  endfacet
  facet normal -0.741137 0.671353 0
    outer loop
      vertex -9.29541 -1.32687 8.1
      vertex -9.30859 -1.34142 0
      vertex -9.30859 -1.34142 8.1
    endloop
  endfacet
  facet normal 0.740631 0.671912 0
    outer loop
      vertex -13.6914 -1.34142 8.1
      vertex -13.7046 -1.32687 0
      vertex -13.7046 -1.32687 8.1
    endloop
  endfacet
  facet normal 0.740631 0.671912 0
    outer loop
      vertex -13.7046 -1.32687 0
      vertex -13.6914 -1.34142 8.1
      vertex -13.6914 -1.34142 0
    endloop
  endfacet
  facet normal -0.671353 -0.741137 0
    outer loop
      vertex -9.32314 1.3546 0
      vertex -9.30859 1.34142 8.1
      vertex -9.32314 1.3546 8.1
    endloop
  endfacet
  facet normal -0.671353 -0.741137 -0
    outer loop
      vertex -9.30859 1.34142 8.1
      vertex -9.32314 1.3546 0
      vertex -9.30859 1.34142 0
    endloop
  endfacet
  facet normal 1 -0 0
    outer loop
      vertex 13.875 -0.95 17.9
      vertex 13.875 0.95 10
      vertex 13.875 0.95 17.9
    endloop
  endfacet
  facet normal 1 0 0
    outer loop
      vertex 13.875 0.95 10
      vertex 13.875 -0.95 17.9
      vertex 13.875 -0.95 10
    endloop
  endfacet
  facet normal -0 0 1
    outer loop
      vertex 9.125 0.95 17.9
      vertex 10.55 -0.95 17.9
      vertex 10.55 0.95 17.9
    endloop
  endfacet
  facet normal 0 0 1
    outer loop
      vertex 10.55 -0.95 17.9
      vertex 9.125 0.95 17.9
      vertex 9.125 -0.95 17.9
    endloop
  endfacet
  facet normal 0 0 1
    outer loop
      vertex 10.55 0.95 17.9
      vertex 12.45 0.95 17.9
      vertex 12.45 2.375 17.9
    endloop
  endfacet
  facet normal 0 0 1
    outer loop
      vertex 12.45 0.95 17.9
      vertex 10.55 0.95 17.9
      vertex 12.45 -0.95 17.9
    endloop
  endfacet
  facet normal 0 0 1
    outer loop
      vertex 10.55 0.95 17.9
      vertex 12.45 2.375 17.9
      vertex 10.55 2.375 17.9
    endloop
  endfacet
  facet normal 0 0 1
    outer loop
      vertex 10.55 -0.95 17.9
      vertex 12.45 -0.95 17.9
      vertex 10.55 0.95 17.9
    endloop
  endfacet
  facet normal 0 0 1
    outer loop
      vertex 12.45 -0.95 17.9
      vertex 10.55 -0.95 17.9
      vertex 12.45 -2.375 17.9
    endloop
  endfacet
  facet normal 0 0 1
    outer loop
      vertex 12.45 -2.375 17.9
      vertex 10.55 -0.95 17.9
      vertex 10.55 -2.375 17.9
    endloop
  endfacet
  facet normal -0 0 1
    outer loop
      vertex 12.45 0.95 17.9
      vertex 13.875 -0.95 17.9
      vertex 13.875 0.95 17.9
    endloop
  endfacet
  facet normal 0 0 1
    outer loop
      vertex 13.875 -0.95 17.9
      vertex 12.45 0.95 17.9
      vertex 12.45 -0.95 17.9
    endloop
  endfacet
  facet normal -1 0 0
    outer loop
      vertex 9.125 -0.95 10
      vertex 9.125 0.95 17.9
      vertex 9.125 0.95 10
    endloop
  endfacet
  facet normal -1 -0 0
    outer loop
      vertex 9.125 0.95 17.9
      vertex 9.125 -0.95 10
      vertex 9.125 -0.95 17.9
    endloop
  endfacet
  facet normal 0 1 -0
    outer loop
      vertex 10.55 0.95 10
      vertex 9.125 0.95 17.9
      vertex 10.55 0.95 17.9
    endloop
  endfacet
  facet normal 0 1 0
    outer loop
      vertex 9.125 0.95 17.9
      vertex 10.55 0.95 10
      vertex 9.125 0.95 10
    endloop
  endfacet
  facet normal 0 1 -0
    outer loop
      vertex 13.875 0.95 10
      vertex 12.45 0.95 17.9
      vertex 13.875 0.95 17.9
    endloop
  endfacet
  facet normal 0 1 0
    outer loop
      vertex 12.45 0.95 17.9
      vertex 13.875 0.95 10
      vertex 12.45 0.95 10
    endloop
  endfacet
  facet normal 0 -1 0
    outer loop
      vertex 9.125 -0.95 10
      vertex 10.55 -0.95 17.9
      vertex 9.125 -0.95 17.9
    endloop
  endfacet
  facet normal 0 -1 -0
    outer loop
      vertex 10.55 -0.95 17.9
      vertex 9.125 -0.95 10
      vertex 10.55 -0.95 10
    endloop
  endfacet
  facet normal 0 -1 0
    outer loop
      vertex 12.45 -0.95 10
      vertex 13.875 -0.95 17.9
      vertex 12.45 -0.95 17.9
    endloop
  endfacet
  facet normal 0 -1 -0
    outer loop
      vertex 13.875 -0.95 17.9
      vertex 12.45 -0.95 10
      vertex 13.875 -0.95 10
    endloop
  endfacet
  facet normal 1 -0 0
    outer loop
      vertex 12.45 0.95 17.9
      vertex 12.45 2.375 10
      vertex 12.45 2.375 17.9
    endloop
  endfacet
  facet normal 1 0 0
    outer loop
      vertex 12.45 2.375 10
      vertex 12.45 0.95 17.9
      vertex 12.45 0.95 10
    endloop
  endfacet
  facet normal 1 -0 0
    outer loop
      vertex 12.45 -2.375 17.9
      vertex 12.45 -0.95 10
      vertex 12.45 -0.95 17.9
    endloop
  endfacet
  facet normal 1 0 0
    outer loop
      vertex 12.45 -0.95 10
      vertex 12.45 -2.375 17.9
      vertex 12.45 -2.375 10
    endloop
  endfacet
  facet normal -1 0 0
    outer loop
      vertex 10.55 0.95 10
      vertex 10.55 2.375 17.9
      vertex 10.55 2.375 10
    endloop
  endfacet
  facet normal -1 -0 0
    outer loop
      vertex 10.55 2.375 17.9
      vertex 10.55 0.95 10
      vertex 10.55 0.95 17.9
    endloop
  endfacet
  facet normal -1 0 0
    outer loop
      vertex 10.55 -2.375 10
      vertex 10.55 -0.95 17.9
      vertex 10.55 -0.95 10
    endloop
  endfacet
  facet normal -1 -0 0
    outer loop
      vertex 10.55 -0.95 17.9
      vertex 10.55 -2.375 10
      vertex 10.55 -2.375 17.9
    endloop
  endfacet
  facet normal 0 1 -0
    outer loop
      vertex 12.45 2.375 10
      vertex 10.55 2.375 17.9
      vertex 12.45 2.375 17.9
    endloop
  endfacet
  facet normal 0 1 0
    outer loop
      vertex 10.55 2.375 17.9
      vertex 12.45 2.375 10
      vertex 10.55 2.375 10
    endloop
  endfacet
  facet normal 0 -1 0
    outer loop
      vertex 10.55 -2.375 10
      vertex 12.45 -2.375 17.9
      vertex 10.55 -2.375 17.9
    endloop
  endfacet
  facet normal 0 -1 -0
    outer loop
      vertex 12.45 -2.375 17.9
      vertex 10.55 -2.375 10
      vertex 12.45 -2.375 10
    endloop
  endfacet
  facet normal 0.146746 0.989174 -0
    outer loop
      vertex 12.6705 5.88471 0
      vertex 12.0881 5.97111 10
      vertex 12.6705 5.88471 10
    endloop
  endfacet
  facet normal 0.146746 0.989174 0
    outer loop
      vertex 12.0881 5.97111 10
      vertex 12.6705 5.88471 0
      vertex 12.0881 5.97111 0
    endloop
  endfacet
  facet normal 0.989176 0.146736 0
    outer loop
      vertex 17.4711 0.588102 10
      vertex 17.3847 1.17054 0
      vertex 17.3847 1.17054 10
    endloop
  endfacet
  facet normal 0.989176 0.146736 0
    outer loop
      vertex 17.3847 1.17054 0
      vertex 17.4711 0.588102 10
      vertex 17.4711 0.588102 0
    endloop
  endfacet
  facet normal 0.998795 0.0490819 0
    outer loop
      vertex 17.5 0 10
      vertex 17.4711 0.588102 0
      vertex 17.4711 0.588102 10
    endloop
  endfacet
  facet normal 0.998795 0.0490819 0
    outer loop
      vertex 17.4711 0.588102 0
      vertex 17.5 0 10
      vertex 17.5 0 0
    endloop
  endfacet
  facet normal 0.970019 0.243027 0
    outer loop
      vertex 17.3847 1.17054 10
      vertex 17.2416 1.74171 0
      vertex 17.2416 1.74171 10
    endloop
  endfacet
  facet normal 0.970019 0.243027 0
    outer loop
      vertex 17.2416 1.74171 0
      vertex 17.3847 1.17054 10
      vertex 17.3847 1.17054 0
    endloop
  endfacet
  facet normal 0.336879 -0.941548 0
    outer loop
      vertex 13.2417 -5.74164 0
      vertex 13.7961 -5.54328 10
      vertex 13.2417 -5.74164 10
    endloop
  endfacet
  facet normal 0.336879 -0.941548 0
    outer loop
      vertex 13.7961 -5.54328 10
      vertex 13.2417 -5.74164 0
      vertex 13.7961 -5.54328 0
    endloop
  endfacet
  facet normal 0.903956 -0.427625 0
    outer loop
      vertex 16.7915 -2.82838 10
      vertex 17.0433 -2.2961 0
      vertex 17.0433 -2.2961 10
    endloop
  endfacet
  facet normal 0.903956 -0.427625 0
    outer loop
      vertex 17.0433 -2.2961 0
      vertex 16.7915 -2.82838 10
      vertex 16.7915 -2.82838 0
    endloop
  endfacet
  facet normal 0.671625 0.740891 -0
    outer loop
      vertex 15.7426 4.24264 0
      vertex 15.3064 4.63806 10
      vertex 15.7426 4.24264 10
    endloop
  endfacet
  facet normal 0.671625 0.740891 0
    outer loop
      vertex 15.3064 4.63806 10
      vertex 15.7426 4.24264 0
      vertex 15.3064 4.63806 0
    endloop
  endfacet
  facet normal -0.740952 0.671558 0
    outer loop
      vertex 6.86194 3.80636 0
      vertex 7.25736 4.24264 10
      vertex 7.25736 4.24264 0
    endloop
  endfacet
  facet normal -0.740952 0.671558 0
    outer loop
      vertex 7.25736 4.24264 10
      vertex 6.86194 3.80636 0
      vertex 6.86194 3.80636 10
    endloop
  endfacet
  facet normal -0.146746 -0.989174 0
    outer loop
      vertex 10.3295 -5.88471 0
      vertex 10.9119 -5.97111 10
      vertex 10.3295 -5.88471 10
    endloop
  endfacet
  facet normal -0.146746 -0.989174 -0
    outer loop
      vertex 10.9119 -5.97111 10
      vertex 10.3295 -5.88471 0
      vertex 10.9119 -5.97111 0
    endloop
  endfacet
  facet normal 0.941578 0.336794 0
    outer loop
      vertex 17.2416 1.74171 10
      vertex 17.0433 2.2961 0
      vertex 17.0433 2.2961 10
    endloop
  endfacet
  facet normal 0.941578 0.336794 0
    outer loop
      vertex 17.0433 2.2961 0
      vertex 17.2416 1.74171 10
      vertex 17.2416 1.74171 0
    endloop
  endfacet
  facet normal -0.0490651 0.998796 0
    outer loop
      vertex 11.5 6 0
      vertex 10.9119 5.97111 10
      vertex 11.5 6 10
    endloop
  endfacet
  facet normal -0.0490651 0.998796 0
    outer loop
      vertex 10.9119 5.97111 10
      vertex 11.5 6 0
      vertex 10.9119 5.97111 0
    endloop
  endfacet
  facet normal 0.803253 0.595638 0
    outer loop
      vertex 16.4888 3.33342 10
      vertex 16.1381 3.80636 0
      vertex 16.1381 3.80636 10
    endloop
  endfacet
  facet normal 0.803253 0.595638 0
    outer loop
      vertex 16.1381 3.80636 0
      vertex 16.4888 3.33342 10
      vertex 16.4888 3.33342 0
    endloop
  endfacet
  facet normal 0.0490651 -0.998796 0
    outer loop
      vertex 11.5 -6 0
      vertex 12.0881 -5.97111 10
      vertex 11.5 -6 10
    endloop
  endfacet
  facet normal 0.0490651 -0.998796 0
    outer loop
      vertex 12.0881 -5.97111 10
      vertex 11.5 -6 0
      vertex 12.0881 -5.97111 0
    endloop
  endfacet
  facet normal 0.0490651 0.998796 -0
    outer loop
      vertex 12.0881 5.97111 0
      vertex 11.5 6 10
      vertex 12.0881 5.97111 10
    endloop
  endfacet
  facet normal 0.0490651 0.998796 0
    outer loop
      vertex 11.5 6 10
      vertex 12.0881 5.97111 0
      vertex 11.5 6 0
    endloop
  endfacet
  facet normal 0.857736 -0.514091 0
    outer loop
      vertex 16.4888 -3.33342 10
      vertex 16.7915 -2.82838 0
      vertex 16.7915 -2.82838 10
    endloop
  endfacet
  facet normal 0.857736 -0.514091 0
    outer loop
      vertex 16.7915 -2.82838 0
      vertex 16.4888 -3.33342 10
      vertex 16.4888 -3.33342 0
    endloop
  endfacet
  facet normal -0.595703 -0.803204 0
    outer loop
      vertex 7.69364 -4.63806 0
      vertex 8.16658 -4.98882 10
      vertex 7.69364 -4.63806 10
    endloop
  endfacet
  facet normal -0.595703 -0.803204 -0
    outer loop
      vertex 8.16658 -4.98882 10
      vertex 7.69364 -4.63806 0
      vertex 8.16658 -4.98882 0
    endloop
  endfacet
  facet normal -0.857728 0.514104 0
    outer loop
      vertex 6.20847 2.82838 0
      vertex 6.51118 3.33342 10
      vertex 6.51118 3.33342 0
    endloop
  endfacet
  facet normal -0.857728 0.514104 0
    outer loop
      vertex 6.51118 3.33342 10
      vertex 6.20847 2.82838 0
      vertex 6.20847 2.82838 10
    endloop
  endfacet
  facet normal -0.242963 -0.970036 0
    outer loop
      vertex 9.75829 -5.74164 0
      vertex 10.3295 -5.88471 10
      vertex 9.75829 -5.74164 10
    endloop
  endfacet
  facet normal -0.242963 -0.970036 -0
    outer loop
      vertex 10.3295 -5.88471 10
      vertex 9.75829 -5.74164 0
      vertex 10.3295 -5.88471 0
    endloop
  endfacet
  facet normal 0.857736 0.514091 0
    outer loop
      vertex 16.7915 2.82838 10
      vertex 16.4888 3.33342 0
      vertex 16.4888 3.33342 10
    endloop
  endfacet
  facet normal 0.857736 0.514091 0
    outer loop
      vertex 16.4888 3.33342 0
      vertex 16.7915 2.82838 10
      vertex 16.7915 2.82838 0
    endloop
  endfacet
  facet normal -0.998796 -0.049065 0
    outer loop
      vertex 5.52889 -0.588102 0
      vertex 5.5 0 10
      vertex 5.5 0 0
    endloop
  endfacet
  facet normal -0.998796 -0.049065 0
    outer loop
      vertex 5.5 0 10
      vertex 5.52889 -0.588102 0
      vertex 5.52889 -0.588102 10
    endloop
  endfacet
  facet normal 0.903956 0.427625 0
    outer loop
      vertex 17.0433 2.2961 10
      vertex 16.7915 2.82838 0
      vertex 16.7915 2.82838 10
    endloop
  endfacet
  facet normal 0.903956 0.427625 0
    outer loop
      vertex 16.7915 2.82838 0
      vertex 17.0433 2.2961 10
      vertex 17.0433 2.2961 0
    endloop
  endfacet
  facet normal 0.970019 -0.243027 0
    outer loop
      vertex 17.2416 -1.74171 10
      vertex 17.3847 -1.17054 0
      vertex 17.3847 -1.17054 10
    endloop
  endfacet
  facet normal 0.970019 -0.243027 0
    outer loop
      vertex 17.3847 -1.17054 0
      vertex 17.2416 -1.74171 10
      vertex 17.2416 -1.74171 0
    endloop
  endfacet
  facet normal -0.970032 0.242979 0
    outer loop
      vertex 5.61529 1.17054 0
      vertex 5.75836 1.74171 10
      vertex 5.75836 1.74171 0
    endloop
  endfacet
  facet normal -0.970032 0.242979 0
    outer loop
      vertex 5.75836 1.74171 10
      vertex 5.61529 1.17054 0
      vertex 5.61529 1.17054 10
    endloop
  endfacet
  facet normal -0.427556 -0.903989 0
    outer loop
      vertex 8.67162 -5.29153 0
      vertex 9.2039 -5.54328 10
      vertex 8.67162 -5.29153 10
    endloop
  endfacet
  facet normal -0.427556 -0.903989 -0
    outer loop
      vertex 9.2039 -5.54328 10
      vertex 8.67162 -5.29153 0
      vertex 9.2039 -5.54328 0
    endloop
  endfacet
  facet normal -0.970032 -0.242979 0
    outer loop
      vertex 5.75836 -1.74171 0
      vertex 5.61529 -1.17054 10
      vertex 5.61529 -1.17054 0
    endloop
  endfacet
  facet normal -0.970032 -0.242979 0
    outer loop
      vertex 5.61529 -1.17054 10
      vertex 5.75836 -1.74171 0
      vertex 5.75836 -1.74171 10
    endloop
  endfacet
  facet normal 0.336879 0.941548 -0
    outer loop
      vertex 13.7961 5.54328 0
      vertex 13.2417 5.74164 10
      vertex 13.7961 5.54328 10
    endloop
  endfacet
  facet normal 0.336879 0.941548 0
    outer loop
      vertex 13.2417 5.74164 10
      vertex 13.7961 5.54328 0
      vertex 13.2417 5.74164 0
    endloop
  endfacet
  facet normal 0.989176 -0.146736 0
    outer loop
      vertex 17.3847 -1.17054 10
      vertex 17.4711 -0.588102 0
      vertex 17.4711 -0.588102 10
    endloop
  endfacet
  facet normal 0.989176 -0.146736 0
    outer loop
      vertex 17.4711 -0.588102 0
      vertex 17.3847 -1.17054 10
      vertex 17.3847 -1.17054 0
    endloop
  endfacet
  facet normal -0.146746 0.989174 0
    outer loop
      vertex 10.9119 5.97111 0
      vertex 10.3295 5.88471 10
      vertex 10.9119 5.97111 10
    endloop
  endfacet
  facet normal -0.146746 0.989174 0
    outer loop
      vertex 10.3295 5.88471 10
      vertex 10.9119 5.97111 0
      vertex 10.3295 5.88471 0
    endloop
  endfacet
  facet normal 0.427542 -0.903995 0
    outer loop
      vertex 13.7961 -5.54328 0
      vertex 14.3284 -5.29153 10
      vertex 13.7961 -5.54328 10
    endloop
  endfacet
  facet normal 0.427542 -0.903995 0
    outer loop
      vertex 14.3284 -5.29153 10
      vertex 13.7961 -5.54328 0
      vertex 14.3284 -5.29153 0
    endloop
  endfacet
  facet normal -0.671558 0.740952 0
    outer loop
      vertex 7.69364 4.63806 0
      vertex 7.25736 4.24264 10
      vertex 7.69364 4.63806 10
    endloop
  endfacet
  facet normal -0.671558 0.740952 0
    outer loop
      vertex 7.25736 4.24264 10
      vertex 7.69364 4.63806 0
      vertex 7.25736 4.24264 0
    endloop
  endfacet
  facet normal 0 0 -1
    outer loop
      vertex 14 -1.39999 0
      vertex 17.5 0 0
      vertex 17.4711 -0.588102 0
    endloop
  endfacet
  facet normal 0 0 -1
    outer loop
      vertex 14 -1.39999 0
      vertex 17.4711 -0.588102 0
      vertex 17.3847 -1.17054 0
    endloop
  endfacet
  facet normal 0 0 -1
    outer loop
      vertex 14 1.39999 0
      vertex 17.5 0 0
      vertex 14 -1.39999 0
    endloop
  endfacet
  facet normal 0 0 -1
    outer loop
      vertex 14 -1.39999 0
      vertex 17.3847 -1.17054 0
      vertex 17.2416 -1.74171 0
    endloop
  endfacet
  facet normal 0 0 -1
    outer loop
      vertex 17.5 0 0
      vertex 14 1.39999 0
      vertex 17.4711 0.588102 0
    endloop
  endfacet
  facet normal 0 0 -1
    outer loop
      vertex 14 -1.39999 0
      vertex 17.2416 -1.74171 0
      vertex 17.0433 -2.2961 0
    endloop
  endfacet
  facet normal 0 0 -1
    outer loop
      vertex 17.4711 0.588102 0
      vertex 14 1.39999 0
      vertex 17.3847 1.17054 0
    endloop
  endfacet
  facet normal 0 0 -1
    outer loop
      vertex 13.9914 -1.45805 0
      vertex 17.0433 -2.2961 0
      vertex 16.7915 -2.82838 0
    endloop
  endfacet
  facet normal 0 0 -1
    outer loop
      vertex 17.3847 1.17054 0
      vertex 14 1.39999 0
      vertex 17.2416 1.74171 0
    endloop
  endfacet
  facet normal 0 0 -1
    outer loop
      vertex 13.9764 -1.49428 0
      vertex 16.7915 -2.82838 0
      vertex 16.4888 -3.33342 0
    endloop
  endfacet
  facet normal -0 0 -1
    outer loop
      vertex 17.2416 1.74171 0
      vertex 14 1.39999 0
      vertex 17.0433 2.2961 0
    endloop
  endfacet
  facet normal 0 0 -1
    outer loop
      vertex 13.9414 -1.54141 0
      vertex 16.4888 -3.33342 0
      vertex 16.1381 -3.80636 0
    endloop
  endfacet
  facet normal 0 0 -1
    outer loop
      vertex 13.999 1.4196 0
      vertex 17.0433 2.2961 0
      vertex 14 1.39999 0
    endloop
  endfacet
  facet normal 0 0 -1
    outer loop
      vertex 13.9111 -1.56628 0
      vertex 16.1381 -3.80636 0
      vertex 15.7426 -4.24264 0
    endloop
  endfacet
  facet normal 0 0 -1
    outer loop
      vertex 13.9961 1.43901 0
      vertex 17.0433 2.2961 0
      vertex 13.999 1.4196 0
    endloop
  endfacet
  facet normal 0 0 -1
    outer loop
      vertex 13.858 -1.59138 0
      vertex 15.7426 -4.24264 0
      vertex 15.3064 -4.63806 0
    endloop
  endfacet
  facet normal 0 0 -1
    outer loop
      vertex 13.9914 1.45805 0
      vertex 17.0433 2.2961 0
      vertex 13.9961 1.43901 0
    endloop
  endfacet
  facet normal 0 0 -1
    outer loop
      vertex 13.8196 -1.59903 0
      vertex 15.3064 -4.63806 0
      vertex 14.8334 -4.98882 0
    endloop
  endfacet
  facet normal -0 0 -1
    outer loop
      vertex 17.0433 2.2961 0
      vertex 13.9914 1.45805 0
      vertex 16.7915 2.82838 0
    endloop
  endfacet
  facet normal 0 0 -1
    outer loop
      vertex 13.8 -1.59999 0
      vertex 14.8334 -4.98882 0
      vertex 14.3284 -5.29153 0
    endloop
  endfacet
  facet normal 0 0 -1
    outer loop
      vertex 13.9848 1.47653 0
      vertex 16.7915 2.82838 0
      vertex 13.9914 1.45805 0
    endloop
  endfacet
  facet normal 0 0 -1
    outer loop
      vertex 13.9764 1.49428 0
      vertex 16.7915 2.82838 0
      vertex 13.9848 1.47653 0
    endloop
  endfacet
  facet normal 0 0 -1
    outer loop
      vertex 17.0433 -2.2961 0
      vertex 13.999 -1.4196 0
      vertex 14 -1.39999 0
    endloop
  endfacet
  facet normal 0 0 -1
    outer loop
      vertex 17.0433 -2.2961 0
      vertex 13.9961 -1.43901 0
      vertex 13.999 -1.4196 0
    endloop
  endfacet
  facet normal 0 0 -1
    outer loop
      vertex 17.0433 -2.2961 0
      vertex 13.9914 -1.45805 0
      vertex 13.9961 -1.43901 0
    endloop
  endfacet
  facet normal 0 0 -1
    outer loop
      vertex 16.7915 -2.82838 0
      vertex 13.9848 -1.47653 0
      vertex 13.9914 -1.45805 0
    endloop
  endfacet
  facet normal 0 0 -1
    outer loop
      vertex 16.7915 -2.82838 0
      vertex 13.9764 -1.49428 0
      vertex 13.9848 -1.47653 0
    endloop
  endfacet
  facet normal 0 0 -1
    outer loop
      vertex 16.4888 -3.33342 0
      vertex 13.9663 -1.51111 0
      vertex 13.9764 -1.49428 0
    endloop
  endfacet
  facet normal 0 0 -1
    outer loop
      vertex 16.4888 -3.33342 0
      vertex 13.9546 -1.52687 0
      vertex 13.9663 -1.51111 0
    endloop
  endfacet
  facet normal 0 0 -1
    outer loop
      vertex 16.4888 -3.33342 0
      vertex 13.9414 -1.54141 0
      vertex 13.9546 -1.52687 0
    endloop
  endfacet
  facet normal 0 0 -1
    outer loop
      vertex 16.1381 -3.80636 0
      vertex 13.9269 -1.5546 0
      vertex 13.9414 -1.54141 0
    endloop
  endfacet
  facet normal 0 0 -1
    outer loop
      vertex 16.1381 -3.80636 0
      vertex 13.9111 -1.56628 0
      vertex 13.9269 -1.5546 0
    endloop
  endfacet
  facet normal 0 0 -1
    outer loop
      vertex 15.7426 -4.24264 0
      vertex 13.8943 -1.57639 0
      vertex 13.9111 -1.56628 0
    endloop
  endfacet
  facet normal 0 0 -1
    outer loop
      vertex 15.7426 -4.24264 0
      vertex 13.8765 -1.58476 0
      vertex 13.8943 -1.57639 0
    endloop
  endfacet
  facet normal 0 0 -1
    outer loop
      vertex 15.7426 -4.24264 0
      vertex 13.858 -1.59138 0
      vertex 13.8765 -1.58476 0
    endloop
  endfacet
  facet normal 0 0 -1
    outer loop
      vertex 15.3064 -4.63806 0
      vertex 13.839 -1.59615 0
      vertex 13.858 -1.59138 0
    endloop
  endfacet
  facet normal 0 0 -1
    outer loop
      vertex 15.3064 -4.63806 0
      vertex 13.8196 -1.59903 0
      vertex 13.839 -1.59615 0
    endloop
  endfacet
  facet normal 0 0 -1
    outer loop
      vertex 14.8334 -4.98882 0
      vertex 13.8 -1.59999 0
      vertex 13.8196 -1.59903 0
    endloop
  endfacet
  facet normal 0 0 -1
    outer loop
      vertex 13.7961 -5.54328 0
      vertex 13.8 -1.59999 0
      vertex 14.3284 -5.29153 0
    endloop
  endfacet
  facet normal 0 0 -1
    outer loop
      vertex 13.2417 -5.74164 0
      vertex 13.8 -1.59999 0
      vertex 13.7961 -5.54328 0
    endloop
  endfacet
  facet normal 0 0 -1
    outer loop
      vertex 12.6705 -5.88471 0
      vertex 13.8 -1.59999 0
      vertex 13.2417 -5.74164 0
    endloop
  endfacet
  facet normal 0 0 -1
    outer loop
      vertex 12.0881 -5.97111 0
      vertex 13.8 -1.59999 0
      vertex 12.6705 -5.88471 0
    endloop
  endfacet
  facet normal 0 0 -1
    outer loop
      vertex 11.5 -6 0
      vertex 13.8 -1.59999 0
      vertex 12.0881 -5.97111 0
    endloop
  endfacet
  facet normal 0 0 -1
    outer loop
      vertex 9.20001 -1.59999 0
      vertex 11.5 -6 0
      vertex 10.9119 -5.97111 0
    endloop
  endfacet
  facet normal 0 0 -1
    outer loop
      vertex 9.20001 -1.59999 0
      vertex 10.9119 -5.97111 0
      vertex 10.3295 -5.88471 0
    endloop
  endfacet
  facet normal 0 0 -1
    outer loop
      vertex 9.20001 -1.59999 0
      vertex 10.3295 -5.88471 0
      vertex 9.75829 -5.74164 0
    endloop
  endfacet
  facet normal 0 0 -1
    outer loop
      vertex 9.20001 -1.59999 0
      vertex 9.75829 -5.74164 0
      vertex 9.2039 -5.54328 0
    endloop
  endfacet
  facet normal 0 0 -1
    outer loop
      vertex 11.5 -6 0
      vertex 9.20001 -1.59999 0
      vertex 13.8 -1.59999 0
    endloop
  endfacet
  facet normal 0 0 -1
    outer loop
      vertex 8.67162 -5.29153 0
      vertex 9.20001 -1.59999 0
      vertex 9.2039 -5.54328 0
    endloop
  endfacet
  facet normal 0 0 -1
    outer loop
      vertex 8.16658 -4.98882 0
      vertex 9.20001 -1.59999 0
      vertex 8.67162 -5.29153 0
    endloop
  endfacet
  facet normal -0 0 -1
    outer loop
      vertex 9.20001 -1.59999 0
      vertex 8.16658 -4.98882 0
      vertex 9.1804 -1.59903 0
    endloop
  endfacet
  facet normal 0 0 -1
    outer loop
      vertex 7.69364 -4.63806 0
      vertex 9.1804 -1.59903 0
      vertex 8.16658 -4.98882 0
    endloop
  endfacet
  facet normal -0 0 -1
    outer loop
      vertex 9.1804 -1.59903 0
      vertex 7.69364 -4.63806 0
      vertex 9.161 -1.59615 0
    endloop
  endfacet
  facet normal -0 0 -1
    outer loop
      vertex 9.161 -1.59615 0
      vertex 7.69364 -4.63806 0
      vertex 9.14195 -1.59138 0
    endloop
  endfacet
  facet normal 0 0 -1
    outer loop
      vertex 7.25736 -4.24264 0
      vertex 9.14195 -1.59138 0
      vertex 7.69364 -4.63806 0
    endloop
  endfacet
  facet normal -0 0 -1
    outer loop
      vertex 9.14195 -1.59138 0
      vertex 7.25736 -4.24264 0
      vertex 9.12347 -1.58476 0
    endloop
  endfacet
  facet normal -0 0 -1
    outer loop
      vertex 9.12347 -1.58476 0
      vertex 7.25736 -4.24264 0
      vertex 9.10573 -1.57639 0
    endloop
  endfacet
  facet normal -0 0 -1
    outer loop
      vertex 9.10573 -1.57639 0
      vertex 7.25736 -4.24264 0
      vertex 9.0889 -1.56628 0
    endloop
  endfacet
  facet normal 0 0 -1
    outer loop
      vertex 6.86194 -3.80636 0
      vertex 9.0889 -1.56628 0
      vertex 7.25736 -4.24264 0
    endloop
  endfacet
  facet normal -0 0 -1
    outer loop
      vertex 9.0889 -1.56628 0
      vertex 6.86194 -3.80636 0
      vertex 9.07314 -1.5546 0
    endloop
  endfacet
  facet normal -0 0 -1
    outer loop
      vertex 9.07314 -1.5546 0
      vertex 6.86194 -3.80636 0
      vertex 9.05859 -1.54141 0
    endloop
  endfacet
  facet normal 0 0 -1
    outer loop
      vertex 6.51118 -3.33342 0
      vertex 9.05859 -1.54141 0
      vertex 6.86194 -3.80636 0
    endloop
  endfacet
  facet normal -0 0 -1
    outer loop
      vertex 9.05859 -1.54141 0
      vertex 6.51118 -3.33342 0
      vertex 9.04541 -1.52687 0
    endloop
  endfacet
  facet normal 0 0 -1
    outer loop
      vertex 6.20847 -2.82838 0
      vertex 9.02362 -1.49428 0
      vertex 6.51118 -3.33342 0
    endloop
  endfacet
  facet normal -0 0 -1
    outer loop
      vertex 9.03372 -1.51111 0
      vertex 6.51118 -3.33342 0
      vertex 9.02362 -1.49428 0
    endloop
  endfacet
  facet normal -0 0 -1
    outer loop
      vertex 9.04541 -1.52687 0
      vertex 6.51118 -3.33342 0
      vertex 9.03372 -1.51111 0
    endloop
  endfacet
  facet normal -0 0 -1
    outer loop
      vertex 16.7915 2.82838 0
      vertex 13.9764 1.49428 0
      vertex 16.4888 3.33342 0
    endloop
  endfacet
  facet normal 0 0 -1
    outer loop
      vertex 13.9663 1.51111 0
      vertex 16.4888 3.33342 0
      vertex 13.9764 1.49428 0
    endloop
  endfacet
  facet normal 0 0 -1
    outer loop
      vertex 13.9546 1.52687 0
      vertex 16.4888 3.33342 0
      vertex 13.9663 1.51111 0
    endloop
  endfacet
  facet normal 0 0 -1
    outer loop
      vertex 13.9414 1.54141 0
      vertex 16.4888 3.33342 0
      vertex 13.9546 1.52687 0
    endloop
  endfacet
  facet normal -0 0 -1
    outer loop
      vertex 16.4888 3.33342 0
      vertex 13.9414 1.54141 0
      vertex 16.1381 3.80636 0
    endloop
  endfacet
  facet normal 0 0 -1
    outer loop
      vertex 13.9269 1.5546 0
      vertex 16.1381 3.80636 0
      vertex 13.9414 1.54141 0
    endloop
  endfacet
  facet normal 0 0 -1
    outer loop
      vertex 13.9111 1.56628 0
      vertex 16.1381 3.80636 0
      vertex 13.9269 1.5546 0
    endloop
  endfacet
  facet normal -0 0 -1
    outer loop
      vertex 16.1381 3.80636 0
      vertex 13.9111 1.56628 0
      vertex 15.7426 4.24264 0
    endloop
  endfacet
  facet normal 0 0 -1
    outer loop
      vertex 13.8943 1.57639 0
      vertex 15.7426 4.24264 0
      vertex 13.9111 1.56628 0
    endloop
  endfacet
  facet normal 0 0 -1
    outer loop
      vertex 13.8765 1.58476 0
      vertex 15.7426 4.24264 0
      vertex 13.8943 1.57639 0
    endloop
  endfacet
  facet normal 0 0 -1
    outer loop
      vertex 13.858 1.59138 0
      vertex 15.7426 4.24264 0
      vertex 13.8765 1.58476 0
    endloop
  endfacet
  facet normal -0 0 -1
    outer loop
      vertex 15.7426 4.24264 0
      vertex 13.858 1.59138 0
      vertex 15.3064 4.63806 0
    endloop
  endfacet
  facet normal 0 0 -1
    outer loop
      vertex 13.839 1.59615 0
      vertex 15.3064 4.63806 0
      vertex 13.858 1.59138 0
    endloop
  endfacet
  facet normal 0 0 -1
    outer loop
      vertex 13.8196 1.59903 0
      vertex 15.3064 4.63806 0
      vertex 13.839 1.59615 0
    endloop
  endfacet
  facet normal -0 0 -1
    outer loop
      vertex 15.3064 4.63806 0
      vertex 13.8196 1.59903 0
      vertex 14.8334 4.98882 0
    endloop
  endfacet
  facet normal 0 0 -1
    outer loop
      vertex 13.8 1.59999 0
      vertex 14.8334 4.98882 0
      vertex 13.8196 1.59903 0
    endloop
  endfacet
  facet normal -0 0 -1
    outer loop
      vertex 14.8334 4.98882 0
      vertex 13.8 1.59999 0
      vertex 14.3284 5.29153 0
    endloop
  endfacet
  facet normal 0 0 -1
    outer loop
      vertex 13.8 1.59999 0
      vertex 13.7961 5.54328 0
      vertex 14.3284 5.29153 0
    endloop
  endfacet
  facet normal 0 0 -1
    outer loop
      vertex 13.8 1.59999 0
      vertex 13.2417 5.74164 0
      vertex 13.7961 5.54328 0
    endloop
  endfacet
  facet normal 0 0 -1
    outer loop
      vertex 13.8 1.59999 0
      vertex 12.6705 5.88471 0
      vertex 13.2417 5.74164 0
    endloop
  endfacet
  facet normal 0 0 -1
    outer loop
      vertex 13.8 1.59999 0
      vertex 12.0881 5.97111 0
      vertex 12.6705 5.88471 0
    endloop
  endfacet
  facet normal 0 0 -1
    outer loop
      vertex 13.8 1.59999 0
      vertex 11.5 6 0
      vertex 12.0881 5.97111 0
    endloop
  endfacet
  facet normal 0 0 -1
    outer loop
      vertex 9.20001 1.59999 0
      vertex 11.5 6 0
      vertex 13.8 1.59999 0
    endloop
  endfacet
  facet normal 0 0 -1
    outer loop
      vertex 11.5 6 0
      vertex 9.20001 1.59999 0
      vertex 10.9119 5.97111 0
    endloop
  endfacet
  facet normal 0 0 -1
    outer loop
      vertex 10.9119 5.97111 0
      vertex 9.20001 1.59999 0
      vertex 10.3295 5.88471 0
    endloop
  endfacet
  facet normal 0 0 -1
    outer loop
      vertex 10.3295 5.88471 0
      vertex 9.20001 1.59999 0
      vertex 9.75829 5.74164 0
    endloop
  endfacet
  facet normal 0 0 -1
    outer loop
      vertex 9.75829 5.74164 0
      vertex 9.20001 1.59999 0
      vertex 9.2039 5.54328 0
    endloop
  endfacet
  facet normal 0 0 -1
    outer loop
      vertex 8.16658 4.98882 0
      vertex 9.20001 1.59999 0
      vertex 9.1804 1.59903 0
    endloop
  endfacet
  facet normal 0 0 -1
    outer loop
      vertex 7.69364 4.63806 0
      vertex 9.1804 1.59903 0
      vertex 9.161 1.59615 0
    endloop
  endfacet
  facet normal 0 0 -1
    outer loop
      vertex 7.69364 4.63806 0
      vertex 9.161 1.59615 0
      vertex 9.14195 1.59138 0
    endloop
  endfacet
  facet normal 0 0 -1
    outer loop
      vertex 7.25736 4.24264 0
      vertex 9.14195 1.59138 0
      vertex 9.12347 1.58476 0
    endloop
  endfacet
  facet normal 0 0 -1
    outer loop
      vertex 7.25736 4.24264 0
      vertex 9.12347 1.58476 0
      vertex 9.10573 1.57639 0
    endloop
  endfacet
  facet normal 0 0 -1
    outer loop
      vertex 7.25736 4.24264 0
      vertex 9.10573 1.57639 0
      vertex 9.0889 1.56628 0
    endloop
  endfacet
  facet normal 0 0 -1
    outer loop
      vertex 6.86194 3.80636 0
      vertex 9.0889 1.56628 0
      vertex 9.07314 1.5546 0
    endloop
  endfacet
  facet normal 0 0 -1
    outer loop
      vertex 6.86194 3.80636 0
      vertex 9.07314 1.5546 0
      vertex 9.05859 1.54141 0
    endloop
  endfacet
  facet normal 0 0 -1
    outer loop
      vertex 6.51118 3.33342 0
      vertex 9.05859 1.54141 0
      vertex 9.04541 1.52687 0
    endloop
  endfacet
  facet normal 0 0 -1
    outer loop
      vertex 6.51118 3.33342 0
      vertex 9.04541 1.52687 0
      vertex 9.03372 1.51111 0
    endloop
  endfacet
  facet normal 0 0 -1
    outer loop
      vertex 6.51118 3.33342 0
      vertex 9.03372 1.51111 0
      vertex 9.02362 1.49428 0
    endloop
  endfacet
  facet normal 0 0 -1
    outer loop
      vertex 6.20847 2.82838 0
      vertex 9.02362 1.49428 0
      vertex 9.01524 1.47653 0
    endloop
  endfacet
  facet normal 0 0 -1
    outer loop
      vertex 6.20847 2.82838 0
      vertex 9.01524 1.47653 0
      vertex 9.00862 1.45805 0
    endloop
  endfacet
  facet normal 0 0 -1
    outer loop
      vertex 5.95672 2.2961 0
      vertex 9.00862 1.45805 0
      vertex 9.00386 1.43901 0
    endloop
  endfacet
  facet normal 0 0 -1
    outer loop
      vertex 5.95672 2.2961 0
      vertex 9.00386 1.43901 0
      vertex 9.00098 1.4196 0
    endloop
  endfacet
  facet normal -0 0 -1
    outer loop
      vertex 9.02362 -1.49428 0
      vertex 6.20847 -2.82838 0
      vertex 9.01524 -1.47653 0
    endloop
  endfacet
  facet normal 0 0 -1
    outer loop
      vertex 9.20001 1.59999 0
      vertex 8.67162 5.29153 0
      vertex 9.2039 5.54328 0
    endloop
  endfacet
  facet normal -0 0 -1
    outer loop
      vertex 9.01524 -1.47653 0
      vertex 6.20847 -2.82838 0
      vertex 9.00862 -1.45805 0
    endloop
  endfacet
  facet normal 0 0 -1
    outer loop
      vertex 5.95672 -2.2961 0
      vertex 9.00862 -1.45805 0
      vertex 6.20847 -2.82838 0
    endloop
  endfacet
  facet normal 0 0 -1
    outer loop
      vertex 9.20001 1.59999 0
      vertex 8.16658 4.98882 0
      vertex 8.67162 5.29153 0
    endloop
  endfacet
  facet normal -0 0 -1
    outer loop
      vertex 9.00862 -1.45805 0
      vertex 5.95672 -2.2961 0
      vertex 9.00386 -1.43901 0
    endloop
  endfacet
  facet normal 0 0 -1
    outer loop
      vertex 9.1804 1.59903 0
      vertex 7.69364 4.63806 0
      vertex 8.16658 4.98882 0
    endloop
  endfacet
  facet normal -0 0 -1
    outer loop
      vertex 9.00386 -1.43901 0
      vertex 5.95672 -2.2961 0
      vertex 9.00098 -1.4196 0
    endloop
  endfacet
  facet normal 0 0 -1
    outer loop
      vertex 9.14195 1.59138 0
      vertex 7.25736 4.24264 0
      vertex 7.69364 4.63806 0
    endloop
  endfacet
  facet normal -0 0 -1
    outer loop
      vertex 9.00098 -1.4196 0
      vertex 5.95672 -2.2961 0
      vertex 9.00002 -1.39999 0
    endloop
  endfacet
  facet normal 0 0 -1
    outer loop
      vertex 9.0889 1.56628 0
      vertex 6.86194 3.80636 0
      vertex 7.25736 4.24264 0
    endloop
  endfacet
  facet normal 0 0 -1
    outer loop
      vertex 5.75836 -1.74171 0
      vertex 9.00002 -1.39999 0
      vertex 5.95672 -2.2961 0
    endloop
  endfacet
  facet normal 0 0 -1
    outer loop
      vertex 9.05859 1.54141 0
      vertex 6.51118 3.33342 0
      vertex 6.86194 3.80636 0
    endloop
  endfacet
  facet normal 0 0 -1
    outer loop
      vertex 5.61529 -1.17054 0
      vertex 9.00002 -1.39999 0
      vertex 5.75836 -1.74171 0
    endloop
  endfacet
  facet normal 0 0 -1
    outer loop
      vertex 9.02362 1.49428 0
      vertex 6.20847 2.82838 0
      vertex 6.51118 3.33342 0
    endloop
  endfacet
  facet normal 0 0 -1
    outer loop
      vertex 5.52889 -0.588102 0
      vertex 9.00002 -1.39999 0
      vertex 5.61529 -1.17054 0
    endloop
  endfacet
  facet normal 0 0 -1
    outer loop
      vertex 9.00862 1.45805 0
      vertex 5.95672 2.2961 0
      vertex 6.20847 2.82838 0
    endloop
  endfacet
  facet normal 0 0 -1
    outer loop
      vertex 5.5 0 0
      vertex 9.00002 -1.39999 0
      vertex 5.52889 -0.588102 0
    endloop
  endfacet
  facet normal 0 0 -1
    outer loop
      vertex 9.00098 1.4196 0
      vertex 5.75836 1.74171 0
      vertex 5.95672 2.2961 0
    endloop
  endfacet
  facet normal 0 0 -1
    outer loop
      vertex 9.00002 -1.39999 0
      vertex 5.5 0 0
      vertex 9.00002 1.39999 0
    endloop
  endfacet
  facet normal 0 0 -1
    outer loop
      vertex 9.00002 1.39999 0
      vertex 5.75836 1.74171 0
      vertex 9.00098 1.4196 0
    endloop
  endfacet
  facet normal 0 -0 -1
    outer loop
      vertex 5.52889 0.588102 0
      vertex 9.00002 1.39999 0
      vertex 5.5 0 0
    endloop
  endfacet
  facet normal 0 -0 -1
    outer loop
      vertex 5.75836 1.74171 0
      vertex 9.00002 1.39999 0
      vertex 5.61529 1.17054 0
    endloop
  endfacet
  facet normal 0 -0 -1
    outer loop
      vertex 5.61529 1.17054 0
      vertex 9.00002 1.39999 0
      vertex 5.52889 0.588102 0
    endloop
  endfacet
  facet normal -0.595703 0.803204 0
    outer loop
      vertex 8.16658 4.98882 0
      vertex 7.69364 4.63806 10
      vertex 8.16658 4.98882 10
    endloop
  endfacet
  facet normal -0.595703 0.803204 0
    outer loop
      vertex 7.69364 4.63806 10
      vertex 8.16658 4.98882 0
      vertex 7.69364 4.63806 0
    endloop
  endfacet
  facet normal 0.242967 0.970035 -0
    outer loop
      vertex 13.2417 5.74164 0
      vertex 12.6705 5.88471 10
      vertex 13.2417 5.74164 10
    endloop
  endfacet
  facet normal 0.242967 0.970035 0
    outer loop
      vertex 12.6705 5.88471 10
      vertex 13.2417 5.74164 0
      vertex 12.6705 5.88471 0
    endloop
  endfacet
  facet normal 0.998795 -0.0490819 0
    outer loop
      vertex 17.4711 -0.588102 10
      vertex 17.5 0 0
      vertex 17.5 0 10
    endloop
  endfacet
  facet normal 0.998795 -0.0490819 0
    outer loop
      vertex 17.5 0 0
      vertex 17.4711 -0.588102 10
      vertex 17.4711 -0.588102 0
    endloop
  endfacet
  facet normal -0.427556 0.903989 0
    outer loop
      vertex 9.2039 5.54328 0
      vertex 8.67162 5.29153 10
      vertex 9.2039 5.54328 10
    endloop
  endfacet
  facet normal -0.427556 0.903989 0
    outer loop
      vertex 8.67162 5.29153 10
      vertex 9.2039 5.54328 0
      vertex 8.67162 5.29153 0
    endloop
  endfacet
  facet normal -0.941546 -0.336884 0
    outer loop
      vertex 5.95672 -2.2961 0
      vertex 5.75836 -1.74171 10
      vertex 5.75836 -1.74171 0
    endloop
  endfacet
  facet normal -0.941546 -0.336884 0
    outer loop
      vertex 5.75836 -1.74171 10
      vertex 5.95672 -2.2961 0
      vertex 5.95672 -2.2961 10
    endloop
  endfacet
  facet normal 0.514134 0.85771 -0
    outer loop
      vertex 14.8334 4.98882 0
      vertex 14.3284 5.29153 10
      vertex 14.8334 4.98882 10
    endloop
  endfacet
  facet normal 0.514134 0.85771 0
    outer loop
      vertex 14.3284 5.29153 10
      vertex 14.8334 4.98882 0
      vertex 14.3284 5.29153 0
    endloop
  endfacet
  facet normal 0.595655 0.803241 -0
    outer loop
      vertex 15.3064 4.63806 0
      vertex 14.8334 4.98882 10
      vertex 15.3064 4.63806 10
    endloop
  endfacet
  facet normal 0.595655 0.803241 0
    outer loop
      vertex 14.8334 4.98882 10
      vertex 15.3064 4.63806 0
      vertex 14.8334 4.98882 0
    endloop
  endfacet
  facet normal 0.146746 -0.989174 0
    outer loop
      vertex 12.0881 -5.97111 0
      vertex 12.6705 -5.88471 10
      vertex 12.0881 -5.97111 10
    endloop
  endfacet
  facet normal 0.146746 -0.989174 0
    outer loop
      vertex 12.6705 -5.88471 10
      vertex 12.0881 -5.97111 0
      vertex 12.6705 -5.88471 0
    endloop
  endfacet
  facet normal 0.740884 -0.671632 0
    outer loop
      vertex 15.7426 -4.24264 10
      vertex 16.1381 -3.80636 0
      vertex 16.1381 -3.80636 10
    endloop
  endfacet
  facet normal 0.740884 -0.671632 0
    outer loop
      vertex 16.1381 -3.80636 0
      vertex 15.7426 -4.24264 10
      vertex 15.7426 -4.24264 0
    endloop
  endfacet
  facet normal 0.803253 -0.595638 0
    outer loop
      vertex 16.1381 -3.80636 10
      vertex 16.4888 -3.33342 0
      vertex 16.4888 -3.33342 10
    endloop
  endfacet
  facet normal 0.803253 -0.595638 0
    outer loop
      vertex 16.4888 -3.33342 0
      vertex 16.1381 -3.80636 10
      vertex 16.1381 -3.80636 0
    endloop
  endfacet
  facet normal 0.242967 -0.970035 0
    outer loop
      vertex 12.6705 -5.88471 0
      vertex 13.2417 -5.74164 10
      vertex 12.6705 -5.88471 10
    endloop
  endfacet
  facet normal 0.242967 -0.970035 0
    outer loop
      vertex 13.2417 -5.74164 10
      vertex 12.6705 -5.88471 0
      vertex 13.2417 -5.74164 0
    endloop
  endfacet
  facet normal 0.941578 -0.336794 0
    outer loop
      vertex 17.0433 -2.2961 10
      vertex 17.2416 -1.74171 0
      vertex 17.2416 -1.74171 10
    endloop
  endfacet
  facet normal 0.941578 -0.336794 0
    outer loop
      vertex 17.2416 -1.74171 0
      vertex 17.0433 -2.2961 10
      vertex 17.0433 -2.2961 0
    endloop
  endfacet
  facet normal -0.242963 0.970036 0
    outer loop
      vertex 10.3295 5.88471 0
      vertex 9.75829 5.74164 10
      vertex 10.3295 5.88471 10
    endloop
  endfacet
  facet normal -0.242963 0.970036 0
    outer loop
      vertex 9.75829 5.74164 10
      vertex 10.3295 5.88471 0
      vertex 9.75829 5.74164 0
    endloop
  endfacet
  facet normal -0.903989 -0.427556 0
    outer loop
      vertex 6.20847 -2.82838 0
      vertex 5.95672 -2.2961 10
      vertex 5.95672 -2.2961 0
    endloop
  endfacet
  facet normal -0.903989 -0.427556 0
    outer loop
      vertex 5.95672 -2.2961 10
      vertex 6.20847 -2.82838 0
      vertex 6.20847 -2.82838 10
    endloop
  endfacet
  facet normal -0.989176 0.146736 0
    outer loop
      vertex 5.52889 0.588102 0
      vertex 5.61529 1.17054 10
      vertex 5.61529 1.17054 0
    endloop
  endfacet
  facet normal -0.989176 0.146736 0
    outer loop
      vertex 5.61529 1.17054 10
      vertex 5.52889 0.588102 0
      vertex 5.52889 0.588102 10
    endloop
  endfacet
  facet normal 0.427542 0.903995 -0
    outer loop
      vertex 14.3284 5.29153 0
      vertex 13.7961 5.54328 10
      vertex 14.3284 5.29153 10
    endloop
  endfacet
  facet normal 0.427542 0.903995 0
    outer loop
      vertex 13.7961 5.54328 10
      vertex 14.3284 5.29153 0
      vertex 13.7961 5.54328 0
    endloop
  endfacet
  facet normal -0.740952 -0.671558 0
    outer loop
      vertex 7.25736 -4.24264 0
      vertex 6.86194 -3.80636 10
      vertex 6.86194 -3.80636 0
    endloop
  endfacet
  facet normal -0.740952 -0.671558 0
    outer loop
      vertex 6.86194 -3.80636 10
      vertex 7.25736 -4.24264 0
      vertex 7.25736 -4.24264 10
    endloop
  endfacet
  facet normal -0.857728 -0.514104 0
    outer loop
      vertex 6.51118 -3.33342 0
      vertex 6.20847 -2.82838 10
      vertex 6.20847 -2.82838 0
    endloop
  endfacet
  facet normal -0.857728 -0.514104 0
    outer loop
      vertex 6.20847 -2.82838 10
      vertex 6.51118 -3.33342 0
      vertex 6.51118 -3.33342 10
    endloop
  endfacet
  facet normal -0.336884 0.941546 0
    outer loop
      vertex 9.75829 5.74164 0
      vertex 9.2039 5.54328 10
      vertex 9.75829 5.74164 10
    endloop
  endfacet
  facet normal -0.336884 0.941546 0
    outer loop
      vertex 9.2039 5.54328 10
      vertex 9.75829 5.74164 0
      vertex 9.2039 5.54328 0
    endloop
  endfacet
  facet normal -0.514104 -0.857728 0
    outer loop
      vertex 8.16658 -4.98882 0
      vertex 8.67162 -5.29153 10
      vertex 8.16658 -4.98882 10
    endloop
  endfacet
  facet normal -0.514104 -0.857728 -0
    outer loop
      vertex 8.67162 -5.29153 10
      vertex 8.16658 -4.98882 0
      vertex 8.67162 -5.29153 0
    endloop
  endfacet
  facet normal -0.941546 0.336884 0
    outer loop
      vertex 5.75836 1.74171 0
      vertex 5.95672 2.2961 10
      vertex 5.95672 2.2961 0
    endloop
  endfacet
  facet normal -0.941546 0.336884 0
    outer loop
      vertex 5.95672 2.2961 10
      vertex 5.75836 1.74171 0
      vertex 5.75836 1.74171 10
    endloop
  endfacet
  facet normal 0.595655 -0.803241 0
    outer loop
      vertex 14.8334 -4.98882 0
      vertex 15.3064 -4.63806 10
      vertex 14.8334 -4.98882 10
    endloop
  endfacet
  facet normal 0.595655 -0.803241 0
    outer loop
      vertex 15.3064 -4.63806 10
      vertex 14.8334 -4.98882 0
      vertex 15.3064 -4.63806 0
    endloop
  endfacet
  facet normal 0.740884 0.671632 0
    outer loop
      vertex 16.1381 3.80636 10
      vertex 15.7426 4.24264 0
      vertex 15.7426 4.24264 10
    endloop
  endfacet
  facet normal 0.740884 0.671632 0
    outer loop
      vertex 15.7426 4.24264 0
      vertex 16.1381 3.80636 10
      vertex 16.1381 3.80636 0
    endloop
  endfacet
  facet normal -0.803204 -0.595703 0
    outer loop
      vertex 6.86194 -3.80636 0
      vertex 6.51118 -3.33342 10
      vertex 6.51118 -3.33342 0
    endloop
  endfacet
  facet normal -0.803204 -0.595703 0
    outer loop
      vertex 6.51118 -3.33342 10
      vertex 6.86194 -3.80636 0
      vertex 6.86194 -3.80636 10
    endloop
  endfacet
  facet normal -0.514104 0.857728 0
    outer loop
      vertex 8.67162 5.29153 0
      vertex 8.16658 4.98882 10
      vertex 8.67162 5.29153 10
    endloop
  endfacet
  facet normal -0.514104 0.857728 0
    outer loop
      vertex 8.16658 4.98882 10
      vertex 8.67162 5.29153 0
      vertex 8.16658 4.98882 0
    endloop
  endfacet
  facet normal -0.989176 -0.146736 0
    outer loop
      vertex 5.61529 -1.17054 0
      vertex 5.52889 -0.588102 10
      vertex 5.52889 -0.588102 0
    endloop
  endfacet
  facet normal -0.989176 -0.146736 0
    outer loop
      vertex 5.52889 -0.588102 10
      vertex 5.61529 -1.17054 0
      vertex 5.61529 -1.17054 10
    endloop
  endfacet
  facet normal -0.903989 0.427556 0
    outer loop
      vertex 5.95672 2.2961 0
      vertex 6.20847 2.82838 10
      vertex 6.20847 2.82838 0
    endloop
  endfacet
  facet normal -0.903989 0.427556 0
    outer loop
      vertex 6.20847 2.82838 10
      vertex 5.95672 2.2961 0
      vertex 5.95672 2.2961 10
    endloop
  endfacet
  facet normal 0.514134 -0.85771 0
    outer loop
      vertex 14.3284 -5.29153 0
      vertex 14.8334 -4.98882 10
      vertex 14.3284 -5.29153 10
    endloop
  endfacet
  facet normal 0.514134 -0.85771 0
    outer loop
      vertex 14.8334 -4.98882 10
      vertex 14.3284 -5.29153 0
      vertex 14.8334 -4.98882 0
    endloop
  endfacet
  facet normal -0.671558 -0.740952 0
    outer loop
      vertex 7.25736 -4.24264 0
      vertex 7.69364 -4.63806 10
      vertex 7.25736 -4.24264 10
    endloop
  endfacet
  facet normal -0.671558 -0.740952 -0
    outer loop
      vertex 7.69364 -4.63806 10
      vertex 7.25736 -4.24264 0
      vertex 7.69364 -4.63806 0
    endloop
  endfacet
  facet normal -0.803204 0.595703 0
    outer loop
      vertex 6.51118 3.33342 0
      vertex 6.86194 3.80636 10
      vertex 6.86194 3.80636 0
    endloop
  endfacet
  facet normal -0.803204 0.595703 0
    outer loop
      vertex 6.86194 3.80636 10
      vertex 6.51118 3.33342 0
      vertex 6.51118 3.33342 10
    endloop
  endfacet
  facet normal -0.0490651 -0.998796 0
    outer loop
      vertex 10.9119 -5.97111 0
      vertex 11.5 -6 10
      vertex 10.9119 -5.97111 10
    endloop
  endfacet
  facet normal -0.0490651 -0.998796 -0
    outer loop
      vertex 11.5 -6 10
      vertex 10.9119 -5.97111 0
      vertex 11.5 -6 0
    endloop
  endfacet
  facet normal -0 0 1
    outer loop
      vertex 9.125 -0.95 10
      vertex 10.55 -2.375 10
      vertex 10.55 -0.95 10
    endloop
  endfacet
  facet normal 0 0 1
    outer loop
      vertex 10.55 -2.375 10
      vertex 9.75829 -5.74164 10
      vertex 10.3295 -5.88471 10
    endloop
  endfacet
  facet normal 0 0 1
    outer loop
      vertex 10.55 -2.375 10
      vertex 9.2039 -5.54328 10
      vertex 9.75829 -5.74164 10
    endloop
  endfacet
  facet normal 0 0 1
    outer loop
      vertex 7.25736 -4.24264 10
      vertex 10.55 -2.375 10
      vertex 9.125 -0.95 10
    endloop
  endfacet
  facet normal -0 0 1
    outer loop
      vertex 7.25736 4.24264 10
      vertex 10.55 2.375 10
      vertex 7.69364 4.63806 10
    endloop
  endfacet
  facet normal 0 0 1
    outer loop
      vertex 10.55 -2.375 10
      vertex 8.67162 -5.29153 10
      vertex 9.2039 -5.54328 10
    endloop
  endfacet
  facet normal 0 0 1
    outer loop
      vertex 10.55 2.375 10
      vertex 7.25736 4.24264 10
      vertex 9.125 0.95 10
    endloop
  endfacet
  facet normal 0 0 1
    outer loop
      vertex 10.55 -2.375 10
      vertex 8.16658 -4.98882 10
      vertex 8.67162 -5.29153 10
    endloop
  endfacet
  facet normal -0 0 1
    outer loop
      vertex 6.86194 3.80636 10
      vertex 9.125 0.95 10
      vertex 7.25736 4.24264 10
    endloop
  endfacet
  facet normal 0 0 1
    outer loop
      vertex 10.55 -2.375 10
      vertex 7.69364 -4.63806 10
      vertex 8.16658 -4.98882 10
    endloop
  endfacet
  facet normal -0 0 1
    outer loop
      vertex 6.51118 3.33342 10
      vertex 9.125 0.95 10
      vertex 6.86194 3.80636 10
    endloop
  endfacet
  facet normal 0 0 1
    outer loop
      vertex 10.55 -2.375 10
      vertex 7.25736 -4.24264 10
      vertex 7.69364 -4.63806 10
    endloop
  endfacet
  facet normal -0 0 1
    outer loop
      vertex 6.20847 2.82838 10
      vertex 9.125 0.95 10
      vertex 6.51118 3.33342 10
    endloop
  endfacet
  facet normal 0 0 1
    outer loop
      vertex 9.125 -0.95 10
      vertex 6.86194 -3.80636 10
      vertex 7.25736 -4.24264 10
    endloop
  endfacet
  facet normal -0 0 1
    outer loop
      vertex 5.95672 2.2961 10
      vertex 9.125 0.95 10
      vertex 6.20847 2.82838 10
    endloop
  endfacet
  facet normal 0 0 1
    outer loop
      vertex 9.125 -0.95 10
      vertex 6.51118 -3.33342 10
      vertex 6.86194 -3.80636 10
    endloop
  endfacet
  facet normal -0 0 1
    outer loop
      vertex 5.75836 1.74171 10
      vertex 9.125 0.95 10
      vertex 5.95672 2.2961 10
    endloop
  endfacet
  facet normal 0 0 1
    outer loop
      vertex 9.125 -0.95 10
      vertex 6.20847 -2.82838 10
      vertex 6.51118 -3.33342 10
    endloop
  endfacet
  facet normal -0 0 1
    outer loop
      vertex 5.61529 1.17054 10
      vertex 9.125 0.95 10
      vertex 5.75836 1.74171 10
    endloop
  endfacet
  facet normal 0 0 1
    outer loop
      vertex 9.125 -0.95 10
      vertex 5.95672 -2.2961 10
      vertex 6.20847 -2.82838 10
    endloop
  endfacet
  facet normal 0 0 1
    outer loop
      vertex 5.52889 0.588102 10
      vertex 9.125 0.95 10
      vertex 5.61529 1.17054 10
    endloop
  endfacet
  facet normal 0 0 1
    outer loop
      vertex 9.125 -0.95 10
      vertex 5.75836 -1.74171 10
      vertex 5.95672 -2.2961 10
    endloop
  endfacet
  facet normal 0 0 1
    outer loop
      vertex 5.5 0 10
      vertex 9.125 0.95 10
      vertex 5.52889 0.588102 10
    endloop
  endfacet
  facet normal 0 0 1
    outer loop
      vertex 9.125 -0.95 10
      vertex 5.61529 -1.17054 10
      vertex 5.75836 -1.74171 10
    endloop
  endfacet
  facet normal 0 0 1
    outer loop
      vertex 9.125 0.95 10
      vertex 5.5 0 10
      vertex 9.125 -0.95 10
    endloop
  endfacet
  facet normal 0 0 1
    outer loop
      vertex 9.125 -0.95 10
      vertex 5.52889 -0.588102 10
      vertex 5.61529 -1.17054 10
    endloop
  endfacet
  facet normal 0 0 1
    outer loop
      vertex 9.125 -0.95 10
      vertex 5.5 0 10
      vertex 5.52889 -0.588102 10
    endloop
  endfacet
  facet normal 0 0 1
    outer loop
      vertex 12.0881 5.97111 10
      vertex 12.45 2.375 10
      vertex 12.6705 5.88471 10
    endloop
  endfacet
  facet normal 0 0 1
    outer loop
      vertex 11.5 6 10
      vertex 12.45 2.375 10
      vertex 12.0881 5.97111 10
    endloop
  endfacet
  facet normal 0 0 1
    outer loop
      vertex 10.55 2.375 10
      vertex 11.5 6 10
      vertex 10.9119 5.97111 10
    endloop
  endfacet
  facet normal 0 0 1
    outer loop
      vertex 11.5 6 10
      vertex 10.55 2.375 10
      vertex 12.45 2.375 10
    endloop
  endfacet
  facet normal -0 0 1
    outer loop
      vertex 10.3295 5.88471 10
      vertex 10.55 2.375 10
      vertex 10.9119 5.97111 10
    endloop
  endfacet
  facet normal -0 0 1
    outer loop
      vertex 9.75829 5.74164 10
      vertex 10.55 2.375 10
      vertex 10.3295 5.88471 10
    endloop
  endfacet
  facet normal -0 0 1
    outer loop
      vertex 9.2039 5.54328 10
      vertex 10.55 2.375 10
      vertex 9.75829 5.74164 10
    endloop
  endfacet
  facet normal -0 0 1
    outer loop
      vertex 8.67162 5.29153 10
      vertex 10.55 2.375 10
      vertex 9.2039 5.54328 10
    endloop
  endfacet
  facet normal -0 0 1
    outer loop
      vertex 8.16658 4.98882 10
      vertex 10.55 2.375 10
      vertex 8.67162 5.29153 10
    endloop
  endfacet
  facet normal -0 0 1
    outer loop
      vertex 7.69364 4.63806 10
      vertex 10.55 2.375 10
      vertex 8.16658 4.98882 10
    endloop
  endfacet
  facet normal 0 0 1
    outer loop
      vertex 10.55 2.375 10
      vertex 9.125 0.95 10
      vertex 10.55 0.95 10
    endloop
  endfacet
  facet normal 0 0 1
    outer loop
      vertex 13.875 0.95 10
      vertex 17.5 0 10
      vertex 17.4711 0.588102 10
    endloop
  endfacet
  facet normal -0 0 1
    outer loop
      vertex 13.875 0.95 10
      vertex 17.4711 0.588102 10
      vertex 17.3847 1.17054 10
    endloop
  endfacet
  facet normal 0 0 1
    outer loop
      vertex 13.875 -0.95 10
      vertex 17.5 0 10
      vertex 13.875 0.95 10
    endloop
  endfacet
  facet normal 0 0 1
    outer loop
      vertex 13.875 0.95 10
      vertex 17.3847 1.17054 10
      vertex 17.2416 1.74171 10
    endloop
  endfacet
  facet normal 0 0 1
    outer loop
      vertex 17.5 0 10
      vertex 13.875 -0.95 10
      vertex 17.4711 -0.588102 10
    endloop
  endfacet
  facet normal 0 0 1
    outer loop
      vertex 13.875 0.95 10
      vertex 17.2416 1.74171 10
      vertex 17.0433 2.2961 10
    endloop
  endfacet
  facet normal 0 0 1
    outer loop
      vertex 17.4711 -0.588102 10
      vertex 13.875 -0.95 10
      vertex 17.3847 -1.17054 10
    endloop
  endfacet
  facet normal 0 0 1
    outer loop
      vertex 13.875 0.95 10
      vertex 17.0433 2.2961 10
      vertex 16.7915 2.82838 10
    endloop
  endfacet
  facet normal 0 0 1
    outer loop
      vertex 17.3847 -1.17054 10
      vertex 13.875 -0.95 10
      vertex 17.2416 -1.74171 10
    endloop
  endfacet
  facet normal 0 0 1
    outer loop
      vertex 13.875 0.95 10
      vertex 16.7915 2.82838 10
      vertex 16.4888 3.33342 10
    endloop
  endfacet
  facet normal 0 0 1
    outer loop
      vertex 17.2416 -1.74171 10
      vertex 13.875 -0.95 10
      vertex 17.0433 -2.2961 10
    endloop
  endfacet
  facet normal 0 0 1
    outer loop
      vertex 13.875 0.95 10
      vertex 16.4888 3.33342 10
      vertex 16.1381 3.80636 10
    endloop
  endfacet
  facet normal 0 0 1
    outer loop
      vertex 17.0433 -2.2961 10
      vertex 13.875 -0.95 10
      vertex 16.7915 -2.82838 10
    endloop
  endfacet
  facet normal 0 0 1
    outer loop
      vertex 13.875 0.95 10
      vertex 16.1381 3.80636 10
      vertex 15.7426 4.24264 10
    endloop
  endfacet
  facet normal 0 0 1
    outer loop
      vertex 16.7915 -2.82838 10
      vertex 13.875 -0.95 10
      vertex 16.4888 -3.33342 10
    endloop
  endfacet
  facet normal 0 0 1
    outer loop
      vertex 12.45 2.375 10
      vertex 15.7426 4.24264 10
      vertex 15.3064 4.63806 10
    endloop
  endfacet
  facet normal 0 0 1
    outer loop
      vertex 16.4888 -3.33342 10
      vertex 13.875 -0.95 10
      vertex 16.1381 -3.80636 10
    endloop
  endfacet
  facet normal 0 0 1
    outer loop
      vertex 12.45 2.375 10
      vertex 15.3064 4.63806 10
      vertex 14.8334 4.98882 10
    endloop
  endfacet
  facet normal 0 0 1
    outer loop
      vertex 16.1381 -3.80636 10
      vertex 13.875 -0.95 10
      vertex 15.7426 -4.24264 10
    endloop
  endfacet
  facet normal 0 0 1
    outer loop
      vertex 12.45 2.375 10
      vertex 14.8334 4.98882 10
      vertex 14.3284 5.29153 10
    endloop
  endfacet
  facet normal -0 0 1
    outer loop
      vertex 12.45 -2.375 10
      vertex 15.7426 -4.24264 10
      vertex 13.875 -0.95 10
    endloop
  endfacet
  facet normal 0 0 1
    outer loop
      vertex 15.7426 -4.24264 10
      vertex 12.45 -2.375 10
      vertex 15.3064 -4.63806 10
    endloop
  endfacet
  facet normal 0 0 1
    outer loop
      vertex 12.45 2.375 10
      vertex 14.3284 5.29153 10
      vertex 13.7961 5.54328 10
    endloop
  endfacet
  facet normal 0 0 1
    outer loop
      vertex 12.45 2.375 10
      vertex 13.7961 5.54328 10
      vertex 13.2417 5.74164 10
    endloop
  endfacet
  facet normal 0 0 1
    outer loop
      vertex 12.45 2.375 10
      vertex 13.2417 5.74164 10
      vertex 12.6705 5.88471 10
    endloop
  endfacet
  facet normal 0 0 1
    outer loop
      vertex 15.7426 4.24264 10
      vertex 12.45 2.375 10
      vertex 13.875 0.95 10
    endloop
  endfacet
  facet normal 0 0 1
    outer loop
      vertex 13.875 0.95 10
      vertex 12.45 2.375 10
      vertex 12.45 0.95 10
    endloop
  endfacet
  facet normal 0 0 1
    outer loop
      vertex 15.3064 -4.63806 10
      vertex 12.45 -2.375 10
      vertex 14.8334 -4.98882 10
    endloop
  endfacet
  facet normal 0 0 1
    outer loop
      vertex 14.8334 -4.98882 10
      vertex 12.45 -2.375 10
      vertex 14.3284 -5.29153 10
    endloop
  endfacet
  facet normal 0 0 1
    outer loop
      vertex 14.3284 -5.29153 10
      vertex 12.45 -2.375 10
      vertex 13.7961 -5.54328 10
    endloop
  endfacet
  facet normal 0 0 1
    outer loop
      vertex 13.7961 -5.54328 10
      vertex 12.45 -2.375 10
      vertex 13.2417 -5.74164 10
    endloop
  endfacet
  facet normal 0 0 1
    outer loop
      vertex 12.45 -2.375 10
      vertex 13.875 -0.95 10
      vertex 12.45 -0.95 10
    endloop
  endfacet
  facet normal 0 0 1
    outer loop
      vertex 13.2417 -5.74164 10
      vertex 12.45 -2.375 10
      vertex 12.6705 -5.88471 10
    endloop
  endfacet
  facet normal 0 0 1
    outer loop
      vertex 12.45 -2.375 10
      vertex 12.0881 -5.97111 10
      vertex 12.6705 -5.88471 10
    endloop
  endfacet
  facet normal 0 0 1
    outer loop
      vertex 12.45 -2.375 10
      vertex 11.5 -6 10
      vertex 12.0881 -5.97111 10
    endloop
  endfacet
  facet normal -0 0 1
    outer loop
      vertex 10.55 -2.375 10
      vertex 11.5 -6 10
      vertex 12.45 -2.375 10
    endloop
  endfacet
  facet normal 0 0 1
    outer loop
      vertex 11.5 -6 10
      vertex 10.55 -2.375 10
      vertex 10.9119 -5.97111 10
    endloop
  endfacet
  facet normal 0 0 1
    outer loop
      vertex 10.9119 -5.97111 10
      vertex 10.55 -2.375 10
      vertex 10.3295 -5.88471 10
    endloop
  endfacet
  facet normal -0.998796 0.049065 0
    outer loop
      vertex 5.5 0 0
      vertex 5.52889 0.588102 10
      vertex 5.52889 0.588102 0
    endloop
  endfacet
  facet normal -0.998796 0.049065 0
    outer loop
      vertex 5.52889 0.588102 10
      vertex 5.5 0 0
      vertex 5.5 0 10
    endloop
  endfacet
  facet normal -0.336884 -0.941546 0
    outer loop
      vertex 9.2039 -5.54328 0
      vertex 9.75829 -5.74164 10
      vertex 9.2039 -5.54328 10
    endloop
  endfacet
  facet normal -0.336884 -0.941546 -0
    outer loop
      vertex 9.75829 -5.74164 10
      vertex 9.2039 -5.54328 0
      vertex 9.75829 -5.74164 0
    endloop
  endfacet
  facet normal 0.671625 -0.740891 0
    outer loop
      vertex 15.3064 -4.63806 0
      vertex 15.7426 -4.24264 10
      vertex 15.3064 -4.63806 10
    endloop
  endfacet
  facet normal 0.671625 -0.740891 0
    outer loop
      vertex 15.7426 -4.24264 10
      vertex 15.3064 -4.63806 0
      vertex 15.7426 -4.24264 0
    endloop
  endfacet
  facet normal 0.426705 0.904391 -0
    outer loop
      vertex 9.12347 -1.58476 0
      vertex 9.10573 -1.57639 8.1
      vertex 9.12347 -1.58476 8.1
    endloop
  endfacet
  facet normal 0.426705 0.904391 0
    outer loop
      vertex 9.10573 -1.57639 8.1
      vertex 9.12347 -1.58476 0
      vertex 9.10573 -1.57639 0
    endloop
  endfacet
  facet normal -0.0489209 0.998803 0
    outer loop
      vertex 13.8196 -1.59903 0
      vertex 13.8 -1.59999 8.1
      vertex 13.8196 -1.59903 8.1
    endloop
  endfacet
  facet normal -0.0489209 0.998803 0
    outer loop
      vertex 13.8 -1.59999 8.1
      vertex 13.8196 -1.59903 0
      vertex 13.8 -1.59999 0
    endloop
  endfacet
  facet normal 0.857448 -0.514571 0
    outer loop
      vertex 9.02362 1.49428 8.1
      vertex 9.03372 1.51111 0
      vertex 9.03372 1.51111 8.1
    endloop
  endfacet
  facet normal 0.857448 -0.514571 0
    outer loop
      vertex 9.03372 1.51111 0
      vertex 9.02362 1.49428 8.1
      vertex 9.02362 1.49428 0
    endloop
  endfacet
  facet normal 0.970143 0.242536 0
    outer loop
      vertex 9.00862 -1.45805 8.1
      vertex 9.00386 -1.43901 0
      vertex 9.00386 -1.43901 8.1
    endloop
  endfacet
  facet normal 0.970143 0.242536 0
    outer loop
      vertex 9.00386 -1.43901 0
      vertex 9.00862 -1.45805 8.1
      vertex 9.00862 -1.45805 0
    endloop
  endfacet
  facet normal 0.0488961 -0.998804 0
    outer loop
      vertex 9.1804 1.59903 0
      vertex 9.20001 1.59999 8.1
      vertex 9.1804 1.59903 8.1
    endloop
  endfacet
  facet normal 0.0488961 -0.998804 0
    outer loop
      vertex 9.20001 1.59999 8.1
      vertex 9.1804 1.59903 0
      vertex 9.20001 1.59999 0
    endloop
  endfacet
  facet normal -0.0489209 -0.998803 0
    outer loop
      vertex 13.8 1.59999 0
      vertex 13.8196 1.59903 8.1
      vertex 13.8 1.59999 8.1
    endloop
  endfacet
  facet normal -0.0489209 -0.998803 -0
    outer loop
      vertex 13.8196 1.59903 8.1
      vertex 13.8 1.59999 0
      vertex 13.8196 1.59903 0
    endloop
  endfacet
  facet normal 1 -0 0
    outer loop
      vertex 9.00002 -1.39999 8.1
      vertex 9.00002 1.39999 0
      vertex 9.00002 1.39999 8.1
    endloop
  endfacet
  facet normal 1 0 0
    outer loop
      vertex 9.00002 1.39999 0
      vertex 9.00002 -1.39999 8.1
      vertex 9.00002 -1.39999 0
    endloop
  endfacet
  facet normal -0.594448 0.804134 0
    outer loop
      vertex 13.9269 -1.5546 0
      vertex 13.9111 -1.56628 8.1
      vertex 13.9269 -1.5546 8.1
    endloop
  endfacet
  facet normal -0.594448 0.804134 0
    outer loop
      vertex 13.9111 -1.56628 8.1
      vertex 13.9269 -1.5546 0
      vertex 13.9111 -1.56628 0
    endloop
  endfacet
  facet normal 0.146844 -0.98916 0
    outer loop
      vertex 9.161 1.59615 0
      vertex 9.1804 1.59903 8.1
      vertex 9.161 1.59615 8.1
    endloop
  endfacet
  facet normal 0.146844 -0.98916 0
    outer loop
      vertex 9.1804 1.59903 8.1
      vertex 9.161 1.59615 0
      vertex 9.1804 1.59903 0
    endloop
  endfacet
  facet normal 0.595423 -0.803413 0
    outer loop
      vertex 9.07314 1.5546 0
      vertex 9.0889 1.56628 8.1
      vertex 9.07314 1.5546 8.1
    endloop
  endfacet
  facet normal 0.595423 -0.803413 0
    outer loop
      vertex 9.0889 1.56628 8.1
      vertex 9.07314 1.5546 0
      vertex 9.0889 1.56628 0
    endloop
  endfacet
  facet normal 0.998804 0.0488961 0
    outer loop
      vertex 9.00098 -1.4196 8.1
      vertex 9.00002 -1.39999 0
      vertex 9.00002 -1.39999 8.1
    endloop
  endfacet
  facet normal 0.998804 0.0488961 0
    outer loop
      vertex 9.00002 -1.39999 0
      vertex 9.00098 -1.4196 8.1
      vertex 9.00098 -1.4196 0
    endloop
  endfacet
  facet normal -0.146844 -0.98916 0
    outer loop
      vertex 13.8196 1.59903 0
      vertex 13.839 1.59615 8.1
      vertex 13.8196 1.59903 8.1
    endloop
  endfacet
  facet normal -0.146844 -0.98916 -0
    outer loop
      vertex 13.839 1.59615 8.1
      vertex 13.8196 1.59903 0
      vertex 13.839 1.59615 0
    endloop
  endfacet
  facet normal 0.671633 0.740884 -0
    outer loop
      vertex 9.07314 -1.5546 0
      vertex 9.05859 -1.54141 8.1
      vertex 9.07314 -1.5546 8.1
    endloop
  endfacet
  facet normal 0.671633 0.740884 0
    outer loop
      vertex 9.05859 -1.54141 8.1
      vertex 9.07314 -1.5546 0
      vertex 9.05859 -1.54141 0
    endloop
  endfacet
  facet normal 0 1 -0
    outer loop
      vertex 13.8 -1.59999 0
      vertex 9.20001 -1.59999 8.1
      vertex 13.8 -1.59999 8.1
    endloop
  endfacet
  facet normal 0 1 0
    outer loop
      vertex 9.20001 -1.59999 8.1
      vertex 13.8 -1.59999 0
      vertex 9.20001 -1.59999 0
    endloop
  endfacet
  facet normal -0.336917 -0.941534 0
    outer loop
      vertex 13.858 1.59138 0
      vertex 13.8765 1.58476 8.1
      vertex 13.858 1.59138 8.1
    endloop
  endfacet
  facet normal -0.336917 -0.941534 -0
    outer loop
      vertex 13.8765 1.58476 8.1
      vertex 13.858 1.59138 0
      vertex 13.8765 1.58476 0
    endloop
  endfacet
  facet normal 0.671633 -0.740884 0
    outer loop
      vertex 9.05859 1.54141 0
      vertex 9.07314 1.5546 8.1
      vertex 9.05859 1.54141 8.1
    endloop
  endfacet
  facet normal 0.671633 -0.740884 0
    outer loop
      vertex 9.07314 1.5546 8.1
      vertex 9.05859 1.54141 0
      vertex 9.07314 1.5546 0
    endloop
  endfacet
  facet normal 0.146844 0.98916 -0
    outer loop
      vertex 9.1804 -1.59903 0
      vertex 9.161 -1.59615 8.1
      vertex 9.1804 -1.59903 8.1
    endloop
  endfacet
  facet normal 0.146844 0.98916 0
    outer loop
      vertex 9.161 -1.59615 8.1
      vertex 9.1804 -1.59903 0
      vertex 9.161 -1.59615 0
    endloop
  endfacet
  facet normal -0.740401 -0.672166 0
    outer loop
      vertex 13.9546 1.52687 0
      vertex 13.9414 1.54141 8.1
      vertex 13.9414 1.54141 0
    endloop
  endfacet
  facet normal -0.740401 -0.672166 0
    outer loop
      vertex 13.9414 1.54141 8.1
      vertex 13.9546 1.52687 0
      vertex 13.9546 1.52687 8.1
    endloop
  endfacet
  facet normal 0 -1 0
    outer loop
      vertex 9.20001 1.59999 0
      vertex 13.8 1.59999 8.1
      vertex 9.20001 1.59999 8.1
    endloop
  endfacet
  facet normal 0 -1 -0
    outer loop
      vertex 13.8 1.59999 8.1
      vertex 9.20001 1.59999 0
      vertex 13.8 1.59999 0
    endloop
  endfacet
  facet normal -1 0 0
    outer loop
      vertex 14 -1.39999 0
      vertex 14 1.39999 8.1
      vertex 14 1.39999 0
    endloop
  endfacet
  facet normal -1 -0 0
    outer loop
      vertex 14 1.39999 8.1
      vertex 14 -1.39999 0
      vertex 14 -1.39999 8.1
    endloop
  endfacet
  facet normal 0.0488961 0.998804 -0
    outer loop
      vertex 9.20001 -1.59999 0
      vertex 9.1804 -1.59903 8.1
      vertex 9.20001 -1.59999 8.1
    endloop
  endfacet
  facet normal 0.0488961 0.998804 0
    outer loop
      vertex 9.1804 -1.59903 8.1
      vertex 9.20001 -1.59999 0
      vertex 9.1804 -1.59903 0
    endloop
  endfacet
  facet normal -0.425528 0.904945 0
    outer loop
      vertex 13.8943 -1.57639 0
      vertex 13.8765 -1.58476 8.1
      vertex 13.8943 -1.57639 8.1
    endloop
  endfacet
  facet normal -0.425528 0.904945 0
    outer loop
      vertex 13.8765 -1.58476 8.1
      vertex 13.8943 -1.57639 0
      vertex 13.8765 -1.58476 0
    endloop
  endfacet
  facet normal 0.242895 -0.970053 0
    outer loop
      vertex 9.14195 1.59138 0
      vertex 9.161 1.59615 8.1
      vertex 9.14195 1.59138 8.1
    endloop
  endfacet
  facet normal 0.242895 -0.970053 0
    outer loop
      vertex 9.161 1.59615 8.1
      vertex 9.14195 1.59138 0
      vertex 9.161 1.59615 0
    endloop
  endfacet
  facet normal 0.595423 0.803413 -0
    outer loop
      vertex 9.0889 -1.56628 0
      vertex 9.07314 -1.5546 8.1
      vertex 9.0889 -1.56628 8.1
    endloop
  endfacet
  facet normal 0.595423 0.803413 0
    outer loop
      vertex 9.07314 -1.5546 8.1
      vertex 9.0889 -1.56628 0
      vertex 9.07314 -1.5546 0
    endloop
  endfacet
  facet normal 0.941419 0.33724 0
    outer loop
      vertex 9.01524 -1.47653 8.1
      vertex 9.00862 -1.45805 0
      vertex 9.00862 -1.45805 8.1
    endloop
  endfacet
  facet normal 0.941419 0.33724 0
    outer loop
      vertex 9.00862 -1.45805 0
      vertex 9.01524 -1.47653 8.1
      vertex 9.01524 -1.47653 0
    endloop
  endfacet
  facet normal -0.941742 0.336336 0
    outer loop
      vertex 13.9848 -1.47653 0
      vertex 13.9914 -1.45805 8.1
      vertex 13.9914 -1.45805 0
    endloop
  endfacet
  facet normal -0.941742 0.336336 0
    outer loop
      vertex 13.9914 -1.45805 8.1
      vertex 13.9848 -1.47653 0
      vertex 13.9848 -1.47653 8.1
    endloop
  endfacet
  facet normal 0.514945 -0.857223 0
    outer loop
      vertex 9.0889 1.56628 0
      vertex 9.10573 1.57639 8.1
      vertex 9.0889 1.56628 8.1
    endloop
  endfacet
  facet normal 0.514945 -0.857223 0
    outer loop
      vertex 9.10573 1.57639 8.1
      vertex 9.0889 1.56628 0
      vertex 9.10573 1.57639 0
    endloop
  endfacet
  facet normal 0.989171 0.14677 0
    outer loop
      vertex 9.00386 -1.43901 8.1
      vertex 9.00098 -1.4196 0
      vertex 9.00098 -1.4196 8.1
    endloop
  endfacet
  facet normal 0.989171 0.14677 0
    outer loop
      vertex 9.00098 -1.4196 0
      vertex 9.00386 -1.43901 8.1
      vertex 9.00386 -1.43901 0
    endloop
  endfacet
  facet normal -0.857448 -0.514571 0
    outer loop
      vertex 13.9764 1.49428 0
      vertex 13.9663 1.51111 8.1
      vertex 13.9663 1.51111 0
    endloop
  endfacet
  facet normal -0.857448 -0.514571 0
    outer loop
      vertex 13.9663 1.51111 8.1
      vertex 13.9764 1.49428 0
      vertex 13.9764 1.49428 8.1
    endloop
  endfacet
  facet normal 0.970143 -0.242536 0
    outer loop
      vertex 9.00386 1.43901 8.1
      vertex 9.00862 1.45805 0
      vertex 9.00862 1.45805 8.1
    endloop
  endfacet
  facet normal 0.970143 -0.242536 0
    outer loop
      vertex 9.00862 1.45805 0
      vertex 9.00386 1.43901 8.1
      vertex 9.00386 1.43901 0
    endloop
  endfacet
  facet normal -0.51562 -0.856817 0
    outer loop
      vertex 13.8943 1.57639 0
      vertex 13.9111 1.56628 8.1
      vertex 13.8943 1.57639 8.1
    endloop
  endfacet
  facet normal -0.51562 -0.856817 -0
    outer loop
      vertex 13.9111 1.56628 8.1
      vertex 13.8943 1.57639 0
      vertex 13.9111 1.56628 0
    endloop
  endfacet
  facet normal 0.998804 -0.0488961 0
    outer loop
      vertex 9.00002 1.39999 8.1
      vertex 9.00098 1.4196 0
      vertex 9.00098 1.4196 8.1
    endloop
  endfacet
  facet normal 0.998804 -0.0488961 0
    outer loop
      vertex 9.00098 1.4196 0
      vertex 9.00002 1.39999 8.1
      vertex 9.00002 1.39999 0
    endloop
  endfacet
  facet normal 0.242895 0.970053 -0
    outer loop
      vertex 9.161 -1.59615 0
      vertex 9.14195 -1.59138 8.1
      vertex 9.161 -1.59615 8.1
    endloop
  endfacet
  facet normal 0.242895 0.970053 0
    outer loop
      vertex 9.14195 -1.59138 8.1
      vertex 9.161 -1.59615 0
      vertex 9.14195 -1.59138 0
    endloop
  endfacet
  facet normal 0.989171 -0.14677 0
    outer loop
      vertex 9.00098 1.4196 8.1
      vertex 9.00386 1.43901 0
      vertex 9.00386 1.43901 8.1
    endloop
  endfacet
  facet normal 0.989171 -0.14677 0
    outer loop
      vertex 9.00386 1.43901 0
      vertex 9.00098 1.4196 8.1
      vertex 9.00098 1.4196 0
    endloop
  endfacet
  facet normal 0.803169 -0.595751 0
    outer loop
      vertex 9.03372 1.51111 8.1
      vertex 9.04541 1.52687 0
      vertex 9.04541 1.52687 8.1
    endloop
  endfacet
  facet normal 0.803169 -0.595751 0
    outer loop
      vertex 9.04541 1.52687 0
      vertex 9.03372 1.51111 8.1
      vertex 9.03372 1.51111 0
    endloop
  endfacet
  facet normal 0.514945 0.857223 -0
    outer loop
      vertex 9.10573 -1.57639 0
      vertex 9.0889 -1.56628 8.1
      vertex 9.10573 -1.57639 8.1
    endloop
  endfacet
  facet normal 0.514945 0.857223 0
    outer loop
      vertex 9.0889 -1.56628 8.1
      vertex 9.10573 -1.57639 0
      vertex 9.0889 -1.56628 0
    endloop
  endfacet
  facet normal 0.941419 -0.33724 0
    outer loop
      vertex 9.00862 1.45805 8.1
      vertex 9.01524 1.47653 0
      vertex 9.01524 1.47653 8.1
    endloop
  endfacet
  facet normal 0.941419 -0.33724 0
    outer loop
      vertex 9.01524 1.47653 0
      vertex 9.00862 1.45805 8.1
      vertex 9.00862 1.45805 0
    endloop
  endfacet
  facet normal -0.594448 -0.804134 0
    outer loop
      vertex 13.9111 1.56628 0
      vertex 13.9269 1.5546 8.1
      vertex 13.9111 1.56628 8.1
    endloop
  endfacet
  facet normal -0.594448 -0.804134 -0
    outer loop
      vertex 13.9269 1.5546 8.1
      vertex 13.9111 1.56628 0
      vertex 13.9269 1.5546 0
    endloop
  endfacet
  facet normal 0.33724 0.941419 -0
    outer loop
      vertex 9.14195 -1.59138 0
      vertex 9.12347 -1.58476 8.1
      vertex 9.14195 -1.59138 8.1
    endloop
  endfacet
  facet normal 0.33724 0.941419 0
    outer loop
      vertex 9.12347 -1.58476 8.1
      vertex 9.14195 -1.59138 0
      vertex 9.12347 -1.58476 0
    endloop
  endfacet
  facet normal 0.803169 0.595751 0
    outer loop
      vertex 9.04541 -1.52687 8.1
      vertex 9.03372 -1.51111 0
      vertex 9.03372 -1.51111 8.1
    endloop
  endfacet
  facet normal 0.803169 0.595751 0
    outer loop
      vertex 9.03372 -1.51111 0
      vertex 9.04541 -1.52687 8.1
      vertex 9.04541 -1.52687 0
    endloop
  endfacet
  facet normal -0.425528 -0.904945 0
    outer loop
      vertex 13.8765 1.58476 0
      vertex 13.8943 1.57639 8.1
      vertex 13.8765 1.58476 8.1
    endloop
  endfacet
  facet normal -0.425528 -0.904945 -0
    outer loop
      vertex 13.8943 1.57639 8.1
      vertex 13.8765 1.58476 0
      vertex 13.8943 1.57639 0
    endloop
  endfacet
  facet normal 0.740908 -0.671607 0
    outer loop
      vertex 9.04541 1.52687 8.1
      vertex 9.05859 1.54141 0
      vertex 9.05859 1.54141 8.1
    endloop
  endfacet
  facet normal 0.740908 -0.671607 0
    outer loop
      vertex 9.05859 1.54141 0
      vertex 9.04541 1.52687 8.1
      vertex 9.04541 1.52687 0
    endloop
  endfacet
  facet normal -0.243496 0.969902 0
    outer loop
      vertex 13.858 -1.59138 0
      vertex 13.839 -1.59615 8.1
      vertex 13.858 -1.59138 8.1
    endloop
  endfacet
  facet normal -0.243496 0.969902 0
    outer loop
      vertex 13.839 -1.59615 8.1
      vertex 13.858 -1.59138 0
      vertex 13.839 -1.59615 0
    endloop
  endfacet
  facet normal -0.998702 0.0509282 0
    outer loop
      vertex 13.999 -1.4196 0
      vertex 14 -1.39999 8.1
      vertex 14 -1.39999 0
    endloop
  endfacet
  facet normal -0.998702 0.0509282 0
    outer loop
      vertex 14 -1.39999 8.1
      vertex 13.999 -1.4196 0
      vertex 13.999 -1.4196 8.1
    endloop
  endfacet
  facet normal 0.426705 -0.904391 0
    outer loop
      vertex 9.10573 1.57639 0
      vertex 9.12347 1.58476 8.1
      vertex 9.10573 1.57639 8.1
    endloop
  endfacet
  facet normal 0.426705 -0.904391 0
    outer loop
      vertex 9.12347 1.58476 8.1
      vertex 9.10573 1.57639 0
      vertex 9.12347 1.58476 0
    endloop
  endfacet
  facet normal -0.802925 -0.59608 0
    outer loop
      vertex 13.9663 1.51111 0
      vertex 13.9546 1.52687 8.1
      vertex 13.9546 1.52687 0
    endloop
  endfacet
  facet normal -0.802925 -0.59608 0
    outer loop
      vertex 13.9546 1.52687 8.1
      vertex 13.9663 1.51111 0
      vertex 13.9663 1.51111 8.1
    endloop
  endfacet
  facet normal -0.989022 -0.147767 0
    outer loop
      vertex 13.999 1.4196 0
      vertex 13.9961 1.43901 8.1
      vertex 13.9961 1.43901 0
    endloop
  endfacet
  facet normal -0.989022 -0.147767 0
    outer loop
      vertex 13.9961 1.43901 8.1
      vertex 13.999 1.4196 0
      vertex 13.999 1.4196 8.1
    endloop
  endfacet
  facet normal 0.33724 -0.941419 0
    outer loop
      vertex 9.12347 1.58476 0
      vertex 9.14195 1.59138 8.1
      vertex 9.12347 1.58476 8.1
    endloop
  endfacet
  facet normal 0.33724 -0.941419 0
    outer loop
      vertex 9.14195 1.59138 8.1
      vertex 9.12347 1.58476 0
      vertex 9.14195 1.59138 0
    endloop
  endfacet
  facet normal 0.740908 0.671607 0
    outer loop
      vertex 9.05859 -1.54141 8.1
      vertex 9.04541 -1.52687 0
      vertex 9.04541 -1.52687 8.1
    endloop
  endfacet
  facet normal 0.740908 0.671607 0
    outer loop
      vertex 9.04541 -1.52687 0
      vertex 9.05859 -1.54141 8.1
      vertex 9.05859 -1.54141 0
    endloop
  endfacet
  facet normal -0.243496 -0.969902 0
    outer loop
      vertex 13.839 1.59615 0
      vertex 13.858 1.59138 8.1
      vertex 13.839 1.59615 8.1
    endloop
  endfacet
  facet normal -0.243496 -0.969902 -0
    outer loop
      vertex 13.858 1.59138 8.1
      vertex 13.839 1.59615 0
      vertex 13.858 1.59138 0
    endloop
  endfacet
  facet normal -0.146844 0.98916 0
    outer loop
      vertex 13.839 -1.59615 0
      vertex 13.8196 -1.59903 8.1
      vertex 13.839 -1.59615 8.1
    endloop
  endfacet
  facet normal -0.146844 0.98916 0
    outer loop
      vertex 13.8196 -1.59903 8.1
      vertex 13.839 -1.59615 0
      vertex 13.8196 -1.59903 0
    endloop
  endfacet
  facet normal -0.941742 -0.336336 0
    outer loop
      vertex 13.9914 1.45805 0
      vertex 13.9848 1.47653 8.1
      vertex 13.9848 1.47653 0
    endloop
  endfacet
  facet normal -0.941742 -0.336336 0
    outer loop
      vertex 13.9848 1.47653 8.1
      vertex 13.9914 1.45805 0
      vertex 13.9914 1.45805 8.1
    endloop
  endfacet
  facet normal 0.904287 -0.426925 0
    outer loop
      vertex 9.01524 1.47653 8.1
      vertex 9.02362 1.49428 0
      vertex 9.02362 1.49428 8.1
    endloop
  endfacet
  facet normal 0.904287 -0.426925 0
    outer loop
      vertex 9.02362 1.49428 0
      vertex 9.01524 1.47653 8.1
      vertex 9.01524 1.47653 0
    endloop
  endfacet
  facet normal 0.904287 0.426925 0
    outer loop
      vertex 9.02362 -1.49428 8.1
      vertex 9.01524 -1.47653 0
      vertex 9.01524 -1.47653 8.1
    endloop
  endfacet
  facet normal 0.904287 0.426925 0
    outer loop
      vertex 9.01524 -1.47653 0
      vertex 9.02362 -1.49428 8.1
      vertex 9.02362 -1.49428 0
    endloop
  endfacet
  facet normal 0.857448 0.514571 0
    outer loop
      vertex 9.03372 -1.51111 8.1
      vertex 9.02362 -1.49428 0
      vertex 9.02362 -1.49428 8.1
    endloop
  endfacet
  facet normal 0.857448 0.514571 0
    outer loop
      vertex 9.02362 -1.49428 0
      vertex 9.03372 -1.51111 8.1
      vertex 9.03372 -1.51111 0
    endloop
  endfacet
  facet normal -0.336917 0.941534 0
    outer loop
      vertex 13.8765 -1.58476 0
      vertex 13.858 -1.59138 8.1
      vertex 13.8765 -1.58476 8.1
    endloop
  endfacet
  facet normal -0.336917 0.941534 0
    outer loop
      vertex 13.858 -1.59138 8.1
      vertex 13.8765 -1.58476 0
      vertex 13.858 -1.59138 0
    endloop
  endfacet
  facet normal -0.802925 0.59608 0
    outer loop
      vertex 13.9546 -1.52687 0
      vertex 13.9663 -1.51111 8.1
      vertex 13.9663 -1.51111 0
    endloop
  endfacet
  facet normal -0.802925 0.59608 0
    outer loop
      vertex 13.9663 -1.51111 8.1
      vertex 13.9546 -1.52687 0
      vertex 13.9546 -1.52687 8.1
    endloop
  endfacet
  facet normal -0.672901 0.739732 0
    outer loop
      vertex 13.9414 -1.54141 0
      vertex 13.9269 -1.5546 8.1
      vertex 13.9414 -1.54141 8.1
    endloop
  endfacet
  facet normal -0.672901 0.739732 0
    outer loop
      vertex 13.9269 -1.5546 8.1
      vertex 13.9414 -1.54141 0
      vertex 13.9269 -1.5546 0
    endloop
  endfacet
  facet normal -0.903893 -0.427758 0
    outer loop
      vertex 13.9848 1.47653 0
      vertex 13.9764 1.49428 8.1
      vertex 13.9764 1.49428 0
    endloop
  endfacet
  facet normal -0.903893 -0.427758 0
    outer loop
      vertex 13.9764 1.49428 8.1
      vertex 13.9848 1.47653 0
      vertex 13.9848 1.47653 8.1
    endloop
  endfacet
  facet normal -0.998702 -0.0509282 0
    outer loop
      vertex 14 1.39999 0
      vertex 13.999 1.4196 8.1
      vertex 13.999 1.4196 0
    endloop
  endfacet
  facet normal -0.998702 -0.0509282 0
    outer loop
      vertex 13.999 1.4196 8.1
      vertex 14 1.39999 0
      vertex 14 1.39999 8.1
    endloop
  endfacet
  facet normal -0.857448 0.514571 0
    outer loop
      vertex 13.9663 -1.51111 0
      vertex 13.9764 -1.49428 8.1
      vertex 13.9764 -1.49428 0
    endloop
  endfacet
  facet normal -0.857448 0.514571 0
    outer loop
      vertex 13.9764 -1.49428 8.1
      vertex 13.9663 -1.51111 0
      vertex 13.9663 -1.51111 8.1
    endloop
  endfacet
  facet normal -0.51562 0.856817 0
    outer loop
      vertex 13.9111 -1.56628 0
      vertex 13.8943 -1.57639 8.1
      vertex 13.9111 -1.56628 8.1
    endloop
  endfacet
  facet normal -0.51562 0.856817 0
    outer loop
      vertex 13.8943 -1.57639 8.1
      vertex 13.9111 -1.56628 0
      vertex 13.8943 -1.57639 0
    endloop
  endfacet
  facet normal -0.970858 0.239655 0
    outer loop
      vertex 13.9914 -1.45805 0
      vertex 13.9961 -1.43901 8.1
      vertex 13.9961 -1.43901 0
    endloop
  endfacet
  facet normal -0.970858 0.239655 0
    outer loop
      vertex 13.9961 -1.43901 8.1
      vertex 13.9914 -1.45805 0
      vertex 13.9914 -1.45805 8.1
    endloop
  endfacet
  facet normal -0.989022 0.147767 0
    outer loop
      vertex 13.9961 -1.43901 0
      vertex 13.999 -1.4196 8.1
      vertex 13.999 -1.4196 0
    endloop
  endfacet
  facet normal -0.989022 0.147767 0
    outer loop
      vertex 13.999 -1.4196 8.1
      vertex 13.9961 -1.43901 0
      vertex 13.9961 -1.43901 8.1
    endloop
  endfacet
  facet normal 0 0 -1
    outer loop
      vertex 13.8 -1.59999 8.1
      vertex 14 -1.39999 8.1
      vertex 13.999 -1.4196 8.1
    endloop
  endfacet
  facet normal -0 0 -1
    outer loop
      vertex 14 -1.39999 8.1
      vertex 13.8 -1.59999 8.1
      vertex 14 1.39999 8.1
    endloop
  endfacet
  facet normal 0 0 -1
    outer loop
      vertex 13.8 -1.59999 8.1
      vertex 13.999 -1.4196 8.1
      vertex 13.9961 -1.43901 8.1
    endloop
  endfacet
  facet normal 0 0 -1
    outer loop
      vertex 13.8 1.59999 8.1
      vertex 14 1.39999 8.1
      vertex 13.8 -1.59999 8.1
    endloop
  endfacet
  facet normal 0 0 -1
    outer loop
      vertex 13.8 -1.59999 8.1
      vertex 13.9961 -1.43901 8.1
      vertex 13.9914 -1.45805 8.1
    endloop
  endfacet
  facet normal 0 0 -1
    outer loop
      vertex 14 1.39999 8.1
      vertex 13.8 1.59999 8.1
      vertex 13.999 1.4196 8.1
    endloop
  endfacet
  facet normal 0 0 -1
    outer loop
      vertex 13.8 -1.59999 8.1
      vertex 13.9914 -1.45805 8.1
      vertex 13.9848 -1.47653 8.1
    endloop
  endfacet
  facet normal 0 0 -1
    outer loop
      vertex 13.999 1.4196 8.1
      vertex 13.8 1.59999 8.1
      vertex 13.9961 1.43901 8.1
    endloop
  endfacet
  facet normal 0 0 -1
    outer loop
      vertex 13.8 -1.59999 8.1
      vertex 13.9848 -1.47653 8.1
      vertex 13.9764 -1.49428 8.1
    endloop
  endfacet
  facet normal 0 0 -1
    outer loop
      vertex 13.9961 1.43901 8.1
      vertex 13.8 1.59999 8.1
      vertex 13.9914 1.45805 8.1
    endloop
  endfacet
  facet normal 0 0 -1
    outer loop
      vertex 13.8 -1.59999 8.1
      vertex 13.9764 -1.49428 8.1
      vertex 13.9663 -1.51111 8.1
    endloop
  endfacet
  facet normal 0 0 -1
    outer loop
      vertex 13.9914 1.45805 8.1
      vertex 13.8 1.59999 8.1
      vertex 13.9848 1.47653 8.1
    endloop
  endfacet
  facet normal 0 0 -1
    outer loop
      vertex 13.8 -1.59999 8.1
      vertex 13.9663 -1.51111 8.1
      vertex 13.9546 -1.52687 8.1
    endloop
  endfacet
  facet normal 0 0 -1
    outer loop
      vertex 13.9848 1.47653 8.1
      vertex 13.8 1.59999 8.1
      vertex 13.9764 1.49428 8.1
    endloop
  endfacet
  facet normal 0 0 -1
    outer loop
      vertex 13.8 -1.59999 8.1
      vertex 13.9546 -1.52687 8.1
      vertex 13.9414 -1.54141 8.1
    endloop
  endfacet
  facet normal 0 0 -1
    outer loop
      vertex 13.9764 1.49428 8.1
      vertex 13.8 1.59999 8.1
      vertex 13.9663 1.51111 8.1
    endloop
  endfacet
  facet normal 0 0 -1
    outer loop
      vertex 13.8 -1.59999 8.1
      vertex 13.9414 -1.54141 8.1
      vertex 13.9269 -1.5546 8.1
    endloop
  endfacet
  facet normal 0 0 -1
    outer loop
      vertex 13.9663 1.51111 8.1
      vertex 13.8 1.59999 8.1
      vertex 13.9546 1.52687 8.1
    endloop
  endfacet
  facet normal 0 0 -1
    outer loop
      vertex 13.8 -1.59999 8.1
      vertex 13.9269 -1.5546 8.1
      vertex 13.9111 -1.56628 8.1
    endloop
  endfacet
  facet normal 0 0 -1
    outer loop
      vertex 13.9546 1.52687 8.1
      vertex 13.8 1.59999 8.1
      vertex 13.9414 1.54141 8.1
    endloop
  endfacet
  facet normal 0 0 -1
    outer loop
      vertex 13.8 -1.59999 8.1
      vertex 13.9111 -1.56628 8.1
      vertex 13.8943 -1.57639 8.1
    endloop
  endfacet
  facet normal 0 0 -1
    outer loop
      vertex 13.9414 1.54141 8.1
      vertex 13.8 1.59999 8.1
      vertex 13.9269 1.5546 8.1
    endloop
  endfacet
  facet normal 0 0 -1
    outer loop
      vertex 13.8 -1.59999 8.1
      vertex 13.8943 -1.57639 8.1
      vertex 13.8765 -1.58476 8.1
    endloop
  endfacet
  facet normal 0 0 -1
    outer loop
      vertex 13.9269 1.5546 8.1
      vertex 13.8 1.59999 8.1
      vertex 13.9111 1.56628 8.1
    endloop
  endfacet
  facet normal 0 0 -1
    outer loop
      vertex 13.8 -1.59999 8.1
      vertex 13.8765 -1.58476 8.1
      vertex 13.858 -1.59138 8.1
    endloop
  endfacet
  facet normal 0 0 -1
    outer loop
      vertex 13.9111 1.56628 8.1
      vertex 13.8 1.59999 8.1
      vertex 13.8943 1.57639 8.1
    endloop
  endfacet
  facet normal 0 0 -1
    outer loop
      vertex 13.8 -1.59999 8.1
      vertex 13.858 -1.59138 8.1
      vertex 13.839 -1.59615 8.1
    endloop
  endfacet
  facet normal 0 0 -1
    outer loop
      vertex 13.8943 1.57639 8.1
      vertex 13.8 1.59999 8.1
      vertex 13.8765 1.58476 8.1
    endloop
  endfacet
  facet normal 0 0 -1
    outer loop
      vertex 13.8 -1.59999 8.1
      vertex 13.839 -1.59615 8.1
      vertex 13.8196 -1.59903 8.1
    endloop
  endfacet
  facet normal 0 0 -1
    outer loop
      vertex 13.8765 1.58476 8.1
      vertex 13.8 1.59999 8.1
      vertex 13.858 1.59138 8.1
    endloop
  endfacet
  facet normal 0 0 -1
    outer loop
      vertex 13.858 1.59138 8.1
      vertex 13.8 1.59999 8.1
      vertex 13.839 1.59615 8.1
    endloop
  endfacet
  facet normal 0 0 -1
    outer loop
      vertex 13.839 1.59615 8.1
      vertex 13.8 1.59999 8.1
      vertex 13.8196 1.59903 8.1
    endloop
  endfacet
  facet normal 0 0 -1
    outer loop
      vertex 9.20001 -1.59999 8.1
      vertex 13.8 1.59999 8.1
      vertex 13.8 -1.59999 8.1
    endloop
  endfacet
  facet normal 0 0 -1
    outer loop
      vertex 9.20001 -1.59999 8.1
      vertex 9.20001 1.59999 8.1
      vertex 13.8 1.59999 8.1
    endloop
  endfacet
  facet normal 0 0 -1
    outer loop
      vertex 9.00002 -1.39999 8.1
      vertex 9.20001 -1.59999 8.1
      vertex 9.1804 -1.59903 8.1
    endloop
  endfacet
  facet normal 0 0 -1
    outer loop
      vertex 9.20001 -1.59999 8.1
      vertex 9.00002 -1.39999 8.1
      vertex 9.20001 1.59999 8.1
    endloop
  endfacet
  facet normal 0 0 -1
    outer loop
      vertex 9.00002 -1.39999 8.1
      vertex 9.1804 -1.59903 8.1
      vertex 9.161 -1.59615 8.1
    endloop
  endfacet
  facet normal 0 0 -1
    outer loop
      vertex 9.00002 1.39999 8.1
      vertex 9.20001 1.59999 8.1
      vertex 9.00002 -1.39999 8.1
    endloop
  endfacet
  facet normal 0 0 -1
    outer loop
      vertex 9.00002 -1.39999 8.1
      vertex 9.161 -1.59615 8.1
      vertex 9.14195 -1.59138 8.1
    endloop
  endfacet
  facet normal 0 0 -1
    outer loop
      vertex 9.20001 1.59999 8.1
      vertex 9.00002 1.39999 8.1
      vertex 9.1804 1.59903 8.1
    endloop
  endfacet
  facet normal 0 0 -1
    outer loop
      vertex 9.00002 -1.39999 8.1
      vertex 9.14195 -1.59138 8.1
      vertex 9.12347 -1.58476 8.1
    endloop
  endfacet
  facet normal 0 0 -1
    outer loop
      vertex 9.1804 1.59903 8.1
      vertex 9.00002 1.39999 8.1
      vertex 9.161 1.59615 8.1
    endloop
  endfacet
  facet normal 0 0 -1
    outer loop
      vertex 9.00002 -1.39999 8.1
      vertex 9.12347 -1.58476 8.1
      vertex 9.10573 -1.57639 8.1
    endloop
  endfacet
  facet normal 0 0 -1
    outer loop
      vertex 9.161 1.59615 8.1
      vertex 9.00002 1.39999 8.1
      vertex 9.14195 1.59138 8.1
    endloop
  endfacet
  facet normal 0 0 -1
    outer loop
      vertex 9.00002 -1.39999 8.1
      vertex 9.10573 -1.57639 8.1
      vertex 9.0889 -1.56628 8.1
    endloop
  endfacet
  facet normal 0 0 -1
    outer loop
      vertex 9.14195 1.59138 8.1
      vertex 9.00002 1.39999 8.1
      vertex 9.12347 1.58476 8.1
    endloop
  endfacet
  facet normal 0 0 -1
    outer loop
      vertex 9.00002 -1.39999 8.1
      vertex 9.0889 -1.56628 8.1
      vertex 9.07314 -1.5546 8.1
    endloop
  endfacet
  facet normal 0 0 -1
    outer loop
      vertex 9.12347 1.58476 8.1
      vertex 9.00002 1.39999 8.1
      vertex 9.10573 1.57639 8.1
    endloop
  endfacet
  facet normal 0 0 -1
    outer loop
      vertex 9.00002 -1.39999 8.1
      vertex 9.07314 -1.5546 8.1
      vertex 9.05859 -1.54141 8.1
    endloop
  endfacet
  facet normal 0 0 -1
    outer loop
      vertex 9.10573 1.57639 8.1
      vertex 9.00002 1.39999 8.1
      vertex 9.0889 1.56628 8.1
    endloop
  endfacet
  facet normal 0 0 -1
    outer loop
      vertex 9.00002 -1.39999 8.1
      vertex 9.05859 -1.54141 8.1
      vertex 9.04541 -1.52687 8.1
    endloop
  endfacet
  facet normal 0 0 -1
    outer loop
      vertex 9.0889 1.56628 8.1
      vertex 9.00002 1.39999 8.1
      vertex 9.07314 1.5546 8.1
    endloop
  endfacet
  facet normal 0 0 -1
    outer loop
      vertex 9.00002 -1.39999 8.1
      vertex 9.04541 -1.52687 8.1
      vertex 9.03372 -1.51111 8.1
    endloop
  endfacet
  facet normal 0 0 -1
    outer loop
      vertex 9.07314 1.5546 8.1
      vertex 9.00002 1.39999 8.1
      vertex 9.05859 1.54141 8.1
    endloop
  endfacet
  facet normal 0 0 -1
    outer loop
      vertex 9.00002 -1.39999 8.1
      vertex 9.03372 -1.51111 8.1
      vertex 9.02362 -1.49428 8.1
    endloop
  endfacet
  facet normal 0 0 -1
    outer loop
      vertex 9.05859 1.54141 8.1
      vertex 9.00002 1.39999 8.1
      vertex 9.04541 1.52687 8.1
    endloop
  endfacet
  facet normal 0 0 -1
    outer loop
      vertex 9.00002 -1.39999 8.1
      vertex 9.02362 -1.49428 8.1
      vertex 9.01524 -1.47653 8.1
    endloop
  endfacet
  facet normal 0 0 -1
    outer loop
      vertex 9.04541 1.52687 8.1
      vertex 9.00002 1.39999 8.1
      vertex 9.03372 1.51111 8.1
    endloop
  endfacet
  facet normal 0 0 -1
    outer loop
      vertex 9.00002 -1.39999 8.1
      vertex 9.01524 -1.47653 8.1
      vertex 9.00862 -1.45805 8.1
    endloop
  endfacet
  facet normal 0 0 -1
    outer loop
      vertex 9.03372 1.51111 8.1
      vertex 9.00002 1.39999 8.1
      vertex 9.02362 1.49428 8.1
    endloop
  endfacet
  facet normal 0 0 -1
    outer loop
      vertex 9.00002 -1.39999 8.1
      vertex 9.00862 -1.45805 8.1
      vertex 9.00386 -1.43901 8.1
    endloop
  endfacet
  facet normal 0 0 -1
    outer loop
      vertex 9.02362 1.49428 8.1
      vertex 9.00002 1.39999 8.1
      vertex 9.01524 1.47653 8.1
    endloop
  endfacet
  facet normal 0 0 -1
    outer loop
      vertex 9.00002 -1.39999 8.1
      vertex 9.00386 -1.43901 8.1
      vertex 9.00098 -1.4196 8.1
    endloop
  endfacet
  facet normal 0 0 -1
    outer loop
      vertex 9.01524 1.47653 8.1
      vertex 9.00002 1.39999 8.1
      vertex 9.00862 1.45805 8.1
    endloop
  endfacet
  facet normal 0 0 -1
    outer loop
      vertex 9.00862 1.45805 8.1
      vertex 9.00002 1.39999 8.1
      vertex 9.00386 1.43901 8.1
    endloop
  endfacet
  facet normal 0 0 -1
    outer loop
      vertex 9.00386 1.43901 8.1
      vertex 9.00002 1.39999 8.1
      vertex 9.00098 1.4196 8.1
    endloop
  endfacet
  facet normal -0.970858 -0.239655 0
    outer loop
      vertex 13.9961 1.43901 0
      vertex 13.9914 1.45805 8.1
      vertex 13.9914 1.45805 0
    endloop
  endfacet
  facet normal -0.970858 -0.239655 0
    outer loop
      vertex 13.9914 1.45805 8.1
      vertex 13.9961 1.43901 0
      vertex 13.9961 1.43901 8.1
    endloop
  endfacet
  facet normal -0.740401 0.672166 0
    outer loop
      vertex 13.9414 -1.54141 0
      vertex 13.9546 -1.52687 8.1
      vertex 13.9546 -1.52687 0
    endloop
  endfacet
  facet normal -0.740401 0.672166 0
    outer loop
      vertex 13.9546 -1.52687 8.1
      vertex 13.9414 -1.54141 0
      vertex 13.9414 -1.54141 8.1
    endloop
  endfacet
  facet normal -0.903893 0.427758 0
    outer loop
      vertex 13.9764 -1.49428 0
      vertex 13.9848 -1.47653 8.1
      vertex 13.9848 -1.47653 0
    endloop
  endfacet
  facet normal -0.903893 0.427758 0
    outer loop
      vertex 13.9848 -1.47653 8.1
      vertex 13.9764 -1.49428 0
      vertex 13.9764 -1.49428 8.1
    endloop
  endfacet
  facet normal -0.672901 -0.739732 0
    outer loop
      vertex 13.9269 1.5546 0
      vertex 13.9414 1.54141 8.1
      vertex 13.9269 1.5546 8.1
    endloop
  endfacet
  facet normal -0.672901 -0.739732 -0
    outer loop
      vertex 13.9414 1.54141 8.1
      vertex 13.9269 1.5546 0
      vertex 13.9414 1.54141 0
    endloop
  endfacet
endsolid OpenSCAD_Model
