solid OpenSCAD_Model
  facet normal 0 0.555573 -0.831468
    outer loop
      vertex -59 -113.133 34.1474
      vertex -67.5226 -109 36.909
      vertex -59 -109 36.909
    endloop
  endfacet
  facet normal -1.88843e-05 0.555546 -0.831486
    outer loop
      vertex -59 -113.133 34.1474
      vertex -69.5361 -113.069 34.1904
      vertex -67.5226 -109 36.909
    endloop
  endfacet
  facet normal 0 0.55769 -0.83005
    outer loop
      vertex -69.5361 -113.069 34.1904
      vertex -59 -113.133 34.1474
      vertex -69.568 -113.133 34.1474
    endloop
  endfacet
  facet normal 0 0.321407 -0.946941
    outer loop
      vertex -67.4381 -103.139 39.5836
      vertex -59 -104.542 39.1074
      vertex -67.1843 -104.542 39.1074
    endloop
  endfacet
  facet normal 6.85736e-06 0.321444 -0.946929
    outer loop
      vertex -59 -104.542 39.1074
      vertex -67.4381 -103.139 39.5836
      vertex -59 -99.8351 40.7052
    endloop
  endfacet
  facet normal -2.43874e-05 0.321515 -0.946904
    outer loop
      vertex -67.6942 -101.723 40.0644
      vertex -59 -99.8351 40.7052
      vertex -67.4381 -103.139 39.5836
    endloop
  endfacet
  facet normal -2.24012e-06 0.321424 -0.946935
    outer loop
      vertex -67.8384 -99.915 40.6781
      vertex -59 -99.8351 40.7052
      vertex -67.6942 -101.723 40.0644
    endloop
  endfacet
  facet normal 0 0.321201 -0.947011
    outer loop
      vertex -59 -99.8351 40.7052
      vertex -67.8384 -99.915 40.6781
      vertex -67.8447 -99.8351 40.7052
    endloop
  endfacet
  facet normal 0 -0.997858 0.0654096
    outer loop
      vertex -87 -52.2622 0
      vertex -84.6 -52 4
      vertex -87 -52 4
    endloop
  endfacet
  facet normal 0 -0.997858 0.0654096
    outer loop
      vertex -84.6 -52 4
      vertex -87 -52.2622 0
      vertex -84.6 -52.2622 0
    endloop
  endfacet
  facet normal 0 0.0655686 -0.997848
    outer loop
      vertex -68.8544 -94.96 41.6749
      vertex -62.4742 -94.8276 41.6836
      vertex -62.3761 -94.96 41.6749
    endloop
  endfacet
  facet normal 3.71103e-06 0.0653905 -0.99786
    outer loop
      vertex -62.4742 -94.8276 41.6836
      vertex -68.8544 -94.96 41.6749
      vertex -62.9252 -94.2187 41.7235
    endloop
  endfacet
  facet normal 1.27447e-05 0.0653186 -0.997864
    outer loop
      vertex -68.8544 -94.96 41.6749
      vertex -63.2952 -93.5495 41.7673
      vertex -62.9252 -94.2187 41.7235
    endloop
  endfacet
  facet normal -1.47991e-05 0.0654267 -0.997857
    outer loop
      vertex -68.8544 -94.96 41.6749
      vertex -63.8729 -92.5049 41.8358
      vertex -63.2952 -93.5495 41.7673
    endloop
  endfacet
  facet normal -2.55895e-05 0.0654485 -0.997856
    outer loop
      vertex -68.9124 -94.7359 41.6896
      vertex -63.8729 -92.5049 41.8358
      vertex -68.8544 -94.96 41.6749
    endloop
  endfacet
  facet normal 7.30435e-07 0.0653893 -0.99786
    outer loop
      vertex -69.2085 -93.5929 41.7645
      vertex -63.8729 -92.5049 41.8358
      vertex -68.9124 -94.7359 41.6896
    endloop
  endfacet
  facet normal -1.25452e-05 0.0654541 -0.997856
    outer loop
      vertex -63.8729 -92.5049 41.8358
      vertex -69.2085 -93.5929 41.7645
      vertex -64.323 -91.3677 41.9104
    endloop
  endfacet
  facet normal 5.95834e-06 0.0654136 -0.997858
    outer loop
      vertex -69.3678 -92.3954 41.843
      vertex -64.323 -91.3677 41.9104
      vertex -69.2085 -93.5929 41.7645
    endloop
  endfacet
  facet normal 8.26454e-06 0.0654024 -0.997859
    outer loop
      vertex -64.323 -91.3677 41.9104
      vertex -69.3678 -92.3954 41.843
      vertex -64.6062 -90.6521 41.9573
    endloop
  endfacet
  facet normal 2.36941e-05 0.0653604 -0.997862
    outer loop
      vertex -69.5103 -91.3236 41.9132
      vertex -64.6062 -90.6521 41.9573
      vertex -69.3678 -92.3954 41.843
    endloop
  endfacet
  facet normal 2.54852e-05 0.0653474 -0.997863
    outer loop
      vertex -64.6062 -90.6521 41.9573
      vertex -69.5103 -91.3236 41.9132
      vertex -64.7744 -90 42
    endloop
  endfacet
  facet normal -4.69645e-07 0.0654398 -0.997857
    outer loop
      vertex -69.5269 -90.09 41.9941
      vertex -64.7744 -90 42
      vertex -69.5103 -91.3236 41.9132
    endloop
  endfacet
  facet normal 0 0.0654151 -0.997858
    outer loop
      vertex -64.7744 -90 42
      vertex -69.5269 -90.09 41.9941
      vertex -69.5281 -90 42
    endloop
  endfacet
  facet normal 0 0.751872 -0.659309
    outer loop
      vertex -62.1668 -118.291 29.2496
      vertex -59 -116.87 30.8701
      vertex -59 -118.291 29.2496
    endloop
  endfacet
  facet normal -0.000218516 0.752084 -0.659068
    outer loop
      vertex -63.7105 -118.425 29.0972
      vertex -59 -116.87 30.8701
      vertex -62.1668 -118.291 29.2496
    endloop
  endfacet
  facet normal -0.000665358 0.752672 -0.658396
    outer loop
      vertex -63.9288 -118.444 29.0757
      vertex -59 -116.87 30.8701
      vertex -63.7105 -118.425 29.0972
    endloop
  endfacet
  facet normal 0 0.751766 -0.65943
    outer loop
      vertex -59 -116.87 30.8701
      vertex -63.9288 -118.444 29.0757
      vertex -73.2653 -116.87 30.8701
    endloop
  endfacet
  facet normal 0.000978646 0.754285 -0.656547
    outer loop
      vertex -64.1711 -118.498 29.0133
      vertex -73.2653 -116.87 30.8701
      vertex -63.9288 -118.444 29.0757
    endloop
  endfacet
  facet normal -6.54278e-05 0.751755 -0.659442
    outer loop
      vertex -65.9305 -118.895 28.5609
      vertex -73.2653 -116.87 30.8701
      vertex -64.1711 -118.498 29.0133
    endloop
  endfacet
  facet normal -0.000703795 0.750749 -0.660587
    outer loop
      vertex -66.1436 -118.967 28.4793
      vertex -73.2653 -116.87 30.8701
      vertex -65.9305 -118.895 28.5609
    endloop
  endfacet
  facet normal -1.46304e-06 0.751787 -0.659406
    outer loop
      vertex -68.1114 -119.628 27.7257
      vertex -73.2653 -116.87 30.8701
      vertex -66.1436 -118.967 28.4793
    endloop
  endfacet
  facet normal 0.000328667 0.752055 -0.6591
    outer loop
      vertex -69.322 -120.147 27.1329
      vertex -73.2653 -116.87 30.8701
      vertex -68.1114 -119.628 27.7257
    endloop
  endfacet
  facet normal -0.000110446 0.751826 -0.659362
    outer loop
      vertex -73.2653 -116.87 30.8701
      vertex -69.322 -120.147 27.1329
      vertex -75.5196 -118.413 29.1111
    endloop
  endfacet
  facet normal 0.000884765 0.753369 -0.657597
    outer loop
      vertex -75.5196 -118.413 29.1111
      vertex -69.322 -120.147 27.1329
      vertex -75.6123 -118.476 29.0388
    endloop
  endfacet
  facet normal -2.30233e-05 0.751886 -0.659293
    outer loop
      vertex -75.6123 -118.476 29.0388
      vertex -69.322 -120.147 27.1329
      vertex -76.4027 -119.08 28.35
    endloop
  endfacet
  facet normal 0 0.751953 -0.659217
    outer loop
      vertex -76.4027 -119.08 28.35
      vertex -69.322 -120.147 27.1329
      vertex -77.1898 -120.147 27.1329
    endloop
  endfacet
  facet normal 0 0.831248 -0.555902
    outer loop
      vertex -70.266 -120.403 26.7501
      vertex -77.1898 -120.147 27.1329
      vertex -69.322 -120.147 27.1329
    endloop
  endfacet
  facet normal -0.00162753 0.817395 -0.576076
    outer loop
      vertex -70.3042 -120.414 26.7346
      vertex -77.1898 -120.147 27.1329
      vertex -70.266 -120.403 26.7501
    endloop
  endfacet
  facet normal -0.00016356 0.829326 -0.558765
    outer loop
      vertex -70.3402 -120.426 26.7168
      vertex -77.1898 -120.147 27.1329
      vertex -70.3042 -120.414 26.7346
    endloop
  endfacet
  facet normal 0.000115748 0.831454 -0.555594
    outer loop
      vertex -71.0815 -120.671 26.35
      vertex -77.1898 -120.147 27.1329
      vertex -70.3402 -120.426 26.7168
    endloop
  endfacet
  facet normal 0.000154552 0.831593 -0.555385
    outer loop
      vertex -72.6942 -121.55 25.0334
      vertex -77.1898 -120.147 27.1329
      vertex -71.0815 -120.671 26.35
    endloop
  endfacet
  facet normal -4.16524e-05 0.831399 -0.555675
    outer loop
      vertex -74.7451 -122.824 23.1274
      vertex -77.1898 -120.147 27.1329
      vertex -72.6942 -121.55 25.0334
    endloop
  endfacet
  facet normal -0.000161847 0.831365 -0.555726
    outer loop
      vertex -77.1898 -120.147 27.1329
      vertex -74.7451 -122.824 23.1274
      vertex -78.5163 -121.275 25.4458
    endloop
  endfacet
  facet normal 0.000290173 0.831705 -0.555218
    outer loop
      vertex -74.8823 -122.909 23
      vertex -78.5163 -121.275 25.4458
      vertex -74.7451 -122.824 23.1274
    endloop
  endfacet
  facet normal -9.96783e-05 0.831438 -0.555618
    outer loop
      vertex -78.5163 -121.275 25.4458
      vertex -74.8823 -122.909 23
      vertex -79.1057 -121.776 24.6962
    endloop
  endfacet
  facet normal -3.14312e-05 0.831516 -0.555501
    outer loop
      vertex -79.1057 -121.776 24.6962
      vertex -74.8823 -122.909 23
      vertex -80.1242 -122.718 23.2862
    endloop
  endfacet
  facet normal 0 0.831782 -0.555103
    outer loop
      vertex -80.1242 -122.718 23.2862
      vertex -74.8823 -122.909 23
      vertex -80.3309 -122.909 23
    endloop
  endfacet
  facet normal 0 -0.997859 -0.065404
    outer loop
      vertex -87 -52 4
      vertex -84.6 -52.3251 8.96
      vertex -87 -52.3251 8.96
    endloop
  endfacet
  facet normal 0 -0.997859 -0.065404
    outer loop
      vertex -84.6 -52.3251 8.96
      vertex -87 -52 4
      vertex -84.6 -52 4
    endloop
  endfacet
  facet normal 0 0.997862 0.0653599
    outer loop
      vertex -84.5254 -127.738 0
      vertex -86.9345 -128 4
      vertex -84.5082 -128 4
    endloop
  endfacet
  facet normal 0 0.997862 0.0653599
    outer loop
      vertex -86.9345 -128 4
      vertex -84.5254 -127.738 0
      vertex -86.9516 -127.738 0
    endloop
  endfacet
  facet normal 0 -0.65933 -0.751853
    outer loop
      vertex -75.0018 -66.8671 34.1474
      vertex -73.4391 -63.1299 30.8701
      vertex -71.1472 -66.8671 34.1474
    endloop
  endfacet
  facet normal -0 -0.65933 -0.751853
    outer loop
      vertex -73.4391 -63.1299 30.8701
      vertex -75.0018 -66.8671 34.1474
      vertex -77.262 -63.1299 30.8701
    endloop
  endfacet
  facet normal 0 0.897159 -0.441708
    outer loop
      vertex -75.2321 -123.044 22.7258
      vertex -80.3309 -122.909 23
      vertex -74.8823 -122.909 23
    endloop
  endfacet
  facet normal -6.86289e-05 0.896652 -0.442735
    outer loop
      vertex -75.8319 -123.309 22.1892
      vertex -80.3309 -122.909 23
      vertex -75.2321 -123.044 22.7258
    endloop
  endfacet
  facet normal 9.22839e-05 0.897007 -0.442017
    outer loop
      vertex -77.3612 -123.983 20.8211
      vertex -80.3309 -122.909 23
      vertex -75.8319 -123.309 22.1892
    endloop
  endfacet
  facet normal -0.00015391 0.896874 -0.442287
    outer loop
      vertex -78.4804 -124.54 19.692
      vertex -80.3309 -122.909 23
      vertex -77.3612 -123.983 20.8211
    endloop
  endfacet
  facet normal -7.28872e-05 0.896892 -0.442251
    outer loop
      vertex -80.3309 -122.909 23
      vertex -78.4804 -124.54 19.692
      vertex -81.7788 -123.792 21.2095
    endloop
  endfacet
  facet normal -8.07577e-05 0.896885 -0.442264
    outer loop
      vertex -79.3989 -124.997 18.7654
      vertex -81.7788 -123.792 21.2095
      vertex -78.4804 -124.54 19.692
    endloop
  endfacet
  facet normal 0.000305974 0.897034 -0.441961
    outer loop
      vertex -79.5964 -125.107 18.542
      vertex -81.7788 -123.792 21.2095
      vertex -79.3989 -124.997 18.7654
    endloop
  endfacet
  facet normal -1.02683e-05 0.896931 -0.44217
    outer loop
      vertex -81.7788 -123.792 21.2095
      vertex -79.5964 -125.107 18.542
      vertex -82.7707 -124.467 19.8403
    endloop
  endfacet
  facet normal 0 0.896941 -0.442149
    outer loop
      vertex -82.7707 -124.467 19.8403
      vertex -79.5964 -125.107 18.542
      vertex -83.7113 -125.107 18.542
    endloop
  endfacet
  facet normal -0 -0.896876 -0.442282
    outer loop
      vertex -81.0617 -54.8926 18.542
      vertex -81.8533 -57.091 23
      vertex -84.2309 -54.8926 18.542
    endloop
  endfacet
  facet normal 0 -0.896876 -0.442282
    outer loop
      vertex -81.8533 -57.091 23
      vertex -81.0617 -54.8926 18.542
      vertex -78.5143 -57.091 23
    endloop
  endfacet
  facet normal -6.95419e-06 -0.751852 -0.659332
    outer loop
      vertex -76.0525 -59.8526 27.1329
      vertex -77.262 -63.1299 30.8701
      vertex -79 -60.9199 28.35
    endloop
  endfacet
  facet normal -0 -0.751861 -0.659322
    outer loop
      vertex -76.0525 -59.8526 27.1329
      vertex -79 -60.9199 28.35
      vertex -79.6491 -59.8526 27.1329
    endloop
  endfacet
  facet normal 0 -0.751853 -0.65933
    outer loop
      vertex -77.262 -63.1299 30.8701
      vertex -76.0525 -59.8526 27.1329
      vertex -73.4391 -63.1299 30.8701
    endloop
  endfacet
  facet normal 0 -0.555582 -0.831462
    outer loop
      vertex -73.0973 -71 36.909
      vertex -71.1472 -66.8671 34.1474
      vertex -69.2161 -71 36.909
    endloop
  endfacet
  facet normal -0 -0.555582 -0.831462
    outer loop
      vertex -71.1472 -66.8671 34.1474
      vertex -73.0973 -71 36.909
      vertex -75.0018 -66.8671 34.1474
    endloop
  endfacet
  facet normal -9.3809e-06 -0.980783 -0.1951
    outer loop
      vertex -84.6 -52.9994 12.35
      vertex -86.7413 -53.2948 13.8351
      vertex -87 -53.1983 13.35
    endloop
  endfacet
  facet normal 0 -0.980786 -0.195087
    outer loop
      vertex -86.7413 -53.2948 13.8351
      vertex -84.6 -52.9994 12.35
      vertex -83.7514 -53.2948 13.8351
    endloop
  endfacet
  facet normal -2.69958e-06 -0.980786 -0.195085
    outer loop
      vertex -87 -52.3251 8.96
      vertex -84.6 -52.9994 12.35
      vertex -87 -53.1983 13.35
    endloop
  endfacet
  facet normal 0 -0.980786 -0.195087
    outer loop
      vertex -84.6 -52.9994 12.35
      vertex -87 -52.3251 8.96
      vertex -84.6 -52.3251 8.96
    endloop
  endfacet
  facet normal -1.0017e-05 0.442282 -0.896876
    outer loop
      vertex -67.2667 -105.155 38.8052
      vertex -59 -104.542 39.1074
      vertex -59 -109 36.909
    endloop
  endfacet
  facet normal 0 0.442173 -0.89693
    outer loop
      vertex -59 -104.542 39.1074
      vertex -67.2667 -105.155 38.8052
      vertex -67.1843 -104.542 39.1074
    endloop
  endfacet
  facet normal 1.22341e-05 0.44232 -0.896857
    outer loop
      vertex -59 -109 36.909
      vertex -67.4837 -108.415 37.1974
      vertex -67.2667 -105.155 38.8052
    endloop
  endfacet
  facet normal 0 0.442178 -0.896928
    outer loop
      vertex -67.4837 -108.415 37.1974
      vertex -59 -109 36.909
      vertex -67.5226 -109 36.909
    endloop
  endfacet
  facet normal 0 -0.831429 -0.555631
    outer loop
      vertex -79.6491 -59.8526 27.1329
      vertex -76.6 -59.3294 26.35
      vertex -76.0525 -59.8526 27.1329
    endloop
  endfacet
  facet normal -0 -0.831462 -0.555582
    outer loop
      vertex -78.5143 -57.091 23
      vertex -79.6491 -59.8526 27.1329
      vertex -81.8533 -57.091 23
    endloop
  endfacet
  facet normal 1.96374e-05 -0.831464 -0.555578
    outer loop
      vertex -79.6491 -59.8526 27.1329
      vertex -78.5143 -57.091 23
      vertex -76.6 -59.3294 26.35
    endloop
  endfacet
  facet normal -0.000149949 0.194999 -0.980803
    outer loop
      vertex -59 -99.8351 40.7052
      vertex -59.4606 -99.2017 40.8312
      vertex -59 -99.565 40.7589
    endloop
  endfacet
  facet normal 0 0.195104 -0.980783
    outer loop
      vertex -67.8447 -99.8351 40.7052
      vertex -59.4606 -99.2017 40.8312
      vertex -59 -99.8351 40.7052
    endloop
  endfacet
  facet normal -1.02348e-06 0.195117 -0.98078
    outer loop
      vertex -59.4606 -99.2017 40.8312
      vertex -67.8447 -99.8351 40.7052
      vertex -60.222 -98.3517 41.0003
    endloop
  endfacet
  facet normal 1.40459e-05 0.195061 -0.980791
    outer loop
      vertex -67.8447 -99.8351 40.7052
      vertex -61.2257 -97.0339 41.2624
      vertex -60.7672 -97.7429 41.1214
    endloop
  endfacet
  facet normal 3.08483e-06 0.195096 -0.980784
    outer loop
      vertex -60.222 -98.3517 41.0003
      vertex -67.8447 -99.8351 40.7052
      vertex -60.7672 -97.7429 41.1214
    endloop
  endfacet
  facet normal 1.84493e-05 0.195051 -0.980793
    outer loop
      vertex -61.2257 -97.0339 41.2624
      vertex -67.8447 -99.8351 40.7052
      vertex -61.894 -96.0005 41.4679
    endloop
  endfacet
  facet normal -8.03164e-06 0.19509 -0.980785
    outer loop
      vertex -68.2143 -98.6924 40.9325
      vertex -61.894 -96.0005 41.4679
      vertex -67.8447 -99.8351 40.7052
    endloop
  endfacet
  facet normal -8.83745e-06 0.195092 -0.980785
    outer loop
      vertex -68.486 -97.3456 41.2004
      vertex -61.894 -96.0005 41.4679
      vertex -68.2143 -98.6924 40.9325
    endloop
  endfacet
  facet normal -1.33189e-05 0.195113 -0.980781
    outer loop
      vertex -61.894 -96.0005 41.4679
      vertex -68.486 -97.3456 41.2004
      vertex -62.3761 -94.96 41.6749
    endloop
  endfacet
  facet normal -8.73715e-06 0.195102 -0.980783
    outer loop
      vertex -68.7529 -96.023 41.4635
      vertex -62.3761 -94.96 41.6749
      vertex -68.486 -97.3456 41.2004
    endloop
  endfacet
  facet normal 0 0.195051 -0.980793
    outer loop
      vertex -62.3761 -94.96 41.6749
      vertex -68.7529 -96.023 41.4635
      vertex -68.8544 -94.96 41.6749
    endloop
  endfacet
  facet normal 0 0.946845 -0.32169
    outer loop
      vertex -80.4239 -125.4 17.6796
      vertex -83.7113 -125.107 18.542
      vertex -79.5964 -125.107 18.542
    endloop
  endfacet
  facet normal -0.000106006 0.946722 -0.322052
    outer loop
      vertex -81.0866 -125.635 16.989
      vertex -83.7113 -125.107 18.542
      vertex -80.4239 -125.4 17.6796
    endloop
  endfacet
  facet normal 0.000523513 0.947046 -0.321099
    outer loop
      vertex -81.5557 -125.824 16.4308
      vertex -83.7113 -125.107 18.542
      vertex -81.0866 -125.635 16.989
    endloop
  endfacet
  facet normal -0.000924659 0.946595 -0.322424
    outer loop
      vertex -83.7113 -125.107 18.542
      vertex -81.5557 -125.824 16.4308
      vertex -83.9205 -125.199 18.2725
    endloop
  endfacet
  facet normal 5.54801e-05 0.946979 -0.321296
    outer loop
      vertex -83.9205 -125.199 18.2725
      vertex -81.5557 -125.824 16.4308
      vertex -84.4013 -125.44 17.5621
    endloop
  endfacet
  facet normal -0.000122041 0.946843 -0.321696
    outer loop
      vertex -82.5892 -126.242 15.2009
      vertex -84.4013 -125.44 17.5621
      vertex -81.5557 -125.824 16.4308
    endloop
  endfacet
  facet normal 9.71316e-06 0.946874 -0.321606
    outer loop
      vertex -84.4013 -125.44 17.5621
      vertex -82.5892 -126.242 15.2009
      vertex -85.5312 -126.007 15.8927
    endloop
  endfacet
  facet normal 0.000132684 0.947033 -0.321137
    outer loop
      vertex -83.5862 -126.705 13.8351
      vertex -85.5312 -126.007 15.8927
      vertex -82.5892 -126.242 15.2009
    endloop
  endfacet
  facet normal 0 0.946995 -0.321249
    outer loop
      vertex -85.5312 -126.007 15.8927
      vertex -83.5862 -126.705 13.8351
      vertex -86.7267 -126.705 13.8351
    endloop
  endfacet
  facet normal 0 -0.321444 -0.946929
    outer loop
      vertex -70.4792 -80.1649 40.7052
      vertex -67.6787 -75.458 39.1074
      vertex -66.5614 -80.1649 40.7052
    endloop
  endfacet
  facet normal -0 -0.321444 -0.946929
    outer loop
      vertex -67.6787 -75.458 39.1074
      vertex -70.4792 -80.1649 40.7052
      vertex -71.5811 -75.458 39.1074
    endloop
  endfacet
  facet normal 0 -0.0660229 -0.997818
    outer loop
      vertex -69.5281 -90 42
      vertex -64.8082 -89.9199 41.9947
      vertex -64.7744 -90 42
    endloop
  endfacet
  facet normal -1.14675e-05 -0.0653501 -0.997862
    outer loop
      vertex -64.8082 -89.9199 41.9947
      vertex -69.5281 -90 42
      vertex -65.2215 -88.938 41.9304
    endloop
  endfacet
  facet normal -1.8851e-06 -0.0653888 -0.99786
    outer loop
      vertex -69.6225 -89.1973 41.9474
      vertex -65.2215 -88.938 41.9304
      vertex -69.5281 -90 42
    endloop
  endfacet
  facet normal -3.88838e-06 -0.065355 -0.997862
    outer loop
      vertex -65.2215 -88.938 41.9304
      vertex -69.6225 -89.1973 41.9474
      vertex -65.3907 -88.3013 41.8887
    endloop
  endfacet
  facet normal 2.05268e-05 -0.0654698 -0.997855
    outer loop
      vertex -65.3907 -88.3013 41.8887
      vertex -69.6225 -89.1973 41.9474
      vertex -65.6589 -87.2924 41.8225
    endloop
  endfacet
  facet normal -1.26163e-05 -0.0654011 -0.997859
    outer loop
      vertex -65.6589 -87.2924 41.8225
      vertex -69.6225 -89.1973 41.9474
      vertex -65.7793 -86.2747 41.7558
    endloop
  endfacet
  facet normal -7.86018e-06 -0.0654073 -0.997859
    outer loop
      vertex -69.8104 -85.04 41.6749
      vertex -65.7793 -86.2747 41.7558
      vertex -69.6225 -89.1973 41.9474
    endloop
  endfacet
  facet normal -3.68504e-06 -0.0653938 -0.99786
    outer loop
      vertex -65.7793 -86.2747 41.7558
      vertex -69.8104 -85.04 41.6749
      vertex -65.8566 -85.6216 41.713
    endloop
  endfacet
  facet normal 0 -0.0653688 -0.997861
    outer loop
      vertex -65.8566 -85.6216 41.713
      vertex -69.8104 -85.04 41.6749
      vertex -65.8833 -85.04 41.6749
    endloop
  endfacet
  facet normal 0 -0.195087 -0.980786
    outer loop
      vertex -69.8104 -85.04 41.6749
      vertex -66.5614 -80.1649 40.7052
      vertex -65.8833 -85.04 41.6749
    endloop
  endfacet
  facet normal -0 -0.195087 -0.980786
    outer loop
      vertex -66.5614 -80.1649 40.7052
      vertex -69.8104 -85.04 41.6749
      vertex -70.4792 -80.1649 40.7052
    endloop
  endfacet
  facet normal -0 -0.946929 -0.321444
    outer loop
      vertex -83.7514 -53.2948 13.8351
      vertex -84.2309 -54.8926 18.542
      vertex -86.7413 -53.2948 13.8351
    endloop
  endfacet
  facet normal 0 -0.946929 -0.321444
    outer loop
      vertex -84.2309 -54.8926 18.542
      vertex -83.7514 -53.2948 13.8351
      vertex -81.0617 -54.8926 18.542
    endloop
  endfacet
  facet normal 0 -0.442282 -0.896876
    outer loop
      vertex -71.5811 -75.458 39.1074
      vertex -69.2161 -71 36.909
      vertex -67.6787 -75.458 39.1074
    endloop
  endfacet
  facet normal -0 -0.442282 -0.896876
    outer loop
      vertex -69.2161 -71 36.909
      vertex -71.5811 -75.458 39.1074
      vertex -73.0973 -71 36.909
    endloop
  endfacet
  facet normal 0 0.65935 -0.751836
    outer loop
      vertex -59 -116.87 30.8701
      vertex -69.568 -113.133 34.1474
      vertex -59 -113.133 34.1474
    endloop
  endfacet
  facet normal -1.47342e-06 0.659348 -0.751838
    outer loop
      vertex -59 -116.87 30.8701
      vertex -72.5916 -116.139 31.5112
      vertex -69.568 -113.133 34.1474
    endloop
  endfacet
  facet normal 0 0.659363 -0.751824
    outer loop
      vertex -72.5916 -116.139 31.5112
      vertex -59 -116.87 30.8701
      vertex -73.2653 -116.87 30.8701
    endloop
  endfacet
  facet normal -1 0 0
    outer loop
      vertex -59 -100.534 40.2445
      vertex -59 -99.8351 40.7052
      vertex -59 -99.565 40.7589
    endloop
  endfacet
  facet normal -1 0 0
    outer loop
      vertex -59 -104.542 39.1074
      vertex -59 -100.534 40.2445
      vertex -59 -102.27 39.3231
    endloop
  endfacet
  facet normal -1 0 0
    outer loop
      vertex -59 -104.542 39.1074
      vertex -59 -102.27 39.3231
      vertex -59 -104.222 38.2162
    endloop
  endfacet
  facet normal -1 -0 0
    outer loop
      vertex -59 -100.534 40.2445
      vertex -59 -104.542 39.1074
      vertex -59 -99.8351 40.7052
    endloop
  endfacet
  facet normal -1 0 0
    outer loop
      vertex -59 -106.028 37.1921
      vertex -59 -104.542 39.1074
      vertex -59 -104.222 38.2162
    endloop
  endfacet
  facet normal -1 0 0
    outer loop
      vertex -59 -109 36.909
      vertex -59 -106.028 37.1921
      vertex -59 -108.134 35.9161
    endloop
  endfacet
  facet normal -1 -0 0
    outer loop
      vertex -59 -106.028 37.1921
      vertex -59 -109 36.909
      vertex -59 -104.542 39.1074
    endloop
  endfacet
  facet normal -1 0 0
    outer loop
      vertex -59 -109.514 35.0798
      vertex -59 -109 36.909
      vertex -59 -108.134 35.9161
    endloop
  endfacet
  facet normal -1 0 0
    outer loop
      vertex -59 -110.613 34.3667
      vertex -59 -109 36.909
      vertex -59 -109.514 35.0798
    endloop
  endfacet
  facet normal -1 0 0
    outer loop
      vertex -59 -113.133 34.1474
      vertex -59 -110.613 34.3667
      vertex -59 -112.683 33.0233
    endloop
  endfacet
  facet normal -1 -0 0
    outer loop
      vertex -59 -110.613 34.3667
      vertex -59 -113.133 34.1474
      vertex -59 -109 36.909
    endloop
  endfacet
  facet normal -1 -0 0
    outer loop
      vertex -59 -112.683 33.0233
      vertex -59 -116.87 30.8701
      vertex -59 -113.133 34.1474
    endloop
  endfacet
  facet normal -1 0 -0
    outer loop
      vertex -59 -116.87 30.8701
      vertex -59 -112.683 33.0233
      vertex -59 -118.291 29.2496
    endloop
  endfacet
  facet normal 0 0.980548 -0.19628
    outer loop
      vertex -83.7604 -126.751 13.6053
      vertex -86.7267 -126.705 13.8351
      vertex -83.5862 -126.705 13.8351
    endloop
  endfacet
  facet normal 0.000275009 0.981225 -0.192866
    outer loop
      vertex -83.8723 -126.78 13.4576
      vertex -86.7267 -126.705 13.8351
      vertex -83.7604 -126.751 13.6053
    endloop
  endfacet
  facet normal -0.00048167 0.980127 -0.198369
    outer loop
      vertex -83.9473 -126.804 13.3392
      vertex -86.7267 -126.705 13.8351
      vertex -83.8723 -126.78 13.4576
    endloop
  endfacet
  facet normal 7.6439e-05 0.980731 -0.195362
    outer loop
      vertex -84.5737 -127.001 12.35
      vertex -86.7267 -126.705 13.8351
      vertex -83.9473 -126.804 13.3392
    endloop
  endfacet
  facet normal -0.000680936 0.98052 -0.196418
    outer loop
      vertex -86.7267 -126.705 13.8351
      vertex -84.5737 -127.001 12.35
      vertex -86.8561 -126.749 13.6159
    endloop
  endfacet
  facet normal 0.00488978 0.982396 -0.186747
    outer loop
      vertex -86.8561 -126.749 13.6159
      vertex -84.5737 -127.001 12.35
      vertex -86.8781 -126.756 13.5785
    endloop
  endfacet
  facet normal -0.000766139 0.980411 -0.196961
    outer loop
      vertex -86.8781 -126.756 13.5785
      vertex -84.5737 -127.001 12.35
      vertex -87 -126.802 13.35
    endloop
  endfacet
  facet normal 0.000163405 0.980845 -0.194792
    outer loop
      vertex -87 -126.802 13.35
      vertex -84.5737 -127.001 12.35
      vertex -87 -127 12.353
    endloop
  endfacet
  facet normal 0 0.980803 -0.195003
    outer loop
      vertex -86.9558 -127.675 8.96
      vertex -84.5737 -127.001 12.35
      vertex -84.5295 -127.675 8.96
    endloop
  endfacet
  facet normal 0.000162981 0.980781 -0.195113
    outer loop
      vertex -84.5737 -127.001 12.35
      vertex -86.9558 -127.675 8.96
      vertex -87 -127 12.353
    outer loop
      vertex 68.6235 -124.523 28.35
      vertex 43.3495 -82.346 57.35
      vertex 66.8274 -124.88 28.35
    endloop
  endfacet
  facet normal 0.0360705 -0.549294 0.834851
    outer loop
      vertex 66.8274 -124.88 28.35
      vertex 41 -82.5 57.35
      vertex 65 -125 28.35
    endloop
  endfacet
  facet normal -0.334643 0.113601 0.935473
    outer loop
      vertex -52.8582 60.7402 60.35
      vertex -57.6298 71.3883 57.35
      vertex -53.4889 58.8823 60.35
    endloop
  endfacet
  facet normal 0.470515 -0.0308403 0.881853
    outer loop
      vertex 59 -64.5 57.35
      vertex 54 -55 60.35
      vertex 58.846 -66.8495 57.35
    endloop
  endfacet
  facet normal 0.543169 -0.267904 0.795736
    outer loop
      vertex 68.7529 -96.023 41.4635
      vertex 57.6298 -71.3883 57.35
      vertex 68.486 -97.3456 41.2004
    endloop
  endfacet
  facet normal -0.89686 0.442314 0
    outer loop
      vertex -86.0104 131.975 0
      vertex -85.2583 133.5 13.35
      vertex -85.2583 133.5 0
    endloop
  endfacet
  facet normal -0.89686 0.442314 0
    outer loop
      vertex -85.2583 133.5 13.35
      vertex -86.0104 131.975 0
      vertex -86.0104 131.975 13.35
    endloop
  endfacet
  facet normal -1 0 0
    outer loop
      vertex -87 127 12.353
      vertex -87 126.802 13.35
      vertex -87 127 13.35
    endloop
  endfacet
  facet normal -1 -0 0
    outer loop
      vertex -87 -126.802 13.35
      vertex -87 -127 12.353
      vertex -87 -127 13.35
    endloop
  endfacet
  facet normal -1 0 0
    outer loop
      vertex -87 52.2622 0
      vertex -87 51 3
      vertex -87 52 4
    endloop
  endfacet
  facet normal -1 0 0
    outer loop
      vertex -87 52.2622 0
      vertex -87 33 3
      vertex -87 51 3
    endloop
  endfacet
  facet normal -1 0 0
    outer loop
      vertex -87 33 3
      vertex -87 -33 3
      vertex -87 33 11
    endloop
  endfacet
  facet normal -1 0 0
    outer loop
      vertex -87 52.2622 0
      vertex -87 -33 3
      vertex -87 33 3
    endloop
  endfacet
  facet normal -1 0 0
    outer loop
      vertex -87 -52.2622 0
      vertex -87 -33 3
      vertex -87 52.2622 0
    endloop
  endfacet
  facet normal -1 0 0
    outer loop
      vertex -87 -52.3251 8.96
      vertex -87 -51 3
      vertex -87 -52 4
    endloop
  endfacet
  facet normal -1 -0 0
    outer loop
      vertex -87 -51 3
      vertex -87 -52.2622 0
      vertex -87 -52 4
    endloop
  endfacet
  facet normal -1 -0 0
    outer loop
      vertex -87 -33 3
      vertex -87 -52.2622 0
      vertex -87 -51 3
    endloop
  endfacet
  facet normal -1 0 0
    outer loop
      vertex -87 51 3
      vertex -87 52.3251 8.96
      vertex -87 52 4
    endloop
  endfacet
  facet normal -1 0 0
    outer loop
      vertex -87 51 11
      vertex -87 52.3251 8.96
      vertex -87 51 3
    endloop
  endfacet
  facet normal -1 0 0
    outer loop
      vertex -87 52.3251 8.96
      vertex -87 51 11
      vertex -87 53.1983 13.35
    endloop
  endfacet
  facet normal -1 0 0
    outer loop
      vertex -87 33 11
      vertex -87 53.1983 13.35
      vertex -87 51 11
    endloop
  endfacet
  facet normal -1 0 0
    outer loop
      vertex -87 -33 11
      vertex -87 33 11
      vertex -87 -33 3
    endloop
  endfacet
  facet normal -1 0 0
    outer loop
      vertex -87 -33 11
      vertex -87 53.1983 13.35
      vertex -87 33 11
    endloop
  endfacet
  facet normal -1 0 0
    outer loop
      vertex -87 -53.1983 13.35
      vertex -87 -33 11
      vertex -87 -51 11
    endloop
  endfacet
  facet normal -1 0 0
    outer loop
      vertex -87 -51 3
      vertex -87 -52.3251 8.96
      vertex -87 -51 11
    endloop
  endfacet
  facet normal -1 0 0
    outer loop
      vertex -87 -33 11
      vertex -87 -53.1983 13.35
      vertex -87 53.1983 13.35
    endloop
  endfacet
  facet normal -1 0 0
    outer loop
      vertex -87 -53.1983 13.35
      vertex -87 -51 11
      vertex -87 -52.3251 8.96
    endloop
  endfacet
  facet normal 0.195223 0.980759 -0
    outer loop
      vertex 77.3647 139.557 0
      vertex 75.6968 139.889 13.35
      vertex 77.3647 139.557 13.35
    endloop
  endfacet
  facet normal 0.195223 0.980759 0
    outer loop
      vertex 75.6968 139.889 13.35
      vertex 77.3647 139.557 0
      vertex 75.6968 139.889 0
    endloop
  endfacet
  facet normal 0.751716 -0.659487 0
    outer loop
      vertex 83.1924 -136.192 13.35
      vertex 84.3136 -134.914 0
      vertex 84.3136 -134.914 13.35
    endloop
  endfacet
  facet normal 0.751716 -0.659487 0
    outer loop
      vertex 84.3136 -134.914 0
      vertex 83.1924 -136.192 13.35
      vertex 83.1924 -136.192 0
    endloop
  endfacet
  facet normal 0.470515 0.0308403 0.881853
    outer loop
      vertex 58.846 66.8495 57.35
      vertex 54 55 60.35
      vertex 59 64.5 57.35
    endloop
  endfacet
  facet normal 0.792197 0.157498 0.589591
    outer loop
      vertex 86.557 130.365 13.35
      vertex 83.9205 125.199 18.2725
      vertex 84.4013 125.44 17.5621
    endloop
  endfacet
  facet normal 0.167054 0.19048 0.967373
    outer loop
      vertex 51.9577 78.7804 57.35
      vertex 48.1314 66.9003 60.35
      vertex 53.7279 77.2279 57.35
    endloop
  endfacet
  facet normal 0.58068 0.387955 0.715753
    outer loop
      vertex 84.3136 134.914 13.35
      vertex 79.1057 121.776 24.6962
      vertex 85.2583 133.5 13.35
    endloop
  endfacet
  facet normal 0.580507 0.388084 0.715823
    outer loop
      vertex 79.1057 121.776 24.6962
      vertex 84.3136 134.914 13.35
      vertex 78.5163 121.275 25.4458
    endloop
  endfacet
  facet normal 0.166931 0.491468 0.854748
    outer loop
      vertex 68.6235 124.523 28.35
      vertex 47.8883 81.1298 57.35
      vertex 70.3576 123.934 28.35
    endloop
  endfacet
  facet normal -0.659607 0.751611 0
    outer loop
      vertex -81.9139 137.314 0
      vertex -83.1924 136.192 13.35
      vertex -81.9139 137.314 13.35
    endloop
  endfacet
  facet normal -0.659607 0.751611 0
    outer loop
      vertex -83.1924 136.192 13.35
      vertex -81.9139 137.314 0
      vertex -83.1924 136.192 0
    endloop
  endfacet
  facet normal -0.13471 0.201601 0.97016
    outer loop
      vertex -46.5 67.9904 60.35
      vertex -51.9577 78.7804 57.35
      vertex -48.1314 66.9003 60.35
    endloop
  endfacet
  facet normal -0.854761 -0.0565225 0.515935
    outer loop
      vertex -87 -127 13.35
      vertex -86.7267 -126.705 13.8351
      vertex -86.8561 -126.749 13.6159
    endloop
  endfacet
  facet normal -0.854923 -0.0560209 0.515722
    outer loop
      vertex -86.8888 -128.697 13.35
      vertex -86.7267 -126.705 13.8351
      vertex -87 -127 13.35
    endloop
  endfacet
  facet normal -0.854919 -0.0560224 0.515727
    outer loop
      vertex -86.7267 -126.705 13.8351
      vertex -86.8888 -128.697 13.35
      vertex -85.5312 -126.007 15.8927
    endloop
  endfacet
  facet normal -0.227588 0.461469 0.857467
    outer loop
      vertex -70.3576 123.934 28.35
      vertex -72 123.124 28.35
      vertex -47.8883 81.1298 57.35
    endloop
  endfacet
  facet normal -0.103557 0.520646 0.847469
    outer loop
      vertex -43.3495 82.346 57.35
      vertex -68.6235 124.523 28.35
      vertex -45.6587 81.8867 57.35
    endloop
  endfacet
  facet normal -0.997857 0.0654262 0
    outer loop
      vertex -86.8888 128.697 0
      vertex -86.9345 128 4
      vertex -86.8888 128.697 13.35
    endloop
  endfacet
  facet normal -0.997863 0.0653449 -1.42292e-05
    outer loop
      vertex -86.9345 128 4
      vertex -86.8888 128.697 0
      vertex -86.9516 127.738 0
    endloop
  endfacet
  facet normal -0.997858 0.0654131 9.83131e-07
    outer loop
      vertex -86.9558 127.675 8.96
      vertex -86.8888 128.697 13.35
      vertex -86.9345 128 4
    endloop
  endfacet
  facet normal -0.99786 0.0653824 8.16176e-06
    outer loop
      vertex -87 127 12.353
      vertex -86.8888 128.697 13.35
      vertex -86.9558 127.675 8.96
    endloop
  endfacet
  facet normal -0.99786 0.0653872 0
    outer loop
      vertex -86.8888 128.697 13.35
      vertex -87 127 12.353
      vertex -87 127 13.35
    endloop
  endfacet
  facet normal 0.997857 0.0654262 0
    outer loop
      vertex 86.8888 128.697 13.35
      vertex 86.9345 128 4
      vertex 86.8888 128.697 0
    endloop
  endfacet
  facet normal 0.997858 0.0654131 9.83131e-07
    outer loop
      vertex 86.8888 128.697 13.35
      vertex 86.9558 127.675 8.96
      vertex 86.9345 128 4
    endloop
  endfacet
  facet normal 0.99786 0.0653872 -0
    outer loop
      vertex 87 127 12.353
      vertex 86.8888 128.697 13.35
      vertex 87 127 13.35
    endloop
  endfacet
  facet normal 0.99786 0.0653824 8.16176e-06
    outer loop
      vertex 86.8888 128.697 13.35
      vertex 87 127 12.353
      vertex 86.9558 127.675 8.96
    endloop
  endfacet
  facet normal 0.997863 0.0653449 -1.42292e-05
    outer loop
      vertex 86.8888 128.697 0
      vertex 86.9345 128 4
      vertex 86.9516 127.738 0
    endloop
  endfacet
  facet normal -0.58086 -0.387852 0.715662
    outer loop
      vertex -77.1898 -120.147 27.1329
      vertex -76.1069 -119.523 28.35
      vertex -76.4027 -119.08 28.35
    endloop
  endfacet
  facet normal -0.581883 -0.386199 0.715725
    outer loop
      vertex -78.5163 -121.275 25.4458
      vertex -76.1069 -119.523 28.35
      vertex -77.1898 -120.147 27.1329
    endloop
  endfacet
  facet normal -0.580642 -0.38798 0.71577
    outer loop
      vertex -76.1069 -119.523 28.35
      vertex -78.5163 -121.275 25.4458
      vertex -84.3136 -134.914 13.35
    endloop
  endfacet
  facet normal 0.395476 -0.0786602 0.915102
    outer loop
      vertex 58.846 -66.8495 57.35
      vertex 53.4889 -58.8823 60.35
      vertex 58.3867 -69.1587 57.35
    endloop
  endfacet
  facet normal 0.074275 0.218797 0.972939
    outer loop
      vertex 47.8883 81.1298 57.35
      vertex 42.8823 69.4889 60.35
      vertex 44.7402 68.8582 60.35
    endloop
  endfacet
  facet normal 0.283933 -0.140014 0.948566
    outer loop
      vertex 52.8582 -60.7402 60.35
      vertex 51.9904 -62.5 60.35
      vertex 57.6298 -71.3883 57.35
    endloop
  endfacet
  facet normal 0.104013 0.210927 0.971952
    outer loop
      vertex 47.8883 81.1298 57.35
      vertex 44.7402 68.8582 60.35
      vertex 46.5 67.9904 60.35
    endloop
  endfacet
  facet normal 0.474088 0.316558 0.821603
    outer loop
      vertex 76.1069 119.523 28.35
      vertex 75.6123 118.476 29.0388
      vertex 76.4027 119.08 28.35
    endloop
  endfacet
  facet normal 0.473995 0.316687 0.821607
    outer loop
      vertex 67.6942 101.723 40.0644
      vertex 55.2804 75.4577 57.35
      vertex 67.8384 99.915 40.6781
    endloop
  endfacet
  facet normal -0.195223 0.980759 0
    outer loop
      vertex -75.6968 139.889 0
      vertex -77.3647 139.557 13.35
      vertex -75.6968 139.889 13.35
    endloop
  endfacet
  facet normal -0.195223 0.980759 0
    outer loop
      vertex -77.3647 139.557 13.35
      vertex -75.6968 139.889 0
      vertex -77.3647 139.557 0
    endloop
  endfacet
  facet normal 0.442243 -0.896895 0
    outer loop
      vertex 78.9749 -139.01 0
      vertex 80.5 -138.258 13.35
      vertex 78.9749 -139.01 13.35
    endloop
  endfacet
  facet normal 0.442243 -0.896895 0
    outer loop
      vertex 80.5 -138.258 13.35
      vertex 78.9749 -139.01 0
      vertex 80.5 -138.258 0
    endloop
  endfacet
  facet normal -0.0454809 -0.692599 0.719888
    outer loop
      vertex -66.8274 -124.88 28.35
      vertex -74 -140 13.35
      vertex -65 -125 28.35
    endloop
  endfacet
  facet normal -0.334643 -0.113601 0.935473
    outer loop
      vertex -53.4889 -58.8823 60.35
      vertex -57.6298 -71.3883 57.35
      vertex -52.8582 -60.7402 60.35
    endloop
  endfacet
  facet normal 0.0448475 0.225456 0.973221
    outer loop
      vertex 43.3495 82.346 57.35
      vertex 40.9579 69.8717 60.35
      vertex 42.8823 69.4889 60.35
    endloop
  endfacet
  facet normal 0.0448432 0.225456 0.973221
    outer loop
      vertex 43.3495 82.346 57.35
      vertex 42.8823 69.4889 60.35
      vertex 45.6587 81.8867 57.35
    endloop
  endfacet
  facet normal -0.240361 -0.160609 0.957304
    outer loop
      vertex -51.9904 -62.5 60.35
      vertex -55.2804 -75.4577 57.35
      vertex -50.9003 -64.1314 60.35
    endloop
  endfacet
  facet normal -0.698127 -0.138823 0.702387
    outer loop
      vertex -58.846 -66.8495 57.35
      vertex -69.5103 -91.3236 41.9132
      vertex -69.3678 -92.3954 41.843
    endloop
  endfacet
  facet normal 0.946916 -0.321481 0
    outer loop
      vertex 86.0104 -131.975 13.35
      vertex 86.557 -130.365 0
      vertex 86.557 -130.365 13.35
    endloop
  endfacet
  facet normal 0.946916 -0.321481 0
    outer loop
      vertex 86.557 -130.365 0
      vertex 86.0104 -131.975 13.35
      vertex 86.0104 -131.975 0
    endloop
  endfacet
  facet normal 0.72329 -0.245734 0.645342
    outer loop
      vertex 86.0104 -131.975 13.35
      vertex 83.9205 -125.199 18.2725
      vertex 83.7113 -125.107 18.542
    endloop
  endfacet
  facet normal 0.723476 -0.245564 0.645199
    outer loop
      vertex 86.0104 -131.975 13.35
      vertex 83.7113 -125.107 18.542
      vertex 82.7707 -124.467 19.8403
    endloop
  endfacet
  facet normal 0.723433 -0.245608 0.645229
    outer loop
      vertex 83.9205 -125.199 18.2725
      vertex 86.0104 -131.975 13.35
      vertex 86.557 -130.365 13.35
    endloop
  endfacet
  facet normal 0.508652 0.446327 0.736251
    outer loop
      vertex 84.3136 134.914 13.35
      vertex 74.8995 120.899 28.35
      vertex 76.1069 119.523 28.35
    endloop
  endfacet
  facet normal -0.823217 -5.61555e-06 0.567727
    outer loop
      vertex -69.8104 85.04 41.6749
      vertex -59 64.5 57.35
      vertex -69.6225 89.1973 41.9474
    endloop
  endfacet
  facet normal -0.82321 5.65696e-06 0.567737
    outer loop
      vertex -70.4792 80.1649 40.7052
      vertex -59 64.5 57.35
      vertex -69.8104 85.04 41.6749
    endloop
  endfacet
  facet normal -0.823214 -4.4646e-06 0.567731
    outer loop
      vertex -71.5811 75.458 39.1074
      vertex -59 64.5 57.35
      vertex -70.4792 80.1649 40.7052
    endloop
  endfacet
  facet normal -0.82321 8.90154e-06 0.567736
    outer loop
      vertex -73.0973 71 36.909
      vertex -59 64.5 57.35
      vertex -71.5811 75.458 39.1074
    endloop
  endfacet
  facet normal -0.823213 -9.79825e-06 0.567732
    outer loop
      vertex -75.0018 66.8671 34.1474
      vertex -59 64.5 57.35
      vertex -73.0973 71 36.909
    endloop
  endfacet
  facet normal -0.823213 -1.59135e-06 0.567733
    outer loop
      vertex -77.262 63.1299 30.8701
      vertex -59 64.5 57.35
      vertex -75.0018 66.8671 34.1474
    endloop
  endfacet
  facet normal -0.823213 0 0.567733
    outer loop
      vertex -79 60.9199 28.35
      vertex -59 64.5 57.35
      vertex -77.262 63.1299 30.8701
    endloop
  endfacet
  facet normal -0.823213 0 0.567733
    outer loop
      vertex -79 -60.9199 28.35
      vertex -59 64.5 57.35
      vertex -79 60.9199 28.35
    endloop
  endfacet
  facet normal -0.823213 0 0.567733
    outer loop
      vertex -59 -64.5 57.35
      vertex -79 -60.9199 28.35
      vertex -77.262 -63.1299 30.8701
    endloop
  endfacet
  facet normal -0.823213 0 0.567733
    outer loop
      vertex -79 -60.9199 28.35
      vertex -59 -64.5 57.35
      vertex -59 64.5 57.35
    endloop
  endfacet
  facet normal -0.823213 1.59135e-06 0.567733
    outer loop
      vertex -75.0018 -66.8671 34.1474
      vertex -59 -64.5 57.35
      vertex -77.262 -63.1299 30.8701
    endloop
  endfacet
  facet normal -0.823213 9.79825e-06 0.567732
    outer loop
      vertex -73.0973 -71 36.909
      vertex -59 -64.5 57.35
      vertex -75.0018 -66.8671 34.1474
    endloop
  endfacet
  facet normal -0.82321 -8.90154e-06 0.567736
    outer loop
      vertex -71.5811 -75.458 39.1074
      vertex -59 -64.5 57.35
      vertex -73.0973 -71 36.909
    endloop
  endfacet
  facet normal -0.823214 4.4646e-06 0.567731
    outer loop
      vertex -70.4792 -80.1649 40.7052
      vertex -59 -64.5 57.35
      vertex -71.5811 -75.458 39.1074
    endloop
  endfacet
  facet normal -0.82321 -5.65696e-06 0.567737
    outer loop
      vertex -69.8104 -85.04 41.6749
      vertex -59 -64.5 57.35
      vertex -70.4792 -80.1649 40.7052
    endloop
  endfacet
  facet normal -0.823217 5.61555e-06 0.567727
    outer loop
      vertex -59 -64.5 57.35
      vertex -69.8104 -85.04 41.6749
      vertex -69.6225 -89.1973 41.9474
    endloop
  endfacet
  facet normal 0.946916 0.321481 0
    outer loop
      vertex 86.557 130.365 13.35
      vertex 86.0104 131.975 0
      vertex 86.0104 131.975 13.35
    endloop
  endfacet
  facet normal 0.946916 0.321481 0
    outer loop
      vertex 86.0104 131.975 0
      vertex 86.557 130.365 13.35
      vertex 86.557 130.365 0
    endloop
  endfacet
  facet normal 0.781817 0.051272 0.621396
    outer loop
      vertex 58.846 66.8495 57.35
      vertex 69.5269 90.09 41.9941
      vertex 69.5103 91.3236 41.9132
    endloop
  endfacet
  facet normal 0.781838 0.0512463 0.621372
    outer loop
      vertex 69.5269 90.09 41.9941
      vertex 58.846 66.8495 57.35
      vertex 59 64.5 57.35
    endloop
  endfacet
  facet normal 0.781852 0.0512314 0.621356
    outer loop
      vertex 69.5281 90 42
      vertex 59 64.5 57.35
      vertex 69.6225 89.1973 41.9474
    endloop
  endfacet
  facet normal 0.781921 0.0511536 0.621275
    outer loop
      vertex 59 64.5 57.35
      vertex 69.5281 90 42
      vertex 69.5269 90.09 41.9941
    endloop
  endfacet
  facet normal 0.283936 0.140012 0.948566
    outer loop
      vertex 56.5885 73.5 57.35
      vertex 51.9904 62.5 60.35
      vertex 57.6298 71.3883 57.35
    endloop
  endfacet
  facet normal 0.543169 0.267904 0.795736
    outer loop
      vertex 68.486 97.3456 41.2004
      vertex 57.6298 71.3883 57.35
      vertex 68.7529 96.023 41.4635
    endloop
  endfacet
  facet normal 0.617861 0.209718 0.757803
    outer loop
      vertex 57.6298 71.3883 57.35
      vertex 69.2085 93.5929 41.7645
      vertex 68.9124 94.7359 41.6896
    endloop
  endfacet
  facet normal 0.617836 0.209742 0.757817
    outer loop
      vertex 69.2085 93.5929 41.7645
      vertex 57.6298 71.3883 57.35
      vertex 58.3867 69.1587 57.35
    endloop
  endfacet
  facet normal -0.408974 0.358905 0.839004
    outer loop
      vertex -74.8995 120.899 28.35
      vertex -73.2653 116.87 30.8701
      vertex -72.5916 116.139 31.5112
    endloop
  endfacet
  facet normal -0.409011 0.358884 0.838995
    outer loop
      vertex -74.8995 120.899 28.35
      vertex -75.5196 118.413 29.1111
      vertex -73.2653 116.87 30.8701
    endloop
  endfacet
  facet normal -0.408997 0.358883 0.839002
    outer loop
      vertex -75.5196 118.413 29.1111
      vertex -74.8995 120.899 28.35
      vertex -76.1069 119.523 28.35
    endloop
  endfacet
  facet normal -0.409562 0.358506 0.838888
    outer loop
      vertex -53.7279 77.2279 57.35
      vertex -67.2667 105.155 38.8052
      vertex -67.1843 104.542 39.1074
    endloop
  endfacet
  facet normal -0.409139 0.358775 0.838979
    outer loop
      vertex -53.7279 77.2279 57.35
      vertex -67.1843 104.542 39.1074
      vertex -67.4381 103.139 39.5836
    endloop
  endfacet
  facet normal 0.0454809 0.692599 0.719888
    outer loop
      vertex 74 140 13.35
      vertex 65 125 28.35
      vertex 66.8274 124.88 28.35
    endloop
  endfacet
  facet normal 0.103492 0.520677 0.847458
    outer loop
      vertex 66.8274 124.88 28.35
      vertex 43.3495 82.346 57.35
      vertex 68.6235 124.523 28.35
    endloop
  endfacet
  facet normal 0.134707 0.201602 0.97016
    outer loop
      vertex 50 80.0885 57.35
      vertex 46.5 67.9904 60.35
      vertex 51.9577 78.7804 57.35
    endloop
  endfacet
  facet normal 0.13471 -0.201601 0.97016
    outer loop
      vertex 48.1314 -66.9003 60.35
      vertex 46.5 -67.9904 60.35
      vertex 51.9577 -78.7804 57.35
    endloop
  endfacet
  facet normal -0.508699 0.446286 0.736243
    outer loop
      vertex -83.1924 136.192 13.35
      vertex -84.3136 134.914 13.35
      vertex -74.8995 120.899 28.35
    endloop
  endfacet
  facet normal -0.792143 0.157574 0.589644
    outer loop
      vertex -85.5312 126.007 15.8927
      vertex -86.557 130.365 13.35
      vertex -86.8888 128.697 13.35
    endloop
  endfacet
  facet normal -0.792129 0.157586 0.58966
    outer loop
      vertex -86.557 130.365 13.35
      vertex -85.5312 126.007 15.8927
      vertex -84.4013 125.44 17.5621
    endloop
  endfacet
  facet normal -0.781921 0.0511536 0.621275
    outer loop
      vertex -69.5281 90 42
      vertex -59 64.5 57.35
      vertex -69.5269 90.09 41.9941
    endloop
  endfacet
  facet normal -0.781852 0.0512314 0.621356
    outer loop
      vertex -59 64.5 57.35
      vertex -69.5281 90 42
      vertex -69.6225 89.1973 41.9474
    endloop
  endfacet
  facet normal -0.0360058 -0.549322 0.834835
    outer loop
      vertex -43.3495 -82.346 57.35
      vertex -66.8274 -124.88 28.35
      vertex -41 -82.5 57.35
    endloop
  endfacet
  facet normal 0 0.563638 0.826022
    outer loop
      vertex 65 125 28.35
      vertex -41 82.5 57.35
      vertex 41 82.5 57.35
    endloop
  endfacet
  facet normal 0 0.563638 0.826022
    outer loop
      vertex -41 82.5 57.35
      vertex 65 125 28.35
      vertex -65 125 28.35
    endloop
  endfacet
  facet normal -0.0360705 0.549294 0.834851
    outer loop
      vertex -65 125 28.35
      vertex -66.8274 124.88 28.35
      vertex -41 82.5 57.35
    endloop
  endfacet
  facet normal -0.321656 0.946857 0
    outer loop
      vertex -77.3647 139.557 0
      vertex -78.9749 139.01 13.35
      vertex -77.3647 139.557 13.35
    endloop
  endfacet
  facet normal -0.321656 0.946857 0
    outer loop
      vertex -78.9749 139.01 13.35
      vertex -77.3647 139.557 0
      vertex -78.9749 139.01 0
    endloop
  endfacet
  facet normal 0.0652777 0.997867 -0
    outer loop
      vertex 75.6968 139.889 0
      vertex 74 140 13.35
      vertex 75.6968 139.889 13.35
    endloop
  endfacet
  facet normal 0.0652777 0.997867 0
    outer loop
      vertex 74 140 13.35
      vertex 75.6968 139.889 0
      vertex 74 140 0
    endloop
  endfacet
  facet normal 0.212486 0.625494 0.750737
    outer loop
      vertex 77.3647 139.557 13.35
      vertex 68.6235 124.523 28.35
      vertex 78.9749 139.01 13.35
    endloop
  endfacet
  facet normal 0.287272 0.429931 0.855941
    outer loop
      vertex 72 123.124 28.35
      vertex 50 80.0885 57.35
      vertex 51.9577 78.7804 57.35
    endloop
  endfacet
  facet normal -0.946916 -0.321481 0
    outer loop
      vertex -86.0104 -131.975 0
      vertex -86.557 -130.365 13.35
      vertex -86.557 -130.365 0
    endloop
  endfacet
  facet normal -0.946916 -0.321481 0
    outer loop
      vertex -86.557 -130.365 13.35
      vertex -86.0104 -131.975 0
      vertex -86.0104 -131.975 13.35
    endloop
  endfacet
  facet normal 0.698096 -0.138851 0.702412
    outer loop
      vertex 58.3867 -69.1587 57.35
      vertex 69.3678 -92.3954 41.843
      vertex 58.846 -66.8495 57.35
    endloop
  endfacet
  facet normal 0.698041 -0.138907 0.702456
    outer loop
      vertex 69.3678 -92.3954 41.843
      vertex 58.3867 -69.1587 57.35
      vertex 69.2085 -93.5929 41.7645
    endloop
  endfacet
  facet normal 0 -0.233373 0.972387
    outer loop
      vertex -39 -70 60.35
      vertex 41 -82.5 57.35
      vertex 39 -70 60.35
    endloop
  endfacet
  facet normal 0 -0.233373 0.972387
    outer loop
      vertex 41 -82.5 57.35
      vertex -39 -70 60.35
      vertex -41 -82.5 57.35
    endloop
  endfacet
  facet normal 0.240365 -0.160608 0.957303
    outer loop
      vertex 56.5885 -73.5 57.35
      vertex 51.9904 -62.5 60.35
      vertex 55.2804 -75.4577 57.35
    endloop
  endfacet
  facet normal -0.0151447 -0.231054 0.972823
    outer loop
      vertex -39 -70 60.35
      vertex -43.3495 -82.346 57.35
      vertex -41 -82.5 57.35
    endloop
  endfacet
  facet normal 0.473942 0.316727 0.821622
    outer loop
      vertex 55.2804 75.4577 57.35
      vertex 68.2143 98.6924 40.9325
      vertex 67.8447 99.8351 40.7052
    endloop
  endfacet
  facet normal 0.474924 0.31602 0.821327
    outer loop
      vertex 55.2804 75.4577 57.35
      vertex 67.8447 99.8351 40.7052
      vertex 67.8384 99.915 40.6781
    endloop
  endfacet
  facet normal 0.473975 0.316702 0.821613
    outer loop
      vertex 68.2143 98.6924 40.9325
      vertex 55.2804 75.4577 57.35
      vertex 56.5885 73.5 57.35
    endloop
  endfacet
  facet normal 0.334639 0.113603 0.935474
    outer loop
      vertex 57.6298 71.3883 57.35
      vertex 53.4889 58.8823 60.35
      vertex 58.3867 69.1587 57.35
    endloop
  endfacet
  facet normal 0.470528 0.0308334 0.881846
    outer loop
      vertex 58.846 66.8495 57.35
      vertex 53.8717 56.9579 60.35
      vertex 54 55 60.35
    endloop
  endfacet
      vertex -64.6 -122.6 26.35
      vertex -62.1668 -118.291 29.2496
    endloop
  endfacet
  facet normal 5.19923e-05 0.558283 -0.82965
    outer loop
      vertex -40.6 -80.1 54.95
      vertex -59 -118.291 29.2496
      vertex -59 -112.683 33.0233
    endloop
  endfacet
  facet normal -0.773004 -0.152986 -0.615679
    outer loop
      vertex 84.5059 128.036 12.35
      vertex 83.8723 126.78 13.4576
      vertex 83.7604 126.751 13.6053
    endloop
  endfacet
  facet normal 0.0653289 0.997864 -0
    outer loop
      vertex -73.6 -137.6 0
      vertex -75.0358 -137.506 12.35
      vertex -73.6 -137.6 12.35
    endloop
  endfacet
  facet normal 0.0653289 0.997864 0
    outer loop
      vertex -75.0358 -137.506 12.35
      vertex -73.6 -137.6 0
      vertex -75.0358 -137.506 0
    endloop
  endfacet
  facet normal -0.240362 -0.160609 -0.957304
    outer loop
      vertex 53.2936 73.8402 54.95
      vertex 54.4564 72.1 54.95
      vertex 49.8583 61.1 57.95
    endloop
  endfacet
  facet normal 0.126351 -0.63568 -0.761542
    outer loop
      vertex -66.1663 122.497 26.35
      vertex -67.7058 122.191 26.35
      vertex -75.0358 137.506 12.35
    endloop
  endfacet
  facet normal 0.773004 0.152986 -0.615679
    outer loop
      vertex -83.8723 -126.78 13.4576
      vertex -83.7604 -126.751 13.6053
      vertex -84.5059 -128.036 12.35
    endloop
  endfacet
  facet normal -0.470524 0.0308359 -0.881848
    outer loop
      vertex 51.6 -54.6 57.95
      vertex 56.4631 -66.1884 54.95
      vertex 51.4888 -56.2968 57.95
    endloop
  endfacet
  facet normal -0.702301 0.238191 -0.670849
    outer loop
      vertex 81.5557 -125.824 16.4308
      vertex 83.7627 -130.81 12.35
      vertex 81.0866 -125.635 16.989
    endloop
  endfacet
  facet normal 0.0151422 0.231055 -0.972823
    outer loop
      vertex -40.2968 -67.4888 57.95
      vertex -38.6 -67.6 57.95
      vertex -42.6884 -79.9631 54.95
    endloop
  endfacet
  facet normal -0.838598 0.0549343 -0.541973
    outer loop
      vertex 84.5737 -127.001 12.35
      vertex 84.5059 -128.036 12.35
      vertex 83.9473 -126.804 13.3392
    endloop
  endfacet
  facet normal -0.86825 0 -0.496126
    outer loop
      vertex 84.6 -52.9994 12.35
      vertex 83.7514 53.2948 13.8351
      vertex 84.6 52.9994 12.35
    endloop
  endfacet
  facet normal -0.86825 0 -0.496126
    outer loop
      vertex 83.7514 -53.2948 13.8351
      vertex 83.7514 53.2948 13.8351
      vertex 84.6 -52.9994 12.35
    endloop
  endfacet
  facet normal -0.86824 -0 -0.496145
    outer loop
      vertex 83.7514 53.2948 13.8351
      vertex 83.7514 -53.2948 13.8351
      vertex 81.0617 54.8926 18.542
    endloop
  endfacet
  facet normal -0.86824 0 -0.496145
    outer loop
      vertex 81.0617 -54.8926 18.542
      vertex 81.0617 54.8926 18.542
      vertex 83.7514 -53.2948 13.8351
    endloop
  endfacet
  facet normal -0.868246 -0 -0.496135
    outer loop
      vertex 81.0617 54.8926 18.542
      vertex 81.0617 -54.8926 18.542
      vertex 78.5143 57.091 23
    endloop
  endfacet
  facet normal -0.868246 0 -0.496135
    outer loop
      vertex 78.5143 -57.091 23
      vertex 78.5143 57.091 23
      vertex 81.0617 -54.8926 18.542
    endloop
  endfacet
  facet normal -0.868242 -0 -0.496142
    outer loop
      vertex 78.5143 57.091 23
      vertex 78.5143 -57.091 23
      vertex 76.6 59.3294 26.35
    endloop
  endfacet
  facet normal -0.868242 -0 -0.496142
    outer loop
      vertex 76.6 59.3294 26.35
      vertex 78.5143 -57.091 23
      vertex 76.6 -59.3294 26.35
    endloop
  endfacet
  facet normal 0.0356611 -0.544008 -0.838322
    outer loop
      vertex -59 109.514 35.0798
      vertex -40.6 80.1 54.95
      vertex -42.6884 79.9631 54.95
    endloop
  endfacet
  facet normal 0.035746 -0.54397 -0.838343
    outer loop
      vertex -40.6 80.1 54.95
      vertex -59 109.514 35.0798
      vertex -59 110.613 34.3667
    endloop
  endfacet
  facet normal 0.0351799 -0.544264 -0.838176
    outer loop
      vertex -63.7105 118.425 29.0972
      vertex -63.9288 118.444 29.0757
      vertex -66.1663 122.497 26.35
    endloop
  endfacet
  facet normal -0.442622 0.896708 0
    outer loop
      vertex 79.1 -136.126 0
      vertex 77.8095 -136.763 12.35
      vertex 79.1 -136.126 12.35
    endloop
  endfacet
  facet normal -0.442622 0.896708 0
    outer loop
      vertex 77.8095 -136.763 12.35
      vertex 79.1 -136.126 0
      vertex 77.8095 -136.763 0
    endloop
  endfacet
  facet normal -0.102324 0.515553 -0.850726
    outer loop
      vertex 42.6884 -79.9631 54.95
      vertex 59 -108.134 35.9161
      vertex 59 -109.514 35.0798
    endloop
  endfacet
  facet normal -0.102529 0.515456 -0.85076
    outer loop
      vertex 59 -108.134 35.9161
      vertex 42.6884 -79.9631 54.95
      vertex 44.7411 -79.5548 54.95
    endloop
  endfacet
  facet normal -0.104467 0.514647 -0.851014
    outer loop
      vertex 64.1711 -118.498 29.0133
      vertex 66.1663 -122.497 26.35
      vertex 63.9288 -118.444 29.0757
    endloop
  endfacet
  facet normal 0.0437022 0.667527 -0.743302
    outer loop
      vertex -64.6 -122.6 26.35
      vertex -73.6 -137.6 12.35
      vertex -75.0358 -137.506 12.35
    endloop
  endfacet
  facet normal 0.0151462 0.231054 -0.972823
    outer loop
      vertex -38.6 -67.6 57.95
      vertex -40.6 -80.1 54.95
      vertex -42.6884 -79.9631 54.95
    endloop
  endfacet
  facet normal 0.195287 0.980746 -0
    outer loop
      vertex -75.0358 -137.506 0
      vertex -76.447 -137.225 12.35
      vertex -75.0358 -137.506 12.35
    endloop
  endfacet
  facet normal 0.195287 0.980746 0
    outer loop
      vertex -76.447 -137.225 12.35
      vertex -75.0358 -137.506 0
      vertex -76.447 -137.225 0
    endloop
  endfacet
  facet normal 0.997866 0.065297 6.65863e-06
    outer loop
      vertex -84.5295 -127.675 8.96
      vertex -84.5059 -128.036 12.35
      vertex -84.5082 -128 4
    endloop
  endfacet
  facet normal 0.997861 0.0653671 1.41631e-05
    outer loop
      vertex -84.5059 -128.036 12.35
      vertex -84.5295 -127.675 8.96
      vertex -84.5737 -127.001 12.35
    endloop
  endfacet
  facet normal 0.997866 0.0652966 -1.38965e-05
    outer loop
      vertex -84.5082 -128 4
      vertex -84.5059 -128.036 0
      vertex -84.5254 -127.738 0
    endloop
  endfacet
  facet normal 0.997965 0.0637589 -0
    outer loop
      vertex -84.5059 -128.036 0
      vertex -84.5082 -128 4
      vertex -84.5059 -128.036 12.35
    endloop
  endfacet
  facet normal -1 0 0
    outer loop
      vertex 84.6 52.2622 0
      vertex 84.6 51 3
      vertex 84.6 52 4
    endloop
  endfacet
  facet normal -1 0 0
    outer loop
      vertex 84.6 52.2622 0
      vertex 84.6 33 3
      vertex 84.6 51 3
    endloop
  endfacet
  facet normal -1 0 0
    outer loop
      vertex 84.6 33 3
      vertex 84.6 -33 3
      vertex 84.6 33 11
    endloop
  endfacet
  facet normal -1 0 0
    outer loop
      vertex 84.6 52.2622 0
      vertex 84.6 -33 3
      vertex 84.6 33 3
    endloop
  endfacet
  facet normal -1 0 0
    outer loop
      vertex 84.6 -52.2622 0
      vertex 84.6 -33 3
      vertex 84.6 52.2622 0
    endloop
  endfacet
  facet normal -1 0 0
    outer loop
      vertex 84.6 -52.3251 8.96
      vertex 84.6 -51 3
      vertex 84.6 -52 4
    endloop
  endfacet
  facet normal -1 -0 0
    outer loop
      vertex 84.6 -51 3
      vertex 84.6 -52.2622 0
      vertex 84.6 -52 4
    endloop
  endfacet
  facet normal -1 -0 0
    outer loop
      vertex 84.6 -33 3
      vertex 84.6 -52.2622 0
      vertex 84.6 -51 3
    endloop
  endfacet
  facet normal -1 0 0
    outer loop
      vertex 84.6 51 3
      vertex 84.6 52.3251 8.96
      vertex 84.6 52 4
    endloop
  endfacet
  facet normal -1 0 0
    outer loop
      vertex 84.6 51 11
      vertex 84.6 52.3251 8.96
      vertex 84.6 51 3
    endloop
  endfacet
  facet normal -1 0 0
    outer loop
      vertex 84.6 52.3251 8.96
      vertex 84.6 51 11
      vertex 84.6 52.9994 12.35
    endloop
  endfacet
  facet normal -1 0 0
    outer loop
      vertex 84.6 33 11
      vertex 84.6 52.9994 12.35
      vertex 84.6 51 11
    endloop
  endfacet
  facet normal -1 0 0
    outer loop
      vertex 84.6 -33 11
      vertex 84.6 33 11
      vertex 84.6 -33 3
    endloop
  endfacet
  facet normal -1 0 0
    outer loop
      vertex 84.6 -33 11
      vertex 84.6 52.9994 12.35
      vertex 84.6 33 11
    endloop
  endfacet
  facet normal -1 0 0
    outer loop
      vertex 84.6 -52.9994 12.35
      vertex 84.6 -33 11
      vertex 84.6 -51 11
    endloop
  endfacet
  facet normal -1 0 0
    outer loop
      vertex 84.6 -51 3
      vertex 84.6 -52.3251 8.96
      vertex 84.6 -51 11
    endloop
  endfacet
  facet normal -1 0 0
    outer loop
      vertex 84.6 -33 11
      vertex 84.6 -52.9994 12.35
      vertex 84.6 52.9994 12.35
    endloop
  endfacet
  facet normal -1 0 0
    outer loop
      vertex 84.6 -52.9994 12.35
      vertex 84.6 -51 11
      vertex 84.6 -52.3251 8.96
    endloop
  endfacet
  facet normal 0.773004 -0.152986 -0.615679
    outer loop
      vertex -83.7604 126.751 13.6053
      vertex -83.8723 126.78 13.4576
      vertex -84.5059 128.036 12.35
    endloop
  endfacet
  facet normal 0.819447 -7.22847e-05 -0.573155
    outer loop
      vertex -56.6 64.1 54.95
      vertex -65.8833 85.04 41.6749
      vertex -65.8566 85.6216 41.713
    endloop
  endfacet
  facet normal 0.819502 1.64531e-06 -0.573076
    outer loop
      vertex -56.6 64.1 54.95
      vertex -66.5614 80.1649 40.7052
      vertex -65.8833 85.04 41.6749
    endloop
  endfacet
  facet normal 0.819504 5.39057e-06 -0.573074
    outer loop
      vertex -56.6 64.1 54.95
      vertex -67.6787 75.458 39.1074
      vertex -66.5614 80.1649 40.7052
    endloop
  endfacet
  facet normal 0.819499 -8.56535e-06 -0.57308
    outer loop
      vertex -56.6 64.1 54.95
      vertex -69.2161 71 36.909
      vertex -67.6787 75.458 39.1074
    endloop
  endfacet
  facet normal 0.819503 1.44146e-05 -0.573074
    outer loop
      vertex -56.6 64.1 54.95
      vertex -71.1472 66.8671 34.1474
      vertex -69.2161 71 36.909
    endloop
  endfacet
  facet normal 0.819501 -1.83171e-05 -0.573077
    outer loop
      vertex -56.6 64.1 54.95
      vertex -73.4391 63.1299 30.8701
      vertex -71.1472 66.8671 34.1474
    endloop
  endfacet
  facet normal 0.819501 7.33453e-06 -0.573078
    outer loop
      vertex -56.6 64.1 54.95
      vertex -76.0525 59.8526 27.1329
      vertex -73.4391 63.1299 30.8701
    endloop
  endfacet
  facet normal 0.819504 -3.64918e-05 -0.573074
    outer loop
      vertex -56.6 64.1 54.95
      vertex -76.6 59.3294 26.35
      vertex -76.0525 59.8526 27.1329
    endloop
  endfacet
  facet normal 0.819501 0 -0.573078
    outer loop
      vertex -56.6 64.1 54.95
      vertex -76.6 -59.3294 26.35
      vertex -76.6 59.3294 26.35
    endloop
  endfacet
  facet normal 0.819501 0 -0.573078
    outer loop
      vertex -56.6 -64.1 54.95
      vertex -76.6 -59.3294 26.35
      vertex -56.6 64.1 54.95
    endloop
  endfacet
  facet normal 0.819504 3.64918e-05 -0.573074
    outer loop
      vertex -76.6 -59.3294 26.35
      vertex -56.6 -64.1 54.95
      vertex -76.0525 -59.8526 27.1329
    endloop
  endfacet
  facet normal 0.819501 -7.33453e-06 -0.573078
    outer loop
      vertex -76.0525 -59.8526 27.1329
      vertex -56.6 -64.1 54.95
      vertex -73.4391 -63.1299 30.8701
    endloop
  endfacet
  facet normal 0.819501 1.83171e-05 -0.573077
    outer loop
      vertex -56.6 -64.1 54.95
      vertex -71.1472 -66.8671 34.1474
      vertex -73.4391 -63.1299 30.8701
    endloop
  endfacet
  facet normal 0.819503 -1.44146e-05 -0.573074
    outer loop
      vertex -56.6 -64.1 54.95
      vertex -69.2161 -71 36.909
      vertex -71.1472 -66.8671 34.1474
    endloop
  endfacet
  facet normal 0.819499 8.56535e-06 -0.57308
    outer loop
      vertex -56.6 -64.1 54.95
      vertex -67.6787 -75.458 39.1074
      vertex -69.2161 -71 36.909
    endloop
  endfacet
  facet normal 0.819504 -5.39057e-06 -0.573074
    outer loop
      vertex -56.6 -64.1 54.95
      vertex -66.5614 -80.1649 40.7052
      vertex -67.6787 -75.458 39.1074
    endloop
  endfacet
  facet normal 0.819502 -1.64531e-06 -0.573076
    outer loop
      vertex -56.6 -64.1 54.95
      vertex -65.8833 -85.04 41.6749
      vertex -66.5614 -80.1649 40.7052
    endloop
  endfacet
  facet normal 0.819447 7.22847e-05 -0.573155
    outer loop
      vertex -65.8833 -85.04 41.6749
      vertex -56.6 -64.1 54.95
      vertex -65.8566 -85.6216 41.713
    endloop
  endfacet
  facet normal 0 -0.682318 -0.731055
    outer loop
      vertex -64.6 122.6 26.35
      vertex 73.6 137.6 12.35
      vertex 64.6 122.6 26.35
    endloop
  endfacet
  facet normal -0 -0.682318 -0.731055
    outer loop
      vertex 73.6 137.6 12.35
      vertex -64.6 122.6 26.35
      vertex -73.6 137.6 12.35
    endloop
  endfacet
  facet normal -0.167047 -0.190484 -0.967373
    outer loop
      vertex 51.9137 75.4137 54.95
      vertex 47.7924 63.7924 57.95
      vertex 46.5139 64.9136 57.95
    endloop
  endfacet
  facet normal -0.395471 -0.0786626 -0.915104
    outer loop
      vertex 56.0548 68.2411 54.95
      vertex 56.4631 66.1884 54.95
      vertex 51.157 57.9646 57.95
    endloop
  endfacet
  facet normal 0.419525 0.478601 -0.771323
    outer loop
      vertex -74.7451 -122.824 23.1274
      vertex -72.6942 -121.55 25.0334
      vertex -80.2964 -135.327 12.35
    endloop
  endfacet
  facet normal -0.349075 -0.523612 -0.77716
    outer loop
      vertex 70.6 120.992 26.35
      vertex 72.6942 121.55 25.0334
      vertex 71.0815 120.671 26.35
    endloop
  endfacet
  facet normal -0.349448 -0.522919 -0.777459
    outer loop
      vertex 72.6942 121.55 25.0334
      vertex 70.6 120.992 26.35
      vertex 80.2964 135.327 12.35
    endloop
  endfacet
  facet normal 0.34388 0.392069 -0.853246
    outer loop
      vertex -50.3402 -76.7936 54.95
      vertex -60.7672 -97.7429 41.1214
      vertex -61.2257 -97.0339 41.2624
    endloop
  endfacet
  facet normal -0.751905 -0.659272 0
    outer loop
      vertex 82.3269 133.296 0
      vertex 81.3782 134.378 12.35
      vertex 81.3782 134.378 0
    endloop
  endfacet
  facet normal -0.751905 -0.659272 0
    outer loop
      vertex 81.3782 134.378 12.35
      vertex 82.3269 133.296 0
      vertex 82.3269 133.296 12.35
    endloop
  endfacet
  facet normal -0.514496 0 -0.857493
    outer loop
      vertex 51.6 -54.6 57.95
      vertex 56.6 64.1 54.95
      vertex 56.6 -64.1 54.95
    endloop
  endfacet
  facet normal -0.514496 0 -0.857493
    outer loop
      vertex 56.6 64.1 54.95
      vertex 51.6 -54.6 57.95
      vertex 51.6 54.6 57.95
    endloop
  endfacet
  facet normal -0.334652 -0.113594 -0.93547
    outer loop
      vertex 55.3821 70.2229 54.95
      vertex 56.0548 68.2411 54.95
      vertex 51.157 57.9646 57.95
    endloop
  endfacet
  facet normal -0.334652 0.113594 -0.93547
    outer loop
      vertex 51.157 -57.9646 57.95
      vertex 55.3821 -70.2229 54.95
      vertex 50.6104 -59.5749 57.95
    endloop
  endfacet
  facet normal -0.201904 0.177062 -0.963267
    outer loop
      vertex 48.9136 -62.5139 57.95
      vertex 51.9137 -75.4137 54.95
      vertex 47.7924 -63.7924 57.95
    endloop
  endfacet
  facet normal 0.104017 -0.210925 -0.971952
    outer loop
      vertex -43.5749 66.6104 57.95
      vertex -45.1 65.8583 57.95
      vertex -46.7229 78.8821 54.95
    endloop
  endfacet
  facet normal -0.201904 0.177062 -0.963267
    outer loop
      vertex 53.2936 -73.8402 54.95
      vertex 51.9137 -75.4137 54.95
      vertex 48.9136 -62.5139 57.95
    endloop
  endfacet
  facet normal 0.470511 -0.0308432 -0.881855
    outer loop
      vertex -56.4631 66.1884 54.95
      vertex -51.6 54.6 57.95
      vertex -56.6 64.1 54.95
    endloop
  endfacet
  facet normal -0.104017 0.210925 -0.971952
    outer loop
      vertex 45.1 -65.8583 57.95
      vertex 46.7229 -78.8821 54.95
      vertex 43.5749 -66.6104 57.95
    endloop
  endfacet
  facet normal 0.102511 -0.515464 -0.850758
    outer loop
      vertex -59 108.134 35.9161
      vertex -44.7411 79.5548 54.95
      vertex -59 106.028 37.1921
    endloop
  endfacet
  facet normal 0.10244 -0.515485 -0.850754
    outer loop
      vertex -65.9305 118.895 28.5609
      vertex -66.1663 122.497 26.35
      vertex -64.1711 118.498 29.0133
    endloop
  endfacet
  facet normal 0.10246 -0.515483 -0.850752
    outer loop
      vertex -66.1663 122.497 26.35
      vertex -65.9305 118.895 28.5609
      vertex -67.7058 122.191 26.35
    endloop
  endfacet
  facet normal 0.489776 -0.429155 -0.75891
    outer loop
      vertex -75.8319 123.309 22.1892
      vertex -77.3612 123.983 20.8211
      vertex -82.3269 133.296 12.35
    endloop
  endfacet
  facet normal 0.102324 0.515553 -0.850726
    outer loop
      vertex -59 -108.134 35.9161
      vertex -42.6884 -79.9631 54.95
      vertex -59 -109.514 35.0798
    endloop
  endfacet
  facet normal 0.102529 0.515456 -0.85076
    outer loop
      vertex -42.6884 -79.9631 54.95
      vertex -59 -108.134 35.9161
      vertex -44.7411 -79.5548 54.95
    endloop
  endfacet
  facet normal 0.104467 0.514647 -0.851014
    outer loop
      vertex -64.1711 -118.498 29.0133
      vertex -63.9288 -118.444 29.0757
      vertex -66.1663 -122.497 26.35
    endloop
  endfacet
  facet normal 0.044845 0.225455 -0.973221
    outer loop
      vertex -41.9646 -67.157 57.95
      vertex -42.6884 -79.9631 54.95
      vertex -44.7411 -79.5548 54.95
    endloop
  endfacet
  facet normal -0.349294 -0.523022 -0.777458
    outer loop
      vertex 79.1 136.126 12.35
      vertex 80.2964 135.327 12.35
      vertex 70.6 120.992 26.35
    endloop
  endfacet
  facet normal -0.819447 -7.22847e-05 -0.573155
    outer loop
      vertex 65.8833 85.04 41.6749
      vertex 56.6 64.1 54.95
      vertex 65.8566 85.6216 41.713
    endloop
  endfacet
  facet normal -0.819502 1.64531e-06 -0.573076
    outer loop
      vertex 66.5614 80.1649 40.7052
      vertex 56.6 64.1 54.95
      vertex 65.8833 85.04 41.6749
    endloop
  endfacet
  facet normal -0.819504 5.39057e-06 -0.573074
    outer loop
      vertex 67.6787 75.458 39.1074
      vertex 56.6 64.1 54.95
      vertex 66.5614 80.1649 40.7052
    endloop
  endfacet
  facet normal -0.819499 -8.56535e-06 -0.57308
    outer loop
      vertex 69.2161 71 36.909
      vertex 56.6 64.1 54.95
      vertex 67.6787 75.458 39.1074
    endloop
  endfacet
  facet normal -0.819503 1.44146e-05 -0.573074
    outer loop
      vertex 71.1472 66.8671 34.1474
      vertex 56.6 64.1 54.95
      vertex 69.2161 71 36.909
    endloop
  endfacet
  facet normal -0.819501 -1.83171e-05 -0.573077
    outer loop
      vertex 73.4391 63.1299 30.8701
      vertex 56.6 64.1 54.95
      vertex 71.1472 66.8671 34.1474
    endloop
  endfacet
  facet normal -0.819501 7.33453e-06 -0.573078
    outer loop
      vertex 76.0525 59.8526 27.1329
      vertex 56.6 64.1 54.95
      vertex 73.4391 63.1299 30.8701
    endloop
  endfacet
  facet normal -0.819504 -3.64918e-05 -0.573074
    outer loop
      vertex 76.6 59.3294 26.35
      vertex 56.6 64.1 54.95
      vertex 76.0525 59.8526 27.1329
    endloop
  endfacet
  facet normal -0.819501 0 -0.573078
    outer loop
      vertex 76.6 -59.3294 26.35
      vertex 56.6 64.1 54.95
      vertex 76.6 59.3294 26.35
    endloop
  endfacet
  facet normal -0.819504 3.64918e-05 -0.573074
    outer loop
      vertex 56.6 -64.1 54.95
      vertex 76.6 -59.3294 26.35
      vertex 76.0525 -59.8526 27.1329
    endloop
  endfacet
  facet normal -0.819501 -7.33453e-06 -0.573078
    outer loop
      vertex 56.6 -64.1 54.95
      vertex 76.0525 -59.8526 27.1329
      vertex 73.4391 -63.1299 30.8701
    endloop
  endfacet
  facet normal -0.819501 0 -0.573078
    outer loop
      vertex 76.6 -59.3294 26.35
      vertex 56.6 -64.1 54.95
      vertex 56.6 64.1 54.95
    endloop
  endfacet
  facet normal -0.819501 1.83171e-05 -0.573077
    outer loop
      vertex 71.1472 -66.8671 34.1474
      vertex 56.6 -64.1 54.95
      vertex 73.4391 -63.1299 30.8701
    endloop
  endfacet
  facet normal -0.819503 -1.44146e-05 -0.573074
    outer loop
      vertex 69.2161 -71 36.909
      vertex 56.6 -64.1 54.95
      vertex 71.1472 -66.8671 34.1474
    endloop
  endfacet
  facet normal -0.819499 8.56535e-06 -0.57308
    outer loop
      vertex 67.6787 -75.458 39.1074
      vertex 56.6 -64.1 54.95
      vertex 69.2161 -71 36.909
    endloop
  endfacet
  facet normal -0.819504 -5.39057e-06 -0.573074
    outer loop
      vertex 66.5614 -80.1649 40.7052
      vertex 56.6 -64.1 54.95
      vertex 67.6787 -75.458 39.1074
    endloop
  endfacet
  facet normal -0.819502 -1.64531e-06 -0.573076
    outer loop
      vertex 65.8833 -85.04 41.6749
      vertex 56.6 -64.1 54.95
      vertex 66.5614 -80.1649 40.7052
    endloop
  endfacet
  facet normal -0.819447 7.22847e-05 -0.573155
    outer loop
      vertex 56.6 -64.1 54.95
      vertex 65.8833 -85.04 41.6749
      vertex 65.8566 -85.6216 41.713
    endloop
  endfacet
  facet normal 0.777623 0.0509709 -0.626662
    outer loop
      vertex -56.6 -64.1 54.95
      vertex -65.7793 -86.2747 41.7558
      vertex -65.8566 -85.6216 41.713
    endloop
  endfacet
  facet normal -0.896806 0.442424 0
    outer loop
      vertex 83.1263 -132.1 0
      vertex 83.7627 -130.81 12.35
      vertex 83.7627 -130.81 0
    endloop
  endfacet
  facet normal -0.896806 0.442424 0
    outer loop
      vertex 83.7627 -130.81 12.35
      vertex 83.1263 -132.1 0
      vertex 83.1263 -132.1 12.35
    endloop
  endfacet
  facet normal -0.946967 -0.32133 0
    outer loop
      vertex 84.2252 129.447 0
      vertex 83.7627 130.81 12.35
      vertex 83.7627 130.81 0
    endloop
  endfacet
  facet normal -0.946967 -0.32133 0
    outer loop
      vertex 83.7627 130.81 12.35
      vertex 84.2252 129.447 0
      vertex 84.2252 129.447 12.35
    endloop
  endfacet
  facet normal 0.838598 0.0549343 -0.541973
    outer loop
      vertex -83.9473 -126.804 13.3392
      vertex -84.5059 -128.036 12.35
      vertex -84.5737 -127.001 12.35
    endloop
  endfacet
  facet normal 0.442622 -0.896708 0
    outer loop
      vertex -79.1 136.126 0
      vertex -77.8095 136.763 12.35
      vertex -79.1 136.126 12.35
    endloop
  endfacet
  facet normal 0.442622 -0.896708 0
    outer loop
      vertex -77.8095 136.763 12.35
      vertex -79.1 136.126 0
      vertex -77.8095 136.763 0
    endloop
  endfacet
  facet normal 0.405134 0.355276 -0.842405
    outer loop
      vertex -53.2936 -73.8402 54.95
      vertex -62.4742 -94.8276 41.6836
      vertex -62.9252 -94.2187 41.7235
    endloop
  endfacet
  facet normal 0.559793 -0.374072 -0.739393
    outer loop
      vertex -79.3989 124.997 18.7654
      vertex -82.3269 133.296 12.35
      vertex -78.4804 124.54 19.692
    endloop
  endfacet
  facet normal 0.559726 -0.374118 -0.739421
    outer loop
      vertex -82.3269 133.296 12.35
      vertex -79.3989 124.997 18.7654
      vertex -83.1263 132.1 12.35
    endloop
  endfacet
  facet normal -0.555374 -0.831601 0
    outer loop
      vertex 79.1 136.126 0
      vertex 80.2964 135.327 12.35
      vertex 79.1 136.126 12.35
    endloop
  endfacet
  facet normal -0.555374 -0.831601 -0
    outer loop
      vertex 80.2964 135.327 12.35
      vertex 79.1 136.126 0
      vertex 80.2964 135.327 0
    endloop
  endfacet
  facet normal 0.946967 -0.32133 0
    outer loop
      vertex -84.2252 129.447 12.35
      vertex -83.7627 130.81 0
      vertex -83.7627 130.81 12.35
    endloop
  endfacet
  facet normal 0.946967 -0.32133 0
    outer loop
      vertex -83.7627 130.81 0
      vertex -84.2252 129.447 12.35
      vertex -84.2252 129.447 0
    endloop
  endfacet
  facet normal 0.044853 0.225455 -0.973221
    outer loop
      vertex -41.9646 -67.157 57.95
      vertex -40.2968 -67.4888 57.95
      vertex -42.6884 -79.9631 54.95
    endloop
  endfacet
  facet normal -0.419525 -0.478601 -0.771323
    outer loop
      vertex 80.2964 135.327 12.35
      vertex 74.7451 122.824 23.1274
      vertex 72.6942 121.55 25.0334
    endloop
  endfacet
  facet normal 0.0437022 -0.667527 -0.743302
    outer loop
      vertex -73.6 137.6 12.35
      vertex -64.6 122.6 26.35
      vertex -75.0358 137.506 12.35
    endloop
  endfacet
  facet normal 0.0438915 -0.66745 -0.74336
    outer loop
      vertex -64.6 122.6 26.35
      vertex -66.1663 122.497 26.35
      vertex -75.0358 137.506 12.35
    endloop
  endfacet
  facet normal 0.044853 -0.225455 -0.973221
    outer loop
      vertex -40.2968 67.4888 57.95
      vertex -41.9646 67.157 57.95
      vertex -42.6884 79.9631 54.95
    endloop
  endfacet
  facet normal 0.0151422 -0.231055 -0.972823
    outer loop
      vertex -38.6 67.6 57.95
      vertex -40.2968 67.4888 57.95
      vertex -42.6884 79.9631 54.95
    endloop
  endfacet
  facet normal -5.19923e-05 -0.558283 -0.82965
    outer loop
      vertex 59 112.683 33.0233
      vertex 40.6 80.1 54.95
      vertex 59 118.291 29.2496
    endloop
  endfacet
  facet normal 0 -0.558285 -0.829649
    outer loop
      vertex 59 118.291 29.2496
      vertex 64.6 122.6 26.35
      vertex 62.1668 118.291 29.2496
    endloop
  endfacet
  facet normal 0 -0.5583 -0.829639
    outer loop
      vertex -40.6 80.1 54.95
      vertex 59 118.291 29.2496
      vertex 40.6 80.1 54.95
    endloop
  endfacet
  facet normal 0 -0.5583 -0.829639
    outer loop
    endloop
  endfacet
  facet normal 0 0 1
    outer loop
      vertex -70.6421 -42.44 11
      vertex -84.6 -51 11
      vertex -70.5706 -42.6506 11
    endloop
  endfacet
  facet normal 0 0 1
    outer loop
      vertex -70.5706 -42.6506 11
      vertex -84.6 -51 11
      vertex -70.4722 -42.85 11
    endloop
  endfacet
  facet normal 0 0 1
    outer loop
      vertex -70.4722 -42.85 11
      vertex -84.6 -51 11
      vertex -70.3487 -43.0349 11
    endloop
  endfacet
  facet normal 0 0 1
    outer loop
      vertex -70.3487 -43.0349 11
      vertex -84.6 -51 11
      vertex -70.2021 -43.2021 11
    endloop
  endfacet
  facet normal 0 0 1
    outer loop
      vertex -69.44 -43.6421 11
      vertex -84.6 -51 11
      vertex -61.5 -51 11
    endloop
  endfacet
  facet normal 0 0 -1
    outer loop
      vertex -61.5 -51 3
      vertex -67.3 -42 3
      vertex -61.5 -33 3
    endloop
  endfacet
  facet normal 0 0 -1
    outer loop
      vertex -61.5 -51 3
      vertex -67.3145 -42.2219 3
      vertex -67.3 -42 3
    endloop
  endfacet
  facet normal 0 0 -1
    outer loop
      vertex -61.5 -51 3
      vertex -67.3579 -42.44 3
      vertex -67.3145 -42.2219 3
    endloop
  endfacet
  facet normal 0 0 -1
    outer loop
      vertex -61.5 -51 3
      vertex -67.4294 -42.6506 3
      vertex -67.3579 -42.44 3
    endloop
  endfacet
  facet normal 0 0 -1
    outer loop
      vertex -61.5 -51 3
      vertex -67.5278 -42.85 3
      vertex -67.4294 -42.6506 3
    endloop
  endfacet
  facet normal 0 0 -1
    outer loop
      vertex -61.5 -51 3
      vertex -67.6513 -43.0349 3
      vertex -67.5278 -42.85 3
    endloop
  endfacet
  facet normal 0 0 -1
    outer loop
      vertex -61.5 -51 3
      vertex -67.7979 -43.2021 3
      vertex -67.6513 -43.0349 3
    endloop
  endfacet
  facet normal 0 0 -1
    outer loop
      vertex -61.5 -51 3
      vertex -67.9651 -43.3487 3
      vertex -67.7979 -43.2021 3
    endloop
  endfacet
  facet normal 0 0 -1
    outer loop
      vertex -61.5 -51 3
      vertex -68.15 -43.4722 3
      vertex -67.9651 -43.3487 3
    endloop
  endfacet
  facet normal 0 0 -1
    outer loop
      vertex -61.5 -51 3
      vertex -68.3494 -43.5706 3
      vertex -68.15 -43.4722 3
    endloop
  endfacet
  facet normal 0 0 -1
    outer loop
      vertex -61.5 -51 3
      vertex -68.56 -43.6421 3
      vertex -68.3494 -43.5706 3
    endloop
  endfacet
  facet normal 0 0 -1
    outer loop
      vertex -61.5 -51 3
      vertex -68.7781 -43.6855 3
      vertex -68.56 -43.6421 3
    endloop
  endfacet
  facet normal 0 0 -1
    outer loop
      vertex -61.5 -51 3
      vertex -69 -43.7 3
      vertex -68.7781 -43.6855 3
    endloop
  endfacet
  facet normal 0 0 -1
    outer loop
      vertex -61.5 -51 3
      vertex -69.2219 -43.6855 3
      vertex -69 -43.7 3
    endloop
  endfacet
  facet normal 0 0 -1
    outer loop
      vertex -61.5 -51 3
      vertex -69.44 -43.6421 3
      vertex -69.2219 -43.6855 3
    endloop
  endfacet
  facet normal 0 0 -1
    outer loop
      vertex -84.6 -51 3
      vertex -69.44 -43.6421 3
      vertex -61.5 -51 3
    endloop
  endfacet
  facet normal -0 0 -1
    outer loop
      vertex -69.44 -43.6421 3
      vertex -84.6 -51 3
      vertex -69.6506 -43.5706 3
    endloop
  endfacet
  facet normal -0 0 -1
    outer loop
      vertex -69.6506 -43.5706 3
      vertex -84.6 -51 3
      vertex -69.85 -43.4722 3
    endloop
  endfacet
  facet normal -0 0 -1
    outer loop
      vertex -69.85 -43.4722 3
      vertex -84.6 -51 3
      vertex -70.0349 -43.3487 3
    endloop
  endfacet
  facet normal -0 0 -1
    outer loop
      vertex -70.6855 -42.2219 3
      vertex -84.6 -51 3
      vertex -70.7 -42 3
    endloop
  endfacet
  facet normal -0 0 -1
    outer loop
      vertex -70.6421 -42.44 3
      vertex -84.6 -51 3
      vertex -70.6855 -42.2219 3
    endloop
  endfacet
  facet normal -0 0 -1
    outer loop
      vertex -70.5706 -42.6506 3
      vertex -84.6 -51 3
      vertex -70.6421 -42.44 3
    endloop
  endfacet
  facet normal -0 0 -1
    outer loop
      vertex -70.4722 -42.85 3
      vertex -84.6 -51 3
      vertex -70.5706 -42.6506 3
    endloop
  endfacet
  facet normal -0 0 -1
    outer loop
      vertex -70.3487 -43.0349 3
      vertex -84.6 -51 3
      vertex -70.4722 -42.85 3
    endloop
  endfacet
  facet normal -0 0 -1
    outer loop
      vertex -70.2021 -43.2021 3
      vertex -84.6 -51 3
      vertex -70.3487 -43.0349 3
    endloop
  endfacet
  facet normal -0 0 -1
    outer loop
      vertex -70.0349 -43.3487 3
      vertex -84.6 -51 3
      vertex -70.2021 -43.2021 3
    endloop
  endfacet
  facet normal 0 0 -1
    outer loop
      vertex -67.3145 -41.7781 3
      vertex -61.5 -33 3
      vertex -67.3 -42 3
    endloop
  endfacet
  facet normal 0 0 -1
    outer loop
      vertex -67.3579 -41.56 3
      vertex -61.5 -33 3
      vertex -67.3145 -41.7781 3
    endloop
  endfacet
  facet normal 0 0 -1
    outer loop
      vertex -67.4294 -41.3494 3
      vertex -61.5 -33 3
      vertex -67.3579 -41.56 3
    endloop
  endfacet
  facet normal 0 0 -1
    outer loop
      vertex -67.5278 -41.15 3
      vertex -61.5 -33 3
      vertex -67.4294 -41.3494 3
    endloop
  endfacet
  facet normal 0 0 -1
    outer loop
      vertex -67.6513 -40.9651 3
      vertex -61.5 -33 3
      vertex -67.5278 -41.15 3
    endloop
  endfacet
  facet normal 0 0 -1
    outer loop
      vertex -67.7979 -40.7979 3
      vertex -61.5 -33 3
      vertex -67.6513 -40.9651 3
    endloop
  endfacet
  facet normal 0 0 -1
    outer loop
      vertex -67.9651 -40.6513 3
      vertex -61.5 -33 3
      vertex -67.7979 -40.7979 3
    endloop
  endfacet
  facet normal 0 0 -1
    outer loop
      vertex -68.15 -40.5278 3
      vertex -61.5 -33 3
      vertex -67.9651 -40.6513 3
    endloop
  endfacet
  facet normal 0 0 -1
    outer loop
      vertex -68.3494 -40.4294 3
      vertex -61.5 -33 3
      vertex -68.15 -40.5278 3
    endloop
  endfacet
  facet normal 0 0 -1
    outer loop
      vertex -68.56 -40.3579 3
      vertex -61.5 -33 3
      vertex -68.3494 -40.4294 3
    endloop
  endfacet
  facet normal 0 0 -1
    outer loop
      vertex -68.7781 -40.3145 3
      vertex -61.5 -33 3
      vertex -68.56 -40.3579 3
    endloop
  endfacet
  facet normal 0 0 -1
    outer loop
      vertex -69 -40.3 3
      vertex -61.5 -33 3
      vertex -68.7781 -40.3145 3
    endloop
  endfacet
  facet normal 0 0 -1
    outer loop
      vertex -69.2219 -40.3145 3
      vertex -61.5 -33 3
      vertex -69 -40.3 3
    endloop
  endfacet
  facet normal 0 0 -1
    outer loop
      vertex -69.44 -40.3579 3
      vertex -61.5 -33 3
      vertex -69.2219 -40.3145 3
    endloop
  endfacet
  facet normal 0 0 -1
    outer loop
      vertex -84.6 -33 3
      vertex -69.44 -40.3579 3
      vertex -69.6506 -40.4294 3
    endloop
  endfacet
  facet normal 0 0 -1
    outer loop
      vertex -84.6 -33 3
      vertex -69.6506 -40.4294 3
      vertex -69.85 -40.5278 3
    endloop
  endfacet
  facet normal 0 0 -1
    outer loop
      vertex -84.6 -33 3
      vertex -69.85 -40.5278 3
      vertex -70.0349 -40.6513 3
    endloop
  endfacet
  facet normal 0 0 -1
    outer loop
      vertex -84.6 -33 3
      vertex -70.0349 -40.6513 3
      vertex -70.2021 -40.7979 3
    endloop
  endfacet
  facet normal 0 0 -1
    outer loop
      vertex -84.6 -33 3
      vertex -70.7 -42 3
      vertex -84.6 -51 3
    endloop
  endfacet
  facet normal 0 0 -1
    outer loop
      vertex -70.7 -42 3
      vertex -84.6 -33 3
      vertex -70.6855 -41.7781 3
    endloop
  endfacet
  facet normal 0 0 -1
    outer loop
      vertex -70.6855 -41.7781 3
      vertex -84.6 -33 3
      vertex -70.6421 -41.56 3
    endloop
  endfacet
  facet normal 0 0 -1
    outer loop
      vertex -70.6421 -41.56 3
      vertex -84.6 -33 3
      vertex -70.5706 -41.3494 3
    endloop
  endfacet
  facet normal 0 0 -1
    outer loop
      vertex -70.5706 -41.3494 3
      vertex -84.6 -33 3
      vertex -70.4722 -41.15 3
    endloop
  endfacet
  facet normal 0 0 -1
    outer loop
      vertex -70.4722 -41.15 3
      vertex -84.6 -33 3
      vertex -70.3487 -40.9651 3
    endloop
  endfacet
  facet normal 0 0 -1
    outer loop
      vertex -70.3487 -40.9651 3
      vertex -84.6 -33 3
      vertex -70.2021 -40.7979 3
    endloop
  endfacet
  facet normal 0 0 -1
    outer loop
      vertex -69.44 -40.3579 3
      vertex -84.6 -33 3
      vertex -61.5 -33 3
    endloop
  endfacet
  facet normal 0 0 -1
    outer loop
      vertex -88.5 -51 3
      vertex -87 -33 3
      vertex -87 -51 3
    endloop
  endfacet
  facet normal -0 0 -1
    outer loop
      vertex -87 -33 3
      vertex -88.5 -51 3
      vertex -88.5 -33 3
    endloop
  endfacet
  facet normal -1 0 0
    outer loop
      vertex -88.5 -51 3
      vertex -88.5 -33 11
      vertex -88.5 -33 3
    endloop
  endfacet
  facet normal -1 -0 0
    outer loop
      vertex -88.5 -33 11
      vertex -88.5 -51 3
      vertex -88.5 -51 11
    endloop
  endfacet
  facet normal 0 1 -0
    outer loop
      vertex -87 -33 3
      vertex -88.5 -33 11
      vertex -87 -33 11
    endloop
  endfacet
  facet normal 0 1 0
    outer loop
      vertex -88.5 -33 11
      vertex -87 -33 3
      vertex -88.5 -33 3
    endloop
  endfacet
  facet normal 0 1 -0
    outer loop
      vertex -61.5 -33 3
      vertex -84.6 -33 11
      vertex -61.5 -33 11
    endloop
  endfacet
  facet normal 0 1 0
    outer loop
      vertex -84.6 -33 11
      vertex -61.5 -33 3
      vertex -84.6 -33 3
    endloop
  endfacet
  facet normal 0 -1 0
    outer loop
      vertex -88.5 -51 3
      vertex -87 -51 11
      vertex -88.5 -51 11
    endloop
  endfacet
  facet normal 0 -1 -0
    outer loop
      vertex -87 -51 11
      vertex -88.5 -51 3
      vertex -87 -51 3
    endloop
  endfacet
  facet normal 0 -1 0
    outer loop
      vertex -84.6 -51 3
      vertex -61.5 -51 11
      vertex -84.6 -51 11
    endloop
  endfacet
  facet normal 0 -1 -0
    outer loop
      vertex -61.5 -51 11
      vertex -84.6 -51 3
      vertex -61.5 -51 3
    endloop
  endfacet
  facet normal -0.98077 -0.195165 0
    outer loop
      vertex -67.3145 -41.7781 3
      vertex -67.3579 -41.56 11
      vertex -67.3579 -41.56 3
    endloop
  endfacet
  facet normal -0.98077 -0.195165 0
    outer loop
      vertex -67.3579 -41.56 11
      vertex -67.3145 -41.7781 3
      vertex -67.3145 -41.7781 11
    endloop
  endfacet
  facet normal -0.997872 -0.0652057 0
    outer loop
      vertex -67.3 -42 3
      vertex -67.3145 -41.7781 11
      vertex -67.3145 -41.7781 3
    endloop
  endfacet
  facet normal -0.997872 -0.0652057 0
    outer loop
      vertex -67.3145 -41.7781 11
      vertex -67.3 -42 3
      vertex -67.3 -42 11
    endloop
  endfacet
  facet normal -0.0652057 0.997872 0
    outer loop
      vertex -68.7781 -43.6855 3
      vertex -69 -43.7 11
      vertex -68.7781 -43.6855 11
    endloop
  endfacet
  facet normal -0.0652057 0.997872 0
    outer loop
      vertex -69 -43.7 11
      vertex -68.7781 -43.6855 3
      vertex -69 -43.7 3
    endloop
  endfacet
  facet normal 0.659268 -0.751908 0
    outer loop
      vertex -70.2021 -40.7979 3
      vertex -70.0349 -40.6513 11
      vertex -70.2021 -40.7979 11
    endloop
  endfacet
  facet normal 0.659268 -0.751908 0
    outer loop
      vertex -70.0349 -40.6513 11
      vertex -70.2021 -40.7979 3
      vertex -70.0349 -40.6513 3
    endloop
  endfacet
  facet normal 0.831566 0.555426 0
    outer loop
      vertex -70.3487 -43.0349 11
      vertex -70.4722 -42.85 3
      vertex -70.4722 -42.85 11
    endloop
  endfacet
  facet normal 0.831566 0.555426 0
    outer loop
      vertex -70.4722 -42.85 3
      vertex -70.3487 -43.0349 11
      vertex -70.3487 -43.0349 3
    endloop
  endfacet
  facet normal 0.195165 0.98077 -0
    outer loop
      vertex -69.2219 -43.6855 3
      vertex -69.44 -43.6421 11
      vertex -69.2219 -43.6855 11
    endloop
  endfacet
  facet normal 0.195165 0.98077 0
    outer loop
      vertex -69.44 -43.6421 11
      vertex -69.2219 -43.6855 3
      vertex -69.44 -43.6421 3
    endloop
  endfacet
  facet normal -0.659268 -0.751908 0
    outer loop
      vertex -67.9651 -40.6513 3
      vertex -67.7979 -40.7979 11
      vertex -67.9651 -40.6513 11
    endloop
  endfacet
  facet normal -0.659268 -0.751908 -0
    outer loop
      vertex -67.7979 -40.7979 11
      vertex -67.9651 -40.6513 3
      vertex -67.7979 -40.7979 3
    endloop
  endfacet
  facet normal -0.946915 0.321484 0
    outer loop
      vertex -67.4294 -42.6506 3
      vertex -67.3579 -42.44 11
      vertex -67.3579 -42.44 3
    endloop
  endfacet
  facet normal -0.946915 0.321484 0
    outer loop
      vertex -67.3579 -42.44 11
      vertex -67.4294 -42.6506 3
      vertex -67.4294 -42.6506 11
    endloop
  endfacet
  facet normal -0.751908 0.659268 0
    outer loop
      vertex -67.7979 -43.2021 3
      vertex -67.6513 -43.0349 11
      vertex -67.6513 -43.0349 3
    endloop
  endfacet
  facet normal -0.751908 0.659268 0
    outer loop
      vertex -67.6513 -43.0349 11
      vertex -67.7979 -43.2021 3
      vertex -67.7979 -43.2021 11
    endloop
  endfacet
  facet normal -0.751908 -0.659268 0
    outer loop
      vertex -67.6513 -40.9651 3
      vertex -67.7979 -40.7979 11
      vertex -67.7979 -40.7979 3
    endloop
  endfacet
  facet normal -0.751908 -0.659268 0
    outer loop
      vertex -67.7979 -40.7979 11
      vertex -67.6513 -40.9651 3
      vertex -67.6513 -40.9651 11
    endloop
  endfacet
  facet normal 0.946915 0.321484 0
    outer loop
      vertex -70.5706 -42.6506 11
      vertex -70.6421 -42.44 3
      vertex -70.6421 -42.44 11
    endloop
  endfacet
  facet normal 0.946915 0.321484 0
    outer loop
      vertex -70.6421 -42.44 3
      vertex -70.5706 -42.6506 11
      vertex -70.5706 -42.6506 3
    endloop
  endfacet
  facet normal -0.321484 0.946915 0
    outer loop
      vertex -68.3494 -43.5706 3
      vertex -68.56 -43.6421 11
      vertex -68.3494 -43.5706 11
    endloop
  endfacet
  facet normal -0.321484 0.946915 0
    outer loop
      vertex -68.56 -43.6421 11
      vertex -68.3494 -43.5706 3
      vertex -68.56 -43.6421 3
    endloop
  endfacet
  facet normal 0.0652057 0.997872 -0
    outer loop
      vertex -69 -43.7 3
      vertex -69.2219 -43.6855 11
      vertex -69 -43.7 11
    endloop
  endfacet
  facet normal 0.0652057 0.997872 0
    outer loop
      vertex -69.2219 -43.6855 11
      vertex -69 -43.7 3
      vertex -69.2219 -43.6855 3
    endloop
  endfacet
  facet normal 0.321484 -0.946915 0
    outer loop
      vertex -69.6506 -40.4294 3
      vertex -69.44 -40.3579 11
      vertex -69.6506 -40.4294 11
    endloop
  endfacet
  facet normal 0.321484 -0.946915 0
    outer loop
      vertex -69.44 -40.3579 11
      vertex -69.6506 -40.4294 3
      vertex -69.44 -40.3579 3
    endloop
  endfacet
  facet normal -0.946915 -0.321484 0
    outer loop
      vertex -67.3579 -41.56 3
      vertex -67.4294 -41.3494 11
      vertex -67.4294 -41.3494 3
    endloop
  endfacet
  facet normal -0.946915 -0.321484 0
    outer loop
      vertex -67.4294 -41.3494 11
      vertex -67.3579 -41.56 3
      vertex -67.3579 -41.56 11
    endloop
  endfacet
  facet normal 0.751908 -0.659268 0
    outer loop
      vertex -70.3487 -40.9651 11
      vertex -70.2021 -40.7979 3
      vertex -70.2021 -40.7979 11
    endloop
  endfacet
  facet normal 0.751908 -0.659268 0
    outer loop
      vertex -70.2021 -40.7979 3
      vertex -70.3487 -40.9651 11
      vertex -70.3487 -40.9651 3
    endloop
  endfacet
  facet normal 0.44253 0.896754 -0
    outer loop
      vertex -69.6506 -43.5706 3
      vertex -69.85 -43.4722 11
      vertex -69.6506 -43.5706 11
    endloop
  endfacet
  facet normal 0.44253 0.896754 0
    outer loop
      vertex -69.85 -43.4722 11
      vertex -69.6506 -43.5706 3
      vertex -69.85 -43.4722 3
    endloop
  endfacet
  facet normal 0.0652057 -0.997872 0
    outer loop
      vertex -69.2219 -40.3145 3
      vertex -69 -40.3 11
      vertex -69.2219 -40.3145 11
    endloop
  endfacet
  facet normal 0.0652057 -0.997872 0
    outer loop
      vertex -69 -40.3 11
      vertex -69.2219 -40.3145 3
      vertex -69 -40.3 3
    endloop
  endfacet
  facet normal -0.896754 0.44253 0
    outer loop
      vertex -67.5278 -42.85 3
      vertex -67.4294 -42.6506 11
      vertex -67.4294 -42.6506 3
    endloop
  endfacet
  facet normal -0.896754 0.44253 0
    outer loop
      vertex -67.4294 -42.6506 11
      vertex -67.5278 -42.85 3
      vertex -67.5278 -42.85 11
    endloop
  endfacet
  facet normal -0.555426 0.831566 0
    outer loop
      vertex -67.9651 -43.3487 3
      vertex -68.15 -43.4722 11
      vertex -67.9651 -43.3487 11
    endloop
  endfacet
  facet normal -0.555426 0.831566 0
    outer loop
      vertex -68.15 -43.4722 11
      vertex -67.9651 -43.3487 3
      vertex -68.15 -43.4722 3
    endloop
  endfacet
  facet normal 0.98077 0.195165 0
    outer loop
      vertex -70.6421 -42.44 11
      vertex -70.6855 -42.2219 3
      vertex -70.6855 -42.2219 11
    endloop
  endfacet
  facet normal 0.98077 0.195165 0
    outer loop
      vertex -70.6855 -42.2219 3
      vertex -70.6421 -42.44 11
      vertex -70.6421 -42.44 3
    endloop
  endfacet
  facet normal -0.195165 -0.98077 0
    outer loop
      vertex -68.7781 -40.3145 3
      vertex -68.56 -40.3579 11
      vertex -68.7781 -40.3145 11
    endloop
  endfacet
  facet normal -0.195165 -0.98077 -0
    outer loop
      vertex -68.56 -40.3579 11
      vertex -68.7781 -40.3145 3
      vertex -68.56 -40.3579 3
    endloop
  endfacet
  facet normal -0.831566 -0.555426 0
    outer loop
      vertex -67.5278 -41.15 3
      vertex -67.6513 -40.9651 11
      vertex -67.6513 -40.9651 3
    endloop
  endfacet
  facet normal -0.831566 -0.555426 0
    outer loop
      vertex -67.6513 -40.9651 11
      vertex -67.5278 -41.15 3
      vertex -67.5278 -41.15 11
    endloop
  endfacet
  facet normal -0.997872 0.0652057 0
    outer loop
      vertex -67.3145 -42.2219 3
      vertex -67.3 -42 11
      vertex -67.3 -42 3
    endloop
  endfacet
  facet normal -0.997872 0.0652057 0
    outer loop
      vertex -67.3 -42 11
      vertex -67.3145 -42.2219 3
      vertex -67.3145 -42.2219 11
    endloop
  endfacet
  facet normal -0.321484 -0.946915 0
    outer loop
      vertex -68.56 -40.3579 3
      vertex -68.3494 -40.4294 11
      vertex -68.56 -40.3579 11
    endloop
  endfacet
  facet normal -0.321484 -0.946915 -0
    outer loop
      vertex -68.3494 -40.4294 11
      vertex -68.56 -40.3579 3
      vertex -68.3494 -40.4294 3
    endloop
  endfacet
  facet normal -0.555426 -0.831566 0
    outer loop
      vertex -68.15 -40.5278 3
      vertex -67.9651 -40.6513 11
      vertex -68.15 -40.5278 11
    endloop
  endfacet
  facet normal -0.555426 -0.831566 -0
    outer loop
      vertex -67.9651 -40.6513 11
      vertex -68.15 -40.5278 3
      vertex -67.9651 -40.6513 3
    endloop
  endfacet
  facet normal 0.195165 -0.98077 0
    outer loop
      vertex -69.44 -40.3579 3
      vertex -69.2219 -40.3145 11
      vertex -69.44 -40.3579 11
    endloop
  endfacet
  facet normal 0.195165 -0.98077 0
    outer loop
      vertex -69.2219 -40.3145 11
      vertex -69.44 -40.3579 3
      vertex -69.2219 -40.3145 3
    endloop
  endfacet
  facet normal -0.659268 0.751908 0
    outer loop
      vertex -67.7979 -43.2021 3
      vertex -67.9651 -43.3487 11
      vertex -67.7979 -43.2021 11
    endloop
  endfacet
  facet normal -0.659268 0.751908 0
    outer loop
      vertex -67.9651 -43.3487 11
      vertex -67.7979 -43.2021 3
      vertex -67.9651 -43.3487 3
    endloop
  endfacet
  facet normal 0.896754 -0.44253 0
    outer loop
      vertex -70.5706 -41.3494 11
      vertex -70.4722 -41.15 3
      vertex -70.4722 -41.15 11
    endloop
  endfacet
  facet normal 0.896754 -0.44253 0
    outer loop
      vertex -70.4722 -41.15 3
      vertex -70.5706 -41.3494 11
      vertex -70.5706 -41.3494 3
    endloop
  endfacet
  facet normal -0.98077 0.195165 0
    outer loop
      vertex -67.3579 -42.44 3
      vertex -67.3145 -42.2219 11
      vertex -67.3145 -42.2219 3
    endloop
  endfacet
  facet normal -0.98077 0.195165 0
    outer loop
      vertex -67.3145 -42.2219 11
      vertex -67.3579 -42.44 3
      vertex -67.3579 -42.44 11
    endloop
  endfacet
  facet normal -0.195165 0.98077 0
    outer loop
      vertex -68.56 -43.6421 3
      vertex -68.7781 -43.6855 11
      vertex -68.56 -43.6421 11
    endloop
  endfacet
  facet normal -0.195165 0.98077 0
    outer loop
      vertex -68.7781 -43.6855 11
      vertex -68.56 -43.6421 3
      vertex -68.7781 -43.6855 3
    endloop
  endfacet
  facet normal 0.659268 0.751908 -0
    outer loop
      vertex -70.0349 -43.3487 3
      vertex -70.2021 -43.2021 11
      vertex -70.0349 -43.3487 11
    endloop
  endfacet
  facet normal 0.659268 0.751908 0
    outer loop
      vertex -70.2021 -43.2021 11
      vertex -70.0349 -43.3487 3
      vertex -70.2021 -43.2021 3
    endloop
  endfacet
  facet normal 0.751908 0.659268 0
    outer loop
      vertex -70.2021 -43.2021 11
      vertex -70.3487 -43.0349 3
      vertex -70.3487 -43.0349 11
    endloop
  endfacet
  facet normal 0.751908 0.659268 0
    outer loop
      vertex -70.3487 -43.0349 3
      vertex -70.2021 -43.2021 11
      vertex -70.2021 -43.2021 3
    endloop
  endfacet
  facet normal -0.0652057 -0.997872 0
    outer loop
      vertex -69 -40.3 3
      vertex -68.7781 -40.3145 11
      vertex -69 -40.3 11
    endloop
  endfacet
  facet normal -0.0652057 -0.997872 -0
    outer loop
      vertex -68.7781 -40.3145 11
      vertex -69 -40.3 3
      vertex -68.7781 -40.3145 3
    endloop
  endfacet
  facet normal -0.44253 -0.896754 0
    outer loop
      vertex -68.3494 -40.4294 3
      vertex -68.15 -40.5278 11
      vertex -68.3494 -40.4294 11
    endloop
  endfacet
  facet normal -0.44253 -0.896754 -0
    outer loop
      vertex -68.15 -40.5278 11
      vertex -68.3494 -40.4294 3
      vertex -68.15 -40.5278 3
    endloop
  endfacet
  facet normal -0.831566 0.555426 0
    outer loop
      vertex -67.6513 -43.0349 3
      vertex -67.5278 -42.85 11
      vertex -67.5278 -42.85 3
    endloop
  endfacet
  facet normal -0.831566 0.555426 0
    outer loop
      vertex -67.5278 -42.85 11
      vertex -67.6513 -43.0349 3
      vertex -67.6513 -43.0349 11
    endloop
  endfacet
  facet normal 0.997872 0.0652057 0
    outer loop
      vertex -70.6855 -42.2219 11
      vertex -70.7 -42 3
      vertex -70.7 -42 11
    endloop
  endfacet
  facet normal 0.997872 0.0652057 0
    outer loop
      vertex -70.7 -42 3
      vertex -70.6855 -42.2219 11
  facet normal 0 -1 -0
    outer loop
      vertex 84.6 33 11
      vertex 61.5 33 3
      vertex 84.6 33 3
    endloop
  endfacet
  facet normal 0 -1 0
    outer loop
      vertex 87 33 3
      vertex 88.5 33 11
      vertex 87 33 11
    endloop
  endfacet
  facet normal 0 -1 -0
    outer loop
      vertex 88.5 33 11
      vertex 87 33 3
      vertex 88.5 33 3
    endloop
  endfacet
  facet normal -0.98077 -0.195165 0
    outer loop
      vertex 70.6855 42.2219 3
      vertex 70.6421 42.44 11
      vertex 70.6421 42.44 3
    endloop
  endfacet
  facet normal -0.98077 -0.195165 0
    outer loop
      vertex 70.6421 42.44 11
      vertex 70.6855 42.2219 3
      vertex 70.6855 42.2219 11
    endloop
  endfacet
  facet normal -0.997872 -0.0652057 0
    outer loop
      vertex 70.7 42 3
      vertex 70.6855 42.2219 11
      vertex 70.6855 42.2219 3
    endloop
  endfacet
  facet normal -0.997872 -0.0652057 0
    outer loop
      vertex 70.6855 42.2219 11
      vertex 70.7 42 3
      vertex 70.7 42 11
    endloop
  endfacet
  facet normal -0.0652057 0.997872 0
    outer loop
      vertex 69.2219 40.3145 3
      vertex 69 40.3 11
      vertex 69.2219 40.3145 11
    endloop
  endfacet
  facet normal -0.0652057 0.997872 0
    outer loop
      vertex 69 40.3 11
      vertex 69.2219 40.3145 3
      vertex 69 40.3 3
    endloop
  endfacet
  facet normal 0.659268 -0.751908 0
    outer loop
      vertex 67.7979 43.2021 3
      vertex 67.9651 43.3487 11
      vertex 67.7979 43.2021 11
    endloop
  endfacet
  facet normal 0.659268 -0.751908 0
    outer loop
      vertex 67.9651 43.3487 11
      vertex 67.7979 43.2021 3
      vertex 67.9651 43.3487 3
    endloop
  endfacet
  facet normal 0.831566 0.555426 0
    outer loop
      vertex 67.6513 40.9651 11
      vertex 67.5278 41.15 3
      vertex 67.5278 41.15 11
    endloop
  endfacet
  facet normal 0.831566 0.555426 0
    outer loop
      vertex 67.5278 41.15 3
      vertex 67.6513 40.9651 11
      vertex 67.6513 40.9651 3
    endloop
  endfacet
  facet normal 0.195165 0.98077 -0
    outer loop
      vertex 68.7781 40.3145 3
      vertex 68.56 40.3579 11
      vertex 68.7781 40.3145 11
    endloop
  endfacet
  facet normal 0.195165 0.98077 0
    outer loop
      vertex 68.56 40.3579 11
      vertex 68.7781 40.3145 3
      vertex 68.56 40.3579 3
    endloop
  endfacet
  facet normal -0.659268 -0.751908 0
    outer loop
      vertex 70.0349 43.3487 3
      vertex 70.2021 43.2021 11
      vertex 70.0349 43.3487 11
    endloop
  endfacet
  facet normal -0.659268 -0.751908 -0
    outer loop
      vertex 70.2021 43.2021 11
      vertex 70.0349 43.3487 3
      vertex 70.2021 43.2021 3
    endloop
  endfacet
  facet normal -0.946915 0.321484 0
    outer loop
      vertex 70.5706 41.3494 3
      vertex 70.6421 41.56 11
      vertex 70.6421 41.56 3
    endloop
  endfacet
  facet normal -0.946915 0.321484 0
    outer loop
      vertex 70.6421 41.56 11
      vertex 70.5706 41.3494 3
      vertex 70.5706 41.3494 11
    endloop
  endfacet
  facet normal -0.751908 0.659268 0
    outer loop
      vertex 70.2021 40.7979 3
      vertex 70.3487 40.9651 11
      vertex 70.3487 40.9651 3
    endloop
  endfacet
  facet normal -0.751908 0.659268 0
    outer loop
      vertex 70.3487 40.9651 11
      vertex 70.2021 40.7979 3
      vertex 70.2021 40.7979 11
    endloop
  endfacet
  facet normal -0.751908 -0.659268 0
    outer loop
      vertex 70.3487 43.0349 3
      vertex 70.2021 43.2021 11
      vertex 70.2021 43.2021 3
    endloop
  endfacet
  facet normal -0.751908 -0.659268 0
    outer loop
      vertex 70.2021 43.2021 11
      vertex 70.3487 43.0349 3
      vertex 70.3487 43.0349 11
    endloop
  endfacet
  facet normal 0.946915 0.321484 0
    outer loop
      vertex 67.4294 41.3494 11
      vertex 67.3579 41.56 3
      vertex 67.3579 41.56 11
    endloop
  endfacet
  facet normal 0.946915 0.321484 0
    outer loop
      vertex 67.3579 41.56 3
      vertex 67.4294 41.3494 11
      vertex 67.4294 41.3494 3
    endloop
  endfacet
  facet normal -0.321484 0.946915 0
    outer loop
      vertex 69.6506 40.4294 3
      vertex 69.44 40.3579 11
      vertex 69.6506 40.4294 11
    endloop
  endfacet
  facet normal -0.321484 0.946915 0
    outer loop
      vertex 69.44 40.3579 11
      vertex 69.6506 40.4294 3
      vertex 69.44 40.3579 3
    endloop
  endfacet
  facet normal 0.0652057 0.997872 -0
    outer loop
      vertex 69 40.3 3
      vertex 68.7781 40.3145 11
      vertex 69 40.3 11
    endloop
  endfacet
  facet normal 0.0652057 0.997872 0
    outer loop
      vertex 68.7781 40.3145 11
      vertex 69 40.3 3
      vertex 68.7781 40.3145 3
    endloop
  endfacet
  facet normal 0.321484 -0.946915 0
    outer loop
      vertex 68.3494 43.5706 3
      vertex 68.56 43.6421 11
      vertex 68.3494 43.5706 11
    endloop
  endfacet
  facet normal 0.321484 -0.946915 0
    outer loop
      vertex 68.56 43.6421 11
      vertex 68.3494 43.5706 3
      vertex 68.56 43.6421 3
    endloop
  endfacet
  facet normal 0.751908 -0.659268 0
    outer loop
      vertex 67.6513 43.0349 11
      vertex 67.7979 43.2021 3
      vertex 67.7979 43.2021 11
    endloop
  endfacet
  facet normal 0.751908 -0.659268 0
    outer loop
      vertex 67.7979 43.2021 3
      vertex 67.6513 43.0349 11
      vertex 67.6513 43.0349 3
    endloop
  endfacet
  facet normal 0.44253 0.896754 -0
    outer loop
      vertex 68.3494 40.4294 3
      vertex 68.15 40.5278 11
      vertex 68.3494 40.4294 11
    endloop
  endfacet
  facet normal 0.44253 0.896754 0
    outer loop
      vertex 68.15 40.5278 11
      vertex 68.3494 40.4294 3
      vertex 68.15 40.5278 3
    endloop
  endfacet
  facet normal 0.0652057 -0.997872 0
    outer loop
      vertex 68.7781 43.6855 3
      vertex 69 43.7 11
      vertex 68.7781 43.6855 11
    endloop
  endfacet
  facet normal 0.0652057 -0.997872 0
    outer loop
      vertex 69 43.7 11
      vertex 68.7781 43.6855 3
      vertex 69 43.7 3
    endloop
  endfacet
  facet normal -0.896754 0.44253 0
    outer loop
      vertex 70.4722 41.15 3
      vertex 70.5706 41.3494 11
      vertex 70.5706 41.3494 3
    endloop
  endfacet
  facet normal -0.896754 0.44253 0
    outer loop
      vertex 70.5706 41.3494 11
      vertex 70.4722 41.15 3
      vertex 70.4722 41.15 11
    endloop
  endfacet
  facet normal -0.555426 0.831566 0
    outer loop
      vertex 70.0349 40.6513 3
      vertex 69.85 40.5278 11
      vertex 70.0349 40.6513 11
    endloop
  endfacet
  facet normal -0.555426 0.831566 0
    outer loop
      vertex 69.85 40.5278 11
      vertex 70.0349 40.6513 3
      vertex 69.85 40.5278 3
    endloop
  endfacet
  facet normal 0.98077 0.195165 0
    outer loop
      vertex 67.3579 41.56 11
      vertex 67.3145 41.7781 3
      vertex 67.3145 41.7781 11
    endloop
  endfacet
  facet normal 0.98077 0.195165 0
    outer loop
      vertex 67.3145 41.7781 3
      vertex 67.3579 41.56 11
      vertex 67.3579 41.56 3
    endloop
  endfacet
  facet normal 0.751908 0.659268 0
    outer loop
      vertex 67.7979 40.7979 11
      vertex 67.6513 40.9651 3
      vertex 67.6513 40.9651 11
    endloop
  endfacet
  facet normal 0.751908 0.659268 0
    outer loop
      vertex 67.6513 40.9651 3
      vertex 67.7979 40.7979 11
      vertex 67.7979 40.7979 3
    endloop
  endfacet
  facet normal -0.195165 -0.98077 0
    outer loop
      vertex 69.2219 43.6855 3
      vertex 69.44 43.6421 11
      vertex 69.2219 43.6855 11
    endloop
  endfacet
  facet normal -0.195165 -0.98077 -0
    outer loop
      vertex 69.44 43.6421 11
      vertex 69.2219 43.6855 3
      vertex 69.44 43.6421 3
    endloop
  endfacet
  facet normal -0.831566 -0.555426 0
    outer loop
      vertex 70.4722 42.85 3
      vertex 70.3487 43.0349 11
      vertex 70.3487 43.0349 3
    endloop
  endfacet
  facet normal -0.831566 -0.555426 0
    outer loop
      vertex 70.3487 43.0349 11
      vertex 70.4722 42.85 3
      vertex 70.4722 42.85 11
    endloop
  endfacet
  facet normal -0.997872 0.0652057 0
    outer loop
      vertex 70.6855 41.7781 3
      vertex 70.7 42 11
      vertex 70.7 42 3
    endloop
  endfacet
  facet normal -0.997872 0.0652057 0
    outer loop
      vertex 70.7 42 11
      vertex 70.6855 41.7781 3
      vertex 70.6855 41.7781 11
    endloop
  endfacet
  facet normal -0.321484 -0.946915 0
    outer loop
      vertex 69.44 43.6421 3
      vertex 69.6506 43.5706 11
      vertex 69.44 43.6421 11
    endloop
  endfacet
  facet normal -0.321484 -0.946915 -0
    outer loop
      vertex 69.6506 43.5706 11
      vertex 69.44 43.6421 3
      vertex 69.6506 43.5706 3
    endloop
  endfacet
  facet normal -0.555426 -0.831566 0
    outer loop
      vertex 69.85 43.4722 3
      vertex 70.0349 43.3487 11
      vertex 69.85 43.4722 11
    endloop
  endfacet
  facet normal -0.555426 -0.831566 -0
    outer loop
      vertex 70.0349 43.3487 11
      vertex 69.85 43.4722 3
      vertex 70.0349 43.3487 3
    endloop
  endfacet
  facet normal 0.195165 -0.98077 0
    outer loop
      vertex 68.56 43.6421 3
      vertex 68.7781 43.6855 11
      vertex 68.56 43.6421 11
    endloop
  endfacet
  facet normal 0.195165 -0.98077 0
    outer loop
      vertex 68.7781 43.6855 11
      vertex 68.56 43.6421 3
      vertex 68.7781 43.6855 3
    endloop
  endfacet
  facet normal -0.659268 0.751908 0
    outer loop
      vertex 70.2021 40.7979 3
      vertex 70.0349 40.6513 11
      vertex 70.2021 40.7979 11
    endloop
  endfacet
  facet normal -0.659268 0.751908 0
    outer loop
      vertex 70.0349 40.6513 11
      vertex 70.2021 40.7979 3
      vertex 70.0349 40.6513 3
    endloop
  endfacet
  facet normal 0.896754 -0.44253 0
    outer loop
      vertex 67.4294 42.6506 11
      vertex 67.5278 42.85 3
      vertex 67.5278 42.85 11
    endloop
  endfacet
  facet normal 0.896754 -0.44253 0
    outer loop
      vertex 67.5278 42.85 3
      vertex 67.4294 42.6506 11
      vertex 67.4294 42.6506 3
    endloop
  endfacet
  facet normal -0.98077 0.195165 0
    outer loop
      vertex 70.6421 41.56 3
      vertex 70.6855 41.7781 11
      vertex 70.6855 41.7781 3
    endloop
  endfacet
  facet normal -0.98077 0.195165 0
    outer loop
      vertex 70.6855 41.7781 11
      vertex 70.6421 41.56 3
      vertex 70.6421 41.56 11
    endloop
  endfacet
  facet normal -0.195165 0.98077 0
    outer loop
      vertex 69.44 40.3579 3
      vertex 69.2219 40.3145 11
      vertex 69.44 40.3579 11
    endloop
  endfacet
  facet normal -0.195165 0.98077 0
    outer loop
      vertex 69.2219 40.3145 11
      vertex 69.44 40.3579 3
      vertex 69.2219 40.3145 3
    endloop
  endfacet
  facet normal 0.659268 0.751908 -0
    outer loop
      vertex 67.9651 40.6513 3
      vertex 67.7979 40.7979 11
      vertex 67.9651 40.6513 11
    endloop
  endfacet
  facet normal 0.659268 0.751908 0
    outer loop
      vertex 67.7979 40.7979 11
      vertex 67.9651 40.6513 3
      vertex 67.7979 40.7979 3
    endloop
  endfacet
  facet normal -0.0652057 -0.997872 0
    outer loop
      vertex 69 43.7 3
      vertex 69.2219 43.6855 11
      vertex 69 43.7 11
    endloop
  endfacet
  facet normal -0.0652057 -0.997872 -0
    outer loop
      vertex 69.2219 43.6855 11
      vertex 69 43.7 3
      vertex 69.2219 43.6855 3
    endloop
  endfacet
  facet normal -0.44253 -0.896754 0
    outer loop
      vertex 69.6506 43.5706 3
      vertex 69.85 43.4722 11
      vertex 69.6506 43.5706 11
    endloop
  endfacet
  facet normal -0.44253 -0.896754 -0
    outer loop
      vertex 69.85 43.4722 11
      vertex 69.6506 43.5706 3
      vertex 69.85 43.4722 3
    endloop
  endfacet
  facet normal -0.831566 0.555426 0
    outer loop
      vertex 70.3487 40.9651 3
      vertex 70.4722 41.15 11
      vertex 70.4722 41.15 3
    endloop
  endfacet
  facet normal -0.831566 0.555426 0
    outer loop
      vertex 70.4722 41.15 11
      vertex 70.3487 40.9651 3
      vertex 70.3487 40.9651 11
    endloop
  endfacet
  facet normal 0.997872 0.0652057 0
    outer loop
      vertex 67.3145 41.7781 11
      vertex 67.3 42 3
      vertex 67.3 42 11
    endloop
  endfacet
  facet normal 0.997872 0.0652057 0
    outer loop
      vertex 67.3 42 3
      vertex 67.3145 41.7781 11
      vertex 67.3145 41.7781 3
    endloop
  endfacet
  facet normal -0.44253 0.896754 0
    outer loop
      vertex 69.85 40.5278 3
      vertex 69.6506 40.4294 11
      vertex 69.85 40.5278 11
    endloop
  endfacet
  facet normal -0.44253 0.896754 0
    outer loop
      vertex 69.6506 40.4294 11
      vertex 69.85 40.5278 3
      vertex 69.6506 40.4294 3
    endloop
  endfacet
  facet normal 0.98077 -0.195165 0
    outer loop
      vertex 67.3145 42.2219 11
      vertex 67.3579 42.44 3
      vertex 67.3579 42.44 11
    endloop
  endfacet
  facet normal 0.98077 -0.195165 0
    outer loop
      vertex 67.3579 42.44 3
      vertex 67.3145 42.2219 11
      vertex 67.3145 42.2219 3
    endloop
  endfacet
  facet normal 0.896754 0.44253 0
    outer loop
      vertex 67.5278 41.15 11
      vertex 67.4294 41.3494 3
      vertex 67.4294 41.3494 11
    endloop
  endfacet
  facet normal 0.896754 0.44253 0
    outer loop
      vertex 67.4294 41.3494 3
      vertex 67.5278 41.15 11
      vertex 67.5278 41.15 3
    endloop
  endfacet
  facet normal 0.946915 -0.321484 0
    outer loop
      vertex 67.3579 42.44 11
      vertex 67.4294 42.6506 3
      vertex 67.4294 42.6506 11
    endloop
  endfacet
  facet normal 0.946915 -0.321484 0
    outer loop
      vertex 67.4294 42.6506 3
      vertex 67.3579 42.44 11
      vertex 67.3579 42.44 3
    endloop
  endfacet
  facet normal 0.555426 -0.831566 0
    outer loop
      vertex 67.9651 43.3487 3
      vertex 68.15 43.4722 11
      vertex 67.9651 43.3487 11
    endloop
  endfacet
  facet normal 0.555426 -0.831566 0
    outer loop
      vertex 68.15 43.4722 11
      vertex 67.9651 43.3487 3
      vertex 68.15 43.4722 3
    endloop
  endfacet
  facet normal -0.896754 -0.44253 0
    outer loop
      vertex 70.5706 42.6506 3
      vertex 70.4722 42.85 11
      vertex 70.4722 42.85 3
    endloop
  endfacet
  facet normal -0.896754 -0.44253 0
    outer loop
      vertex 70.4722 42.85 11
      vertex 70.5706 42.6506 3
      vertex 70.5706 42.6506 11
    endloop
  endfacet
  facet normal -0.946915 -0.321484 0
    outer loop
      vertex 70.6421 42.44 3
      vertex 70.5706 42.6506 11
      vertex 70.5706 42.6506 3
    endloop
  endfacet
  facet normal -0.946915 -0.321484 0
    outer loop
      vertex 70.5706 42.6506 11
      vertex 70.6421 42.44 3
      vertex 70.6421 42.44 11
    endloop
  endfacet
  facet normal 0.997872 -0.0652057 0
    outer loop
      vertex 67.3 42 11
      vertex 67.3145 42.2219 3
      vertex 67.3145 42.2219 11
    endloop
  endfacet
  facet normal 0.997872 -0.0652057 0
    outer loop
      vertex 67.3145 42.2219 3
      vertex 67.3 42 11
      vertex 67.3 42 3
    endloop
  endfacet
  facet normal 0.321484 0.946915 -0
    outer loop
      vertex 68.56 40.3579 3
      vertex 68.3494 40.4294 11
      vertex 68.56 40.3579 11
    endloop
  endfacet
  facet normal 0.321484 0.946915 0
    outer loop
      vertex 68.3494 40.4294 11
      vertex 68.56 40.3579 3
      vertex 68.3494 40.4294 3
    endloop
  endfacet
  facet normal 0.44253 -0.896754 0
    outer loop
      vertex 68.15 43.4722 3
      vertex 68.3494 43.5706 11
      vertex 68.15 43.4722 11
    endloop
  endfacet
  facet normal 0.44253 -0.896754 0
    outer loop
      vertex 68.3494 43.5706 11
      vertex 68.15 43.4722 3
      vertex 68.3494 43.5706 3
    endloop
  endfacet
  facet normal 0.831566 -0.555426 0
    outer loop
      vertex 67.5278 42.85 11
      vertex 67.6513 43.0349 3
      vertex 67.6513 43.0349 11
    endloop
  endfacet
  facet normal 0.831566 -0.555426 0
    outer loop
      vertex 67.6513 43.0349 3
      vertex 67.5278 42.85 11
      vertex 67.5278 42.85 3
    endloop
  endfacet
  facet normal 0.555426 0.831566 -0
    outer loop
      vertex 68.15 40.5278 3
      vertex 67.9651 40.6513 11
      vertex 68.15 40.5278 11
    endloop
  endfacet
  facet normal 0.555426 0.831566 0
    outer loop
      vertex 67.9651 40.6513 11
      vertex 68.15 40.5278 3
      vertex 67.9651 40.6513 3
    endloop
  endfacet
endsolid OpenSCAD_Model